name,type,novel,bases,community,degree,betweenness,planet
Иван,onym,Сердце Змеи,1,214,0.005306603773584905,0.000391895598081119,Нейтр/Космос
Ефремов,onym,Сердце Змеи,1,214,0.005306603773584905,0.000391895598081119,Нейтр/Космос
Туманность,onym,Час Быка,1,214,0.003537735849056604,0.0015951492217678282,Нейтр/Космос
Андромеды,onym,Час Быка,1,214,0.0076650943396226415,0.0009820933458993895,Нейтр/Космос
Размах,onym,Туманность Андромеды,1,214,0.0029481132075471696,2.228511322629525e-05,Нейтр/Космос
Туманности,onym,Час Быка,1,214,0.005896226415094339,8.038005080426581e-05,Нейтр/Космос
Земли,onym,Сердце Змеи,1,24,0.004127358490566038,0.003861245616964435,Нейтр/Космос
Особенностью,onym,Туманность Андромеды,1,24,0.0005896226415094339,0.0,Нейтр/Космос
Глава,onym,Час Быка,1,564,0.0011792452830188679,0.0,Нейтр/Космос
Девушка,onym,Сердце Змеи,1,546,0.015919811320754717,0.003774641540587572,Нейтр/Космос
Товарищи,onym,Сердце Змеи,1,0,0.0023584905660377358,2.087159792953749e-06,Нейтр/Космос
Ужас,onym,Туманность Андромеды,1,0,0.001768867924528302,0.0,Нейтр/Космос
Эрг,onym,Туманность Андромеды,1,0,0.001768867924528302,0.0,Земля
Hoop,onym,Туманность Андромеды,1,0,0.001768867924528302,0.0,Нейтр/Космос
Альграб,onym,Туманность Андромеды,1,1,0.0,0.0,Нейтр/Космос
Б-7336-С+87-А.,onym,Туманность Андромеды,1,2,0.0,0.0,Нейтр/Космос
Земле,onym,Сердце Змеи,1,3,0.001768867924528302,9.044359102799578e-06,Нейтр/Космос
Руки,onym,Туманность Андромеды,1,4,0.0011792452830188679,0.0,Нейтр/Космос
Низа,onym,Туманность Андромеды,1,4,0.001768867924528302,3.4785996549229144e-07,Нейтр/Космос
Крит,onym,Туманность Андромеды,1,4,0.001768867924528302,3.4785996549229144e-07,Нейтр/Космос
Ноором,onym,Туманность Андромеды,1,4,0.0011792452830188679,0.0,Земля
Низы,onym,Туманность Андромеды,1,5,0.0005896226415094339,0.0,Нейтр/Космос
Успею,onym,Туманность Андромеды,1,5,0.0005896226415094339,0.0,Нейтр/Космос
Звездолет,onym,Сердце Змеи,1,290,0.001768867924528302,0.00401986976122892,Нейтр/Космос
Рисунки,onym,Туманность Андромеды,1,290,0.0011792452830188679,0.0,Нейтр/Космос
Планета,onym,Час Быка,1,290,0.001768867924528302,0.0035954806033283242,Нейтр/Космос
Эрга,onym,Туманность Андромеды,1,6,0.001768867924528302,0.0,Земля
Ноора,onym,Туманность Андромеды,1,6,0.001768867924528302,0.0,Земля
Начальник,onym,Час Быка,1,546,0.01474056603773585,0.0007042104611070645,Нейтр/Космос
Тантра,onym,Туманность Андромеды,1,6,0.001768867924528302,0.0,Нейтр/Космос
Тантру,onym,Туманность Андромеды,1,7,0.0,0.0,Нейтр/Космос
Волла,onym,Туманность Андромеды,1,8,0.001768867924528302,0.0,Нейтр/Космос
Хода,onym,Туманность Андромеды,1,8,0.001768867924528302,0.0,Нейтр/Космос
Гибель,onym,Туманность Андромеды,1,8,0.0029481132075471696,0.00018450492569711217,Нейтр/Космос
Альграба,onym,Туманность Андромеды,1,8,0.003537735849056604,0.00028417840114283965,Нейтр/Космос
Змееносца,onym,Туманность Андромеды,1,8,0.0047169811320754715,0.00037501623346505695,Нейтр/Космос
Зирда,onym,Туманность Андромеды,1,8,0.0047169811320754715,0.00037501623346505695,Нейтр/Космос
Землей,onym,Час Быка,1,8,0.005306603773584905,0.0011001187362015491,Нейтр/Космос
Кольцу,onym,Час Быка,1,8,0.0047169811320754715,0.0004689152334836089,Нейтр/Космос
Долг,onym,Туманность Андромеды,1,8,0.004127358490566038,3.2466930112613875e-06,Нейтр/Космос
Зирде,onym,Туманность Андромеды,1,8,0.004127358490566038,3.2466930112613875e-06,Нейтр/Космос
Кольца,onym,Час Быка,1,8,0.005896226415094339,0.0038945242203298654,Нейтр/Космос
Запас,onym,Туманность Андромеды,1,8,0.001768867924528302,0.0,Нейтр/Космос
К22Н-88,onym,Туманность Андромеды,1,9,0.0005896226415094339,0.0,Нейтр/Космос
Диски,onym,Туманность Андромеды,1,9,0.0005896226415094339,0.0,Нейтр/Космос
Фильтры,onym,Туманность Андромеды,1,10,0.0,0.0,Нейтр/Космос
Солнца,onym,Сердце Змеи,1,214,0.0011792452830188679,0.005284980627125265,Нейтр/Космос
Земля,onym,Сердце Змеи,1,214,0.005896226415094339,0.00514908425177593,Земля
Луна,onym,Туманность Андромеды,1,11,0.0011792452830188679,0.0,Нейтр/Космос
Тантры,onym,Туманность Андромеды,1,11,0.0011792452830188679,0.0,Нейтр/Космос
Дежурила,onym,Туманность Андромеды,1,11,0.0011792452830188679,0.0,Нейтр/Космос
Астроном,onym,Туманность Андромеды,1,12,0.001768867924528302,0.0,Нейтр/Космос
Пур,onym,Туманность Андромеды,1,12,0.001768867924528302,0.0,Нейтр/Космос
Хисс,onym,Туманность Андромеды,1,12,0.001768867924528302,0.0,Нейтр/Космос
Ряды,onym,Туманность Андромеды,1,12,0.001768867924528302,0.0,Нейтр/Космос
Зирды,onym,Туманность Андромеды,1,13,0.0,0.0,Нейтр/Космос
Станция,onym,Туманность Андромеды,1,546,0.0005896226415094339,0.0,Нейтр/Космос
Совета,onym,Час Быка,1,546,0.026533018867924526,0.00108564199440063,Нейтр/Космос
Облет,onym,Туманность Андромеды,1,546,0.0005896226415094339,0.0,Нейтр/Космос
Температура,onym,Туманность Андромеды,1,14,0.0005896226415094339,0.0,Нейтр/Космос
Астрономы,onym,Туманность Андромеды,1,14,0.0011792452830188679,2.087159792953749e-06,Нейтр/Космос
Материки,onym,Туманность Андромеды,1,14,0.0011792452830188679,2.7828797239383316e-06,Нейтр/Космос
Состав,onym,Туманность Андромеды,1,14,0.0011792452830188679,2.087159792953749e-06,Нейтр/Космос
Ионизация,onym,Туманность Андромеды,1,14,0.0005896226415094339,0.0,Нейтр/Космос
Крыло,onym,Туманность Андромеды,1,15,0.0005896226415094339,0.0,Нейтр/Космос
Заросли,onym,Туманность Андромеды,1,15,0.0005896226415094339,0.0,Нейтр/Космос
Эон,onym,Туманность Андромеды,1,16,0.0005896226415094339,0.0,Нейтр/Космос
Тал,onym,Туманность Андромеды,1,16,0.0005896226415094339,0.0,Нейтр/Космос
Столетия,onym,Туманность Андромеды,1,17,0.0,0.0,Нейтр/Космос
Совет,onym,Час Быка,1,191,0.003537735849056604,0.017765208437691325,Нейтр/Космос
Звезда,onym,Час Быка,1,191,0.0029481132075471696,0.00023515333667278903,Нейтр/Космос
Дельта,onym,Туманность Андромеды,1,191,0.0023584905660377358,0.0,Нейтр/Космос
Ворона,onym,Туманность Андромеды,1,191,0.0023584905660377358,0.0,Нейтр/Космос
Биолог,onym,Час Быка,1,546,0.027712264150943394,0.018262499902128793,Нейтр/Космос
Совету,onym,Час Быка,1,191,0.003537735849056604,0.017525301014823476,Нейтр/Космос
Альграбом,onym,Туманность Андромеды,1,18,0.0005896226415094339,0.0,Нейтр/Космос
Низу,onym,Туманность Андромеды,1,18,0.0011792452830188679,6.957199309845829e-07,Нейтр/Космос
Девочка,onym,Туманность Андромеды,1,18,0.0005896226415094339,0.0,Нейтр/Космос
Эргу,onym,Туманность Андромеды,1,19,0.0005896226415094339,0.0,Земля
Ноору,onym,Туманность Андромеды,1,19,0.0005896226415094339,0.0,Земля
Скорпионе,onym,Туманность Андромеды,1,654,0.0005896226415094339,0.0,Нейтр/Космос
Змее,onym,Туманность Андромеды,1,654,0.0011792452830188679,5.565759447876663e-06,Нейтр/Космос
Скорость,onym,Час Быка,1,654,0.0029481132075471696,1.669727834362999e-05,Нейтр/Космос
Остановка,onym,Туманность Андромеды,1,20,0.0,0.0,Нейтр/Космос
Действие,onym,Туманность Андромеды,1,21,0.0,0.0,Нейтр/Космос
Покой,onym,Туманность Андромеды,1,22,0.0,0.0,Нейтр/Космос
Низе,onym,Туманность Андромеды,1,23,0.0005896226415094339,0.0,Нейтр/Космос
Спутники,onym,Час Быка,1,23,0.0005896226415094339,0.0,Нейтр/Космос
Галактики,onym,Сердце Змеи,1,24,0.0023584905660377358,0.002080202593643903,Нейтр/Космос
Лебедя,onym,Туманность Андромеды,1,24,0.0023584905660377358,0.0007012856904324595,Нейтр/Космос
Киля,onym,Туманность Андромеды,1,24,0.001768867924528302,0.0,Нейтр/Космос
Корабля,onym,Туманность Андромеды,1,24,0.001768867924528302,0.0,Нейтр/Космос
Тантре,onym,Туманность Андромеды,1,24,0.001768867924528302,0.0,Нейтр/Космос
Сообщения,onym,Туманность Андромеды,1,25,0.0,0.0,Нейтр/Космос
Веда,onym,Туманность Андромеды,1,26,0.0005896226415094339,0.0,Земля
Конг,onym,Туманность Андромеды,1,26,0.0005896226415094339,0.0,Земля
Советом,onym,Час Быка,1,556,0.0005896226415094339,0.0,Нейтр/Космос
Землю,onym,Сердце Змеи,1,556,0.0023584905660377358,2.3654477653475818e-05,Нейтр/Космос
Ступенчатой,onym,Туманность Андромеды,1,27,0.0011792452830188679,0.0,Нейтр/Космос
Лиры,onym,Туманность Андромеды,1,27,0.0011792452830188679,0.0,Нейтр/Космос
Парус,onym,Туманность Андромеды,1,27,0.0029481132075471696,6.9571993098458285e-06,Нейтр/Космос
Целью,onym,Туманность Андромеды,1,27,0.0023584905660377358,1.3914398619691658e-06,Нейтр/Космос
Веги,onym,Туманность Андромеды,1,27,0.0023584905660377358,1.3914398619691658e-06,Нейтр/Космос
Альфы,onym,Туманность Андромеды,1,27,0.0023584905660377358,1.3914398619691658e-06,Нейтр/Космос
Вега,onym,Туманность Андромеды,1,27,0.0023584905660377358,4.174319585907498e-06,Нейтр/Космос
Причина,onym,Туманность Андромеды,1,27,0.0005896226415094339,0.0,Нейтр/Космос
Сообщение,onym,Час Быка,1,28,0.001768867924528302,1.6233465056306931e-06,Нейтр/Космос
Паруса,onym,Туманность Андромеды,1,29,0.0005896226415094339,0.0,Нейтр/Космос
Корабль,onym,Туманность Андромеды,1,29,0.0005896226415094339,0.0,Нейтр/Космос
Веге,onym,Туманность Андромеды,1,30,0.0,0.0,Нейтр/Космос
Геркулеса,onym,Сердце Змеи,1,546,0.0076650943396226415,0.007325944018754177,Нейтр/Космос
Анти,onym,Туманность Андромеды,1,31,0.0029481132075471696,0.0001241819247723682,Нейтр/Космос
Тья,onym,Туманность Андромеды,1,31,0.003537735849056604,0.0005198928088646813,Нейтр/Космос
Врачи,onym,Туманность Андромеды,1,31,0.003537735849056604,0.0005198928088646813,Нейтр/Космос
Теты,onym,Туманность Андромеды,1,31,0.0029481132075471696,1.0749331247236829e-05,Нейтр/Космос
Волка,onym,Туманность Андромеды,1,31,0.0029481132075471696,1.0749331247236829e-05,Нейтр/Космос
Солнцу,onym,Час Быка,1,31,0.003537735849056604,0.0008818556990098814,Нейтр/Космос
Экспедиция,onym,Час Быка,1,31,0.001768867924528302,0.0007248525110339996,Нейтр/Космос
Известие,onym,Туманность Андромеды,1,32,0.0011792452830188679,0.0,Нейтр/Космос
Лума,onym,Туманность Андромеды,1,32,0.001768867924528302,3.4785996549229144e-07,Нейтр/Космос
Ласви,onym,Туманность Андромеды,1,32,0.001768867924528302,3.4785996549229144e-07,Нейтр/Космос
Вспомним,onym,Туманность Андромеды,1,32,0.0011792452830188679,0.0,Нейтр/Космос
Таков,onym,Туманность Андромеды,1,71,0.0005896226415094339,0.0,Нейтр/Космос
Звездолеты,onym,Час Быка,1,71,0.0023584905660377358,1.7392998274614572e-05,Нейтр/Космос
Конструкция,onym,Туманность Андромеды,1,71,0.0005896226415094339,0.0,Нейтр/Космос
Передачи,onym,Туманность Андромеды,1,33,0.0,0.0,Нейтр/Космос
Солнцем,onym,Час Быка,1,34,0.0005896226415094339,0.0,Нейтр/Космос
Тантрой,onym,Туманность Андромеды,1,34,0.0005896226415094339,0.0,Нейтр/Космос
Пел,onym,Туманность Андромеды,1,547,0.0047169811320754715,0.0,Нейтр/Космос
Лин,onym,Туманность Андромеды,1,547,0.0047169811320754715,0.0,Нейтр/Космос
Ингрид,onym,Туманность Андромеды,1,547,0.005306603773584905,6.579522775882724e-05,Нейтр/Космос
Дитра,onym,Туманность Андромеды,1,547,0.005306603773584905,6.579522775882724e-05,Нейтр/Космос
Кэй,onym,Туманность Андромеды,1,547,0.005306603773584905,6.579522775882724e-05,Нейтр/Космос
Бэр,onym,Туманность Андромеды,1,547,0.005306603773584905,6.579522775882724e-05,Нейтр/Космос
Пела,onym,Туманность Андромеды,1,547,0.005306603773584905,6.579522775882724e-05,Нейтр/Космос
Лина,onym,Туманность Андромеды,1,547,0.005306603773584905,6.579522775882724e-05,Нейтр/Космос
Бэром,onym,Туманность Андромеды,1,547,0.005306603773584905,6.579522775882724e-05,Нейтр/Космос
Зирдой,onym,Час Быка,1,547,0.005896226415094339,0.0025226804697500976,Нейтр/Космос
Центавра,onym,Сердце Змеи,1,85,0.006485849056603773,0.0027301789391662493,Нейтр/Космос
Пелу,onym,Туманность Андромеды,1,35,0.0005896226415094339,0.0,Нейтр/Космос
Лину,onym,Туманность Андромеды,1,35,0.0005896226415094339,0.0,Нейтр/Космос
Курс,onym,Туманность Андромеды,1,36,0.0005896226415094339,0.0,Нейтр/Космос
Экраны,onym,Туманность Андромеды,1,36,0.0005896226415094339,0.0,Нейтр/Космос
Напряжение,onym,Туманность Андромеды,1,37,0.0,0.0,Нейтр/Космос
Тритона,onym,Туманность Андромеды,1,38,0.001768867924528302,0.0,Нейтр/Космос
Тритоне,onym,Туманность Андромеды,1,38,0.001768867924528302,0.0,Нейтр/Космос
Нептуна,onym,Туманность Андромеды,1,38,0.001768867924528302,0.0,Нейтр/Космос
Тритон,onym,Туманность Андромеды,1,38,0.001768867924528302,0.0,Нейтр/Космос
Тональность,onym,Туманность Андромеды,1,39,0.0005896226415094339,0.0,Нейтр/Космос
Бэра,onym,Туманность Андромеды,1,39,0.0005896226415094339,0.0,Нейтр/Космос
Астронавигатор,onym,Сердце Змеи,1,546,0.02122641509433962,0.013198952910794554,Нейтр/Космос
Судьба,onym,Туманность Андромеды,1,546,0.0005896226415094339,0.0,Нейтр/Космос
Звонок,onym,Туманность Андромеды,1,40,0.0,0.0,Нейтр/Космос
Поле,onym,Туманность Андромеды,1,41,0.0,0.0,Нейтр/Космос
Удары,onym,Туманность Андромеды,1,42,0.0011792452830188679,0.0,Нейтр/Космос
Раскачивание,onym,Туманность Андромеды,1,42,0.0011792452830188679,0.0,Нейтр/Космос
Стерженьки,onym,Туманность Андромеды,1,42,0.0011792452830188679,0.0,Нейтр/Космос
Кчастиц[4,onym,Туманность Андромеды,1,43,0.0,0.0,Нейтр/Космос
Взгляд,onym,Час Быка,1,44,0.003537735849056604,0.00023515333667278903,Нейтр/Космос
Эпсилон,onym,Сердце Змеи,1,44,0.0047169811320754715,0.012769800189235824,Нейтр/Космос
Тукана,onym,Туманность Андромеды,1,44,0.003537735849056604,5.565759447876663e-07,Нейтр/Космос
Заведующий,onym,Туманность Андромеды,1,44,0.003537735849056604,5.565759447876663e-07,Нейтр/Космос
Дар,onym,Туманность Андромеды,1,44,0.004127358490566038,0.004469861412589761,Нейтр/Космос
Ветер,onym,Час Быка,1,44,0.004127358490566038,0.004469861412589761,Нейтр/Космос
Дороги,onym,Час Быка,1,44,0.004127358490566038,0.004520788111537833,Нейтр/Космос
Утром,onym,Туманность Андромеды,1,44,0.003537735849056604,0.013906049980519843,Нейтр/Космос
Мвен,onym,Туманность Андромеды,1,44,0.001768867924528302,0.0,Земля
Мас,onym,Туманность Андромеды,1,44,0.001768867924528302,0.0,Земля
Звездоплавания,onym,Час Быка,1,44,0.005896226415094339,0.015350364557243836,Нейтр/Космос
Эвда,onym,Туманность Андромеды,1,45,0.0005896226415094339,0.0,Нейтр/Космос
Наль,onym,Туманность Андромеды,1,45,0.0005896226415094339,0.0,Нейтр/Космос
Веды,onym,Туманность Андромеды,1,46,0.0011792452830188679,0.0,Нейтр/Космос
Вектор,onym,Туманность Андромеды,1,46,0.0011792452830188679,0.0,Нейтр/Космос
Поворотом,onym,Туманность Андромеды,1,46,0.0029481132075471696,4.174319585907498e-06,Нейтр/Космос
Циферблат,onym,Туманность Андромеды,1,46,0.001768867924528302,0.0,Нейтр/Космос
Ветра,onym,Туманность Андромеды,1,46,0.001768867924528302,0.0,Нейтр/Космос
Передача,onym,Туманность Андромеды,1,46,0.001768867924528302,0.0,Нейтр/Космос
Прибор,onym,Туманность Андромеды,1,47,0.0,0.0,Нейтр/Космос
Помощник,onym,Сердце Змеи,1,48,0.0,0.0,Нейтр/Космос
Экран,onym,Час Быка,1,49,0.0005896226415094339,0.0,Нейтр/Космос
Женщина,onym,Час Быка,1,50,0.001768867924528302,2.7828797239383316e-06,Нейтр/Космос
Ухо,onym,Туманность Андромеды,1,50,0.0011792452830188679,0.0,Нейтр/Космос
Храбрая,onym,Туманность Андромеды,1,50,0.0011792452830188679,0.0,Нейтр/Космос
Черты,onym,Туманность Андромеды,1,51,0.0,0.0,Нейтр/Космос
Эры,onym,Час Быка,1,52,0.0029481132075471696,3.3858369974583034e-05,Нейтр/Космос
Вселенной,onym,Сердце Змеи,1,52,0.0023584905660377358,3.130739689430623e-05,Нейтр/Космос
Созвездие,onym,Туманность Андромеды,1,52,0.001768867924528302,0.0,Нейтр/Космос
Единорога,onym,Туманность Андромеды,1,52,0.001768867924528302,0.0,Нейтр/Космос
Росс,onym,Туманность Андромеды,1,52,0.0029481132075471696,1.669727834362999e-05,Нейтр/Космос
Юнием,onym,Туманность Андромеды,1,52,0.0011792452830188679,0.0,Нейтр/Космос
Антом,onym,Туманность Андромеды,1,52,0.0011792452830188679,0.0,Нейтр/Космос
Лампы,onym,Туманность Андромеды,1,53,0.0,0.0,Нейтр/Космос
Лекцию,onym,Туманность Андромеды,1,54,0.0,0.0,Нейтр/Космос
Ант,onym,Туманность Андромеды,1,55,0.0011792452830188679,0.0,Нейтр/Космос
Мвену,onym,Туманность Андромеды,1,55,0.0011792452830188679,0.0,Земля
Масу,onym,Туманность Андромеды,1,55,0.0011792452830188679,0.0,Земля
Хотела,onym,Туманность Андромеды,1,56,0.0,0.0,Нейтр/Космос
Прием,onym,Туманность Андромеды,1,57,0.0,0.0,Нейтр/Космос
Венеры,onym,Сердце Змеи,1,85,0.005306603773584905,7.768872562661176e-06,Нейтр/Космос
Ветру,onym,Туманность Андромеды,1,58,0.0005896226415094339,0.0,Нейтр/Космос
Друзья,onym,Туманность Андромеды,1,58,0.0005896226415094339,0.0,Нейтр/Космос
Пора,onym,Сердце Змеи,1,72,0.0023584905660377358,1.0435798964768744e-05,Нейтр/Космос
Кольцо,onym,Час Быка,1,72,0.0023584905660377358,1.3914398619691657e-05,Нейтр/Космос
Веду,onym,Туманность Андромеды,1,72,0.0011792452830188679,0.0,Нейтр/Космос
Мвена,onym,Туманность Андромеды,1,59,0.0005896226415094339,0.0,Земля
Маса,onym,Туманность Андромеды,1,59,0.0005896226415094339,0.0,Земля
Представители,onym,Туманность Андромеды,1,60,0.0,0.0,Нейтр/Космос
Звон,onym,Туманность Андромеды,1,61,0.0005896226415094339,0.0,Нейтр/Космос
Стена,onym,Туманность Андромеды,1,61,0.001768867924528302,1.3914398619691658e-06,Нейтр/Космос
Африки,onym,Туманность Андромеды,1,61,0.0011792452830188679,0.0,Нейтр/Космос
Кению,onym,Туманность Андромеды,1,61,0.0011792452830188679,0.0,Нейтр/Космос
Кения,onym,Туманность Андромеды,1,62,0.0005896226415094339,0.0,Нейтр/Космос
Африке,onym,Туманность Андромеды,1,62,0.0005896226415094339,0.0,Нейтр/Космос
Гур,onym,Туманность Андромеды,1,63,0.0005896226415094339,0.0,Нейтр/Космос
Ган,onym,Туманность Андромеды,1,63,0.0005896226415094339,0.0,Нейтр/Космос
Мира,onym,Час Быка,1,52,0.0029481132075471696,2.3422571009814295e-05,Нейтр/Космос
Капитализма,onym,Туманность Андромеды,1,52,0.0011792452830188679,1.669727834362999e-05,Нейтр/Космос
Развитие,onym,Сердце Змеи,1,52,0.0011792452830188679,9.044359102799578e-06,Нейтр/Космос
Расщепления,onym,Туманность Андромеды,1,52,0.0005896226415094339,0.0,Нейтр/Космос
Борьба,onym,Туманность Андромеды,1,64,0.0005896226415094339,0.0,Нейтр/Космос
Открытие,onym,Туманность Андромеды,1,64,0.0011792452830188679,1.3914398619691658e-06,Нейтр/Космос
Переустройство,onym,Туманность Андромеды,1,64,0.0011792452830188679,1.3914398619691658e-06,Нейтр/Космос
Искоренение,onym,Туманность Андромеды,1,64,0.0005896226415094339,0.0,Нейтр/Космос
Эра,onym,Час Быка,1,65,0.005306603773584905,7.652919240830411e-06,Нейтр/Космос
Воссоединения,onym,Час Быка,1,65,0.005896226415094339,1.3914398619691657e-05,Нейтр/Космос
Союза,onym,Туманность Андромеды,1,65,0.005306603773584905,4.969428078461306e-07,Нейтр/Космос
Стран,onym,Туманность Андромеды,1,65,0.005306603773584905,4.969428078461306e-07,Нейтр/Космос
Языков,onym,Туманность Андромеды,1,65,0.005306603773584905,4.969428078461306e-07,Нейтр/Космос
Борьбы,onym,Туманность Андромеды,1,65,0.005306603773584905,4.969428078461306e-07,Нейтр/Космос
Энергию,onym,Туманность Андромеды,1,65,0.005306603773584905,4.969428078461306e-07,Нейтр/Космос
Языка,onym,Туманность Андромеды,1,65,0.005306603773584905,4.969428078461306e-07,Нейтр/Космос
Власть,onym,Туманность Андромеды,1,65,0.005306603773584905,4.969428078461306e-07,Нейтр/Космос
Писатели,onym,Туманность Андромеды,1,65,0.004127358490566038,0.0,Нейтр/Космос
Труд,onym,Туманность Андромеды,1,66,0.0,0.0,Нейтр/Космос
Искусство,onym,Туманность Андромеды,1,67,0.004127358490566038,0.0,Нейтр/Космос
Труда,onym,Туманность Андромеды,1,67,0.004127358490566038,0.0,Нейтр/Космос
Упрощения,onym,Туманность Андромеды,1,67,0.0047169811320754715,7.699300569562801e-05,Нейтр/Космос
Вещей,onym,Туманность Андромеды,1,67,0.0047169811320754715,7.699300569562801e-05,Нейтр/Космос
Переустройства,onym,Туманность Андромеды,1,67,0.0047169811320754715,7.699300569562801e-05,Нейтр/Космос
Изобилия,onym,Туманность Андромеды,1,67,0.0047169811320754715,7.699300569562801e-05,Нейтр/Космос
Космоса,onym,Туманность Андромеды,1,67,0.0047169811320754715,7.699300569562801e-05,Нейтр/Космос
Изобретение,onym,Туманность Андромеды,1,67,0.0047169811320754715,7.699300569562801e-05,Нейтр/Космос
Техника,onym,Туманность Андромеды,1,67,0.004127358490566038,0.0018422663772471755,Нейтр/Космос
Человек,onym,Час Быка,1,85,0.0029481132075471696,0.002066288195024211,Нейтр/Космос
Человечество,onym,Сердце Змеи,1,556,0.0023584905660377358,1.2522958757722492e-05,Нейтр/Космос
Пределов,onym,Туманность Андромеды,1,68,0.0,0.0,Нейтр/Космос
Дорога,onym,Туманность Андромеды,1,69,0.0011792452830188679,0.0,Нейтр/Космос
Дороге,onym,Туманность Андромеды,1,69,0.0011792452830188679,0.0,Нейтр/Космос
Сотни,onym,Туманность Андромеды,1,69,0.0011792452830188679,0.0,Нейтр/Космос
Вода,onym,Туманность Андромеды,1,70,0.0,0.0,Нейтр/Космос
Антарктиду,onym,Туманность Андромеды,1,24,0.001768867924528302,0.0,Нейтр/Космос
Дорогу,onym,Туманность Андромеды,1,24,0.001768867924528302,0.0,Нейтр/Космос
Азии,onym,Час Быка,1,24,0.0029481132075471696,0.0007012856904324595,Нейтр/Космос
Возможности,onym,Туманность Андромеды,1,24,0.001768867924528302,0.0,Нейтр/Космос
Эру,onym,Час Быка,1,71,0.003537735849056604,1.669727834362999e-05,Нейтр/Космос
Академией,onym,Туманность Андромеды,1,71,0.0011792452830188679,0.0,Нейтр/Космос
Излучений,onym,Туманность Андромеды,1,71,0.0011792452830188679,0.0,Нейтр/Космос
Ученый,onym,Час Быка,1,72,0.0011792452830188679,0.0,Нейтр/Космос
Кам,onym,Час Быка,1,72,0.0029481132075471696,1.1479378861245618e-05,Нейтр/Космос
Амат,onym,Туманность Андромеды,1,72,0.0011792452830188679,0.0,Нейтр/Космос
Надпись,onym,Час Быка,1,73,0.0029481132075471696,2.7828797239383316e-06,Нейтр/Космос
Каму,onym,Туманность Андромеды,1,73,0.0023584905660377358,0.0,Нейтр/Космос
Амату,onym,Туманность Андромеды,1,73,0.0023584905660377358,0.0,Нейтр/Космос
Привет,onym,Туманность Андромеды,1,73,0.0023584905660377358,0.0,Нейтр/Космос
Язык,onym,Час Быка,1,73,0.0023584905660377358,0.0,Нейтр/Космос
Денеба,onym,Туманность Андромеды,1,74,0.0005896226415094339,0.0,Нейтр/Космос
Лебеде,onym,Час Быка,1,74,0.0011792452830188679,6.957199309845829e-07,Нейтр/Космос
Академию,onym,Час Быка,1,327,0.0029481132075471696,5.6651480094458885e-06,Нейтр/Космос
Знания,onym,Туманность Андромеды,1,327,0.0005896226415094339,0.0,Нейтр/Космос
Кольце,onym,Час Быка,1,71,0.003537735849056604,1.5537745125322355e-05,Нейтр/Космос
Голос,onym,Туманность Андромеды,1,71,0.0005896226415094339,0.0,Нейтр/Космос
Луч,onym,Туманность Андромеды,1,75,0.0,0.0,Нейтр/Космос
Заф,onym,Туманность Андромеды,1,76,0.0005896226415094339,0.0,Нейтр/Космос
Фтет,onym,Туманность Андромеды,1,76,0.0005896226415094339,0.0,Нейтр/Космос
Юпитера,onym,Сердце Змеи,1,85,0.0076650943396226415,0.01119233641305356,Нейтр/Космос
Сатурна,onym,Час Быка,1,85,0.0023584905660377358,0.0004689152334836089,Нейтр/Космос
Солнце,onym,Сердце Змеи,1,85,0.003537735849056604,0.012371987532698837,Нейтр/Космос
Веде,onym,Туманность Андромеды,1,77,0.0,0.0,Нейтр/Космос
Юний,onym,Туманность Андромеды,1,78,0.0,0.0,Нейтр/Космос
Академии,onym,Туманность Андромеды,1,79,0.0,0.0,Нейтр/Космос
Зрелище,onym,Туманность Андромеды,1,80,0.0,0.0,Нейтр/Космос
Отблески,onym,Туманность Андромеды,1,81,0.0005896226415094339,0.0,Нейтр/Космос
Волны,onym,Туманность Андромеды,1,81,0.0005896226415094339,0.0,Нейтр/Космос
Внимание,onym,Туманность Андромеды,1,545,0.0005896226415094339,0.0,Нейтр/Космос
Америки,onym,Час Быка,1,545,0.001768867924528302,1.3914398619691658e-06,Нейтр/Космос
Юнию,onym,Туманность Андромеды,1,82,0.0011792452830188679,0.0,Нейтр/Космос
Анту,onym,Туманность Андромеды,1,82,0.0011792452830188679,0.0,Нейтр/Космос
Цепь,onym,Туманность Андромеды,1,82,0.0011792452830188679,0.0,Нейтр/Космос
Изображение,onym,Час Быка,1,50,0.0005896226415094339,0.0,Нейтр/Космос
Мужчина,onym,Час Быка,1,50,0.0011792452830188679,2.087159792953749e-06,Нейтр/Космос
Люди,onym,Сердце Змеи,1,24,0.0011792452830188679,0.0,Нейтр/Космос
Танец,onym,Туманность Андромеды,1,83,0.0005896226415094339,0.0,Нейтр/Космос
Потолка,onym,Туманность Андромеды,1,83,0.0011792452830188679,6.957199309845829e-07,Нейтр/Космос
Сочетание,onym,Час Быка,1,83,0.0005896226415094339,0.0,Нейтр/Космос
Эридана,onym,Сердце Змеи,1,85,0.006485849056603773,0.00023532726665553516,Нейтр/Космос
Система,onym,Туманность Андромеды,1,85,0.0005896226415094339,0.0,Нейтр/Космос
Губы,onym,Туманность Андромеды,1,84,0.0,0.0,Нейтр/Космос
Выключение,onym,Туманность Андромеды,1,85,0.0005896226415094339,0.0,Нейтр/Космос
Часть,onym,Час Быка,1,85,0.003537735849056604,0.002517114710302221,Нейтр/Космос
Институт,onym,Туманность Андромеды,1,85,0.0029481132075471696,2.087159792953749e-06,Нейтр/Космос
Неба,onym,Час Быка,1,85,0.005306603773584905,0.002950548227305616,Нейтр/Космос
Юния,onym,Туманность Андромеды,1,85,0.004127358490566038,0.0023746080777722117,Нейтр/Космос
Анта,onym,Туманность Андромеды,1,85,0.004127358490566038,0.0023746080777722117,Нейтр/Космос
Грезой,onym,Туманность Андромеды,1,85,0.003537735849056604,0.0010784818463479343,Нейтр/Космос
Луны,onym,Сердце Змеи,1,85,0.003537735849056604,0.002963766905994323,Нейтр/Космос
Марса,onym,Сердце Змеи,1,85,0.008254716981132075,0.003464859186285969,Нейтр/Космос
Излишества,onym,Туманность Андромеды,1,86,0.0,0.0,Нейтр/Космос
Гомо,onym,Туманность Андромеды,1,87,0.0005896226415094339,0.0,Нейтр/Космос
Человеком,onym,Туманность Андромеды,1,87,0.0005896226415094339,0.0,Нейтр/Космос
Право,onym,Туманность Андромеды,1,88,0.0005896226415094339,0.0,Нейтр/Космос
Лицо,onym,Туманность Андромеды,1,88,0.0005896226415094339,0.0,Нейтр/Космос
Склон,onym,Туманность Андромеды,1,89,0.0005896226415094339,0.0,Нейтр/Космос
Цепочка,onym,Туманность Андромеды,1,89,0.0011792452830188679,6.957199309845829e-07,Нейтр/Космос
Рассвет,onym,Туманность Андромеды,1,89,0.0005896226415094339,0.0,Нейтр/Космос
Эллады,onym,Туманность Андромеды,1,24,0.001768867924528302,0.0,Нейтр/Космос
Тибете,onym,Туманность Андромеды,1,24,0.0023584905660377358,2.319066436615276e-07,Нейтр/Космос
Нахэбта,onym,Туманность Андромеды,1,24,0.0023584905660377358,2.319066436615276e-07,Нейтр/Космос
Америке,onym,Час Быка,1,24,0.003537735849056604,0.0009324966141630026,Нейтр/Космос
Австралии,onym,Туманность Андромеды,1,24,0.001768867924528302,0.0,Нейтр/Космос
Африканец,onym,Туманность Андромеды,1,90,0.0,0.0,Нейтр/Космос
Сова,onym,Туманность Андромеды,1,91,0.0,0.0,Нейтр/Космос
Горючего,onym,Туманность Андромеды,1,92,0.0,0.0,Нейтр/Космос
Ход,onym,Туманность Андромеды,1,93,0.0,0.0,Нейтр/Космос
Лет,onym,Туманность Андромеды,1,94,0.0,0.0,Нейтр/Космос
Щеки,onym,Туманность Андромеды,1,556,0.001768867924528302,0.0,Нейтр/Космос
Девушке,onym,Туманность Андромеды,1,556,0.001768867924528302,0.0,Нейтр/Космос
Число,onym,Час Быка,1,556,0.0029481132075471696,2.5045917515444983e-05,Нейтр/Космос
Замедление,onym,Туманность Андромеды,1,556,0.001768867924528302,0.0,Нейтр/Космос
Страх,onym,Час Быка,1,95,0.0,0.0,Нейтр/Космос
Осуждение,onym,Туманность Андромеды,1,96,0.0,0.0,Нейтр/Космос
Планеты,onym,Туманность Андромеды,1,97,0.0,0.0,Нейтр/Космос
Исследователи,onym,Туманность Андромеды,1,98,0.0,0.0,Нейтр/Космос
Юпитер,onym,Туманность Андромеды,1,99,0.001768867924528302,0.0,Нейтр/Космос
Сатурн,onym,Туманность Андромеды,1,99,0.001768867924528302,0.0,Нейтр/Космос
Уран,onym,Туманность Андромеды,1,99,0.001768867924528302,0.0,Нейтр/Космос
Нептун,onym,Туманность Андромеды,1,99,0.001768867924528302,0.0,Нейтр/Космос
Медведицы,onym,Туманность Андромеды,1,100,0.0005896226415094339,0.0,Нейтр/Космос
Птицы,onym,Туманность Андромеды,1,100,0.0005896226415094339,0.0,Нейтр/Космос
Кельвина,onym,Туманность Андромеды,1,101,0.001768867924528302,0.0,Нейтр/Космос
Вращение,onym,Туманность Андромеды,1,101,0.001768867924528302,0.0,Нейтр/Космос
Локаторы,onym,Туманность Андромеды,1,101,0.001768867924528302,0.0,Нейтр/Космос
Толщина,onym,Туманность Андромеды,1,101,0.0023584905660377358,8.348639171814996e-06,Нейтр/Космос
Сила,onym,Туманность Андромеды,1,101,0.0011792452830188679,8.348639171814996e-06,Нейтр/Космос
Рев,onym,Туманность Андромеды,1,101,0.0011792452830188679,6.9571993098458285e-06,Нейтр/Космос
Экипажу,onym,Туманность Андромеды,1,101,0.0011792452830188679,4.174319585907498e-06,Нейтр/Космос
Пристанище,onym,Туманность Андромеды,1,101,0.0005896226415094339,0.0,Нейтр/Космос
Сотрудники,onym,Туманность Андромеды,1,102,0.0,0.0,Нейтр/Космос
Бина,onym,Туманность Андромеды,1,103,0.0005896226415094339,0.0,Нейтр/Космос
Лед,onym,Туманность Андромеды,1,103,0.0005896226415094339,0.0,Нейтр/Космос
Свисток,onym,Туманность Андромеды,1,104,0.0005896226415094339,0.0,Нейтр/Космос
Металл,onym,Час Быка,1,104,0.001768867924528302,2.087159792953749e-06,Нейтр/Космос
Фантастика,onym,Туманность Андромеды,1,104,0.0005896226415094339,0.0,Нейтр/Космос
План,onym,Туманность Андромеды,1,105,0.0,0.0,Нейтр/Космос
Хисса,onym,Туманность Андромеды,1,106,0.0,0.0,Нейтр/Космос
Риск,onym,Туманность Андромеды,1,107,0.0,0.0,Нейтр/Космос
Пальцы,onym,Туманность Андромеды,1,108,0.0,0.0,Нейтр/Космос
Вой,onym,Туманность Андромеды,1,109,0.0,0.0,Нейтр/Космос
Марсе,onym,Туманность Андромеды,1,110,0.0,0.0,Нейтр/Космос
Покрытие,onym,Туманность Андромеды,1,24,0.0005896226415094339,0.0,Нейтр/Космос
Лучи,onym,Туманность Андромеды,1,24,0.0011792452830188679,0.00023515333667278898,Нейтр/Космос
Диск,onym,Сердце Змеи,1,24,0.0029481132075471696,0.0009189293874643621,Нейтр/Космос
Пол,onym,Туманность Андромеды,1,111,0.0005896226415094339,0.0,Нейтр/Космос
Толчок,onym,Туманность Андромеды,1,111,0.0011792452830188679,1.3914398619691658e-06,Нейтр/Космос
Посадка,onym,Туманность Андромеды,1,111,0.0011792452830188679,1.3914398619691658e-06,Нейтр/Космос
Годен,onym,Туманность Андромеды,1,111,0.0005896226415094339,0.0,Нейтр/Космос
Идемте,onym,Час Быка,1,112,0.0,0.0,Нейтр/Космос
Давление,onym,Туманность Андромеды,1,113,0.0005896226415094339,0.0,Нейтр/Космос
Дверь,onym,Час Быка,1,113,0.0011792452830188679,2.087159792953749e-06,Нейтр/Космос
Скопище,onym,Туманность Андромеды,1,114,0.0,0.0,Нейтр/Космос
Мир,onym,Час Быка,1,561,0.0005896226415094339,0.0,Нейтр/Космос
Группа,onym,Туманность Андромеды,1,115,0.0005896226415094339,0.0,Нейтр/Космос
Освещение,onym,Туманность Андромеды,1,115,0.0005896226415094339,0.0,Нейтр/Космос
Осмотр,onym,Туманность Андромеды,1,116,0.0,0.0,Нейтр/Космос
Бины,onym,Туманность Андромеды,1,117,0.0,0.0,Нейтр/Космос
Вегу,onym,Туманность Андромеды,1,118,0.0005896226415094339,0.0,Нейтр/Космос
Пробоину,onym,Туманность Андромеды,1,118,0.0005896226415094339,0.0,Нейтр/Космос
Экипаж,onym,Сердце Змеи,1,546,0.012971698113207546,0.0009358283719511619,Нейтр/Космос
Исследование,onym,Час Быка,1,546,0.0005896226415094339,0.0,Нейтр/Космос
Лаик,onym,Туманность Андромеды,1,119,0.0023584905660377358,0.0,Нейтр/Космос
Механик,onym,Сердце Змеи,1,119,0.0047169811320754715,0.0017312990482551344,Нейтр/Космос
Сах,onym,Туманность Андромеды,1,119,0.0023584905660377358,0.0,Нейтр/Космос
Ктон,onym,Туманность Андромеды,1,119,0.0023584905660377358,0.0,Нейтр/Космос
Лента,onym,Туманность Андромеды,1,119,0.0029481132075471696,0.0007012856904324595,Нейтр/Космос
Братья,onym,Туманность Андромеды,1,119,0.001768867924528302,0.0004689152334836089,Нейтр/Космос
Ктона,onym,Туманность Андромеды,1,119,0.0011792452830188679,0.0,Нейтр/Космос
Щелчок,onym,Туманность Андромеды,1,119,0.0011792452830188679,0.0,Нейтр/Космос
Зон,onym,Туманность Андромеды,1,120,0.0005896226415094339,0.0,Нейтр/Космос
Протянем,onym,Туманность Андромеды,1,120,0.0023584905660377358,0.00023515333667278898,Нейтр/Космос
Парусом,onym,Туманность Андромеды,1,120,0.0029481132075471696,9.276265746461104e-07,Нейтр/Космос
Голова,onym,Туманность Андромеды,1,120,0.0029481132075471696,9.276265746461104e-07,Нейтр/Космос
Врач,onym,Сердце Змеи,1,546,0.03125,0.0021202360915173776,Нейтр/Космос
Сотрясение,onym,Туманность Андромеды,1,120,0.0029481132075471696,4.638132873230552e-07,Нейтр/Космос
Бину,onym,Туманность Андромеды,1,120,0.0029481132075471696,4.638132873230552e-07,Нейтр/Космос
Тарон,onym,Туманность Андромеды,1,120,0.001768867924528302,0.0,Нейтр/Космос
Погрузка,onym,Туманность Андромеды,1,121,0.0,0.0,Нейтр/Космос
Ослабели,onym,Туманность Андромеды,1,122,0.0,0.0,Нейтр/Космос
Охлаждение,onym,Туманность Андромеды,1,123,0.0005896226415094339,0.0,Нейтр/Космос
Работы,onym,Туманность Андромеды,1,123,0.0011792452830188679,6.957199309845829e-07,Нейтр/Космос
Ураган,onym,Туманность Андромеды,1,123,0.0005896226415094339,0.0,Нейтр/Космос
Ток,onym,Туманность Андромеды,1,124,0.0,0.0,Нейтр/Космос
Пойдемте,onym,Сердце Змеи,1,119,0.0029481132075471696,0.0003495992653197529,Нейтр/Космос
Эона,onym,Туманность Андромеды,1,119,0.0005896226415094339,0.0,Нейтр/Космос
Почва,onym,Туманность Андромеды,1,125,0.0,0.0,Нейтр/Космос
Время,onym,Час Быка,1,8,0.0005896226415094339,0.0,Нейтр/Космос
Наблюдатели,onym,Час Быка,1,8,0.001768867924528302,0.00023515333667278903,Нейтр/Космос
Галактике,onym,Сердце Змеи,1,126,0.0005896226415094339,0.0,Нейтр/Космос
Парусе,onym,Туманность Андромеды,1,127,0.0005896226415094339,0.0,Нейтр/Космос
Телефон,onym,Туманность Андромеды,1,127,0.0005896226415094339,0.0,Нейтр/Космос
Мрак,onym,Туманность Андромеды,1,128,0.0005896226415094339,0.0,Нейтр/Космос
Огоньки,onym,Туманность Андромеды,1,128,0.0011792452830188679,6.957199309845829e-07,Нейтр/Космос
Звездочки,onym,Туманность Андромеды,1,128,0.0005896226415094339,0.0,Нейтр/Космос
Башенка,onym,Туманность Андромеды,1,129,0.0,0.0,Нейтр/Космос
Реакция,onym,Туманность Андромеды,1,130,0.0,0.0,Нейтр/Космос
Видов,onym,Туманность Андромеды,1,131,0.0,0.0,Нейтр/Космос
Существо,onym,Туманность Андромеды,1,132,0.0,0.0,Нейтр/Космос
Буря,onym,Туманность Андромеды,1,133,0.0,0.0,Нейтр/Космос
Защита,onym,Туманность Андромеды,1,134,0.0011792452830188679,0.0,Нейтр/Космос
Ценой,onym,Туманность Андромеды,1,134,0.0011792452830188679,0.0,Нейтр/Космос
Микрофоны,onym,Туманность Андромеды,1,134,0.0029481132075471696,9.740079033784161e-06,Нейтр/Космос
Фильм,onym,Туманность Андромеды,1,134,0.0023584905660377358,6.957199309845829e-07,Нейтр/Космос
Шли,onym,Туманность Андромеды,1,134,0.0029481132075471696,4.522179551399789e-06,Нейтр/Космос
Посейдона,onym,Туманность Андромеды,1,134,0.0029481132075471696,4.522179551399789e-06,Нейтр/Космос
Прыжки,onym,Туманность Андромеды,1,134,0.0023584905660377358,6.957199309845828e-07,Нейтр/Космос
Тысячи,onym,Час Быка,1,134,0.0029481132075471696,9.740079033784161e-06,Нейтр/Космос
Кровь,onym,Туманность Андромеды,1,135,0.0,0.0,Нейтр/Космос
Нажим,onym,Туманность Андромеды,1,136,0.0,0.0,Нейтр/Космос
Краны,onym,Туманность Андромеды,1,137,0.0005896226415094339,0.0,Нейтр/Космос
Победа,onym,Туманность Андромеды,1,137,0.0011792452830188679,6.957199309845829e-07,Нейтр/Космос
Спиралодиск,onym,Туманность Андромеды,1,137,0.0005896226415094339,0.0,Нейтр/Космос
Парусу,onym,Туманность Андромеды,1,138,0.0,0.0,Нейтр/Космос
Крик,onym,Туманность Андромеды,1,139,0.0,0.0,Нейтр/Космос
Основание,onym,Туманность Андромеды,1,140,0.0,0.0,Нейтр/Космос
Низой,onym,Туманность Андромеды,1,141,0.0011792452830188679,0.0,Нейтр/Космос
Признаков,onym,Туманность Андромеды,1,141,0.001768867924528302,3.4785996549229144e-07,Нейтр/Космос
Чудовище,onym,Туманность Андромеды,1,141,0.001768867924528302,3.4785996549229144e-07,Нейтр/Космос
Луме,onym,Туманность Андромеды,1,141,0.0011792452830188679,0.0,Нейтр/Космос
Пушку,onym,Туманность Андромеды,1,113,0.0005896226415094339,0.0,Нейтр/Космос
Робот,onym,Час Быка,1,113,0.001768867924528302,3.4785996549229142e-06,Нейтр/Космос
Куски,onym,Туманность Андромеды,1,113,0.0005896226415094339,0.0,Нейтр/Космос
Разрез,onym,Туманность Андромеды,1,142,0.0,0.0,Нейтр/Космос
Взрыв,onym,Туманность Андромеды,1,143,0.0,0.0,Нейтр/Космос
Катастрофа,onym,Туманность Андромеды,1,144,0.0005896226415094339,0.0,Нейтр/Космос
Река,onym,Туманность Андромеды,1,144,0.0005896226415094339,0.0,Нейтр/Космос
Окном,onym,Туманность Андромеды,1,145,0.0,0.0,Нейтр/Космос
Ковыль,onym,Туманность Андромеды,1,146,0.0,0.0,Нейтр/Космос
Полоска,onym,Туманность Андромеды,1,147,0.0011792452830188679,0.0,Нейтр/Космос
Иртыша,onym,Туманность Андромеды,1,147,0.0011792452830188679,0.0,Нейтр/Космос
Обью,onym,Туманность Андромеды,1,147,0.0011792452830188679,0.0,Нейтр/Космос
Винтолет,onym,Туманность Андромеды,1,148,0.0,0.0,Нейтр/Космос
Ведой,onym,Туманность Андромеды,1,149,0.0,0.0,Нейтр/Космос
Господин,onym,Туманность Андромеды,1,150,0.0005896226415094339,0.0,Нейтр/Космос
Темнота,onym,Туманность Андромеды,1,150,0.0005896226415094339,0.0,Нейтр/Космос
Ветром,onym,Туманность Андромеды,1,151,0.0,0.0,Нейтр/Космос
Платок,onym,Туманность Андромеды,1,152,0.0,0.0,Нейтр/Космос
Просторы,onym,Туманность Андромеды,1,427,0.0005896226415094339,0.0,Нейтр/Космос
Множество,onym,Час Быка,1,427,0.001768867924528302,1.3218678688707074e-05,Нейтр/Космос
Египте,onym,Туманность Андромеды,1,153,0.001768867924528302,0.0,Нейтр/Космос
Ассирии,onym,Туманность Андромеды,1,153,0.001768867924528302,0.0,Нейтр/Космос
Вавилонии,onym,Туманность Андромеды,1,153,0.001768867924528302,0.0,Нейтр/Космос
Женщины,onym,Час Быка,1,153,0.001768867924528302,0.0,Нейтр/Космос
Воля,onym,Туманность Андромеды,1,154,0.0,0.0,Нейтр/Космос
Революции,onym,Туманность Андромеды,1,548,0.0005896226415094339,0.0,Нейтр/Космос
Пламя,onym,Час Быка,1,548,0.0029481132075471696,6.261479378861246e-06,Нейтр/Космос
Сопя,onym,Туманность Андромеды,1,548,0.0005896226415094339,0.0,Нейтр/Космос
Великан,onym,Туманность Андромеды,1,155,0.0005896226415094339,0.0,Нейтр/Космос
Бык,onym,Туманность Андромеды,1,155,0.0005896226415094339,0.0,Нейтр/Космос
Крышка,onym,Туманность Андромеды,1,156,0.0,0.0,Нейтр/Космос
Путешественники,onym,Час Быка,1,654,0.0023584905660377358,5.565759447876663e-06,Нейтр/Космос
Вершина,onym,Туманность Андромеды,1,654,0.0005896226415094339,0.0,Нейтр/Космос
Секунду,onym,Туманность Андромеды,1,157,0.0005896226415094339,0.0,Нейтр/Космос
Тон,onym,Туманность Андромеды,1,157,0.0005896226415094339,0.0,Нейтр/Космос
Работа,onym,Туманность Андромеды,1,158,0.0,0.0,Нейтр/Космос
Сицилии,onym,Туманность Андромеды,1,159,0.003537735849056604,0.0,Нейтр/Космос
Дворце,onym,Туманность Андромеды,1,159,0.003537735849056604,0.0,Нейтр/Космос
Атлантиды,onym,Туманность Андромеды,1,159,0.003537735849056604,0.0,Нейтр/Космос
Средиземноморья,onym,Туманность Андромеды,1,159,0.003537735849056604,0.0,Нейтр/Космос
Индии,onym,Час Быка,1,159,0.004127358490566038,4.174319585907498e-06,Нейтр/Космос
Поиски,onym,Туманность Андромеды,1,159,0.003537735849056604,0.0,Нейтр/Космос
Крито,onym,Туманность Андромеды,1,159,0.003537735849056604,0.0,Нейтр/Космос
Индию,onym,Туманность Андромеды,1,160,0.0023584905660377358,0.0,Нейтр/Космос
Китая,onym,Час Быка,1,160,0.0023584905660377358,0.0,Нейтр/Космос
Карфагена,onym,Туманность Андромеды,1,160,0.0023584905660377358,0.0,Нейтр/Космос
Греции,onym,Туманность Андромеды,1,160,0.0023584905660377358,0.0,Нейтр/Космос
Рима,onym,Туманность Андромеды,1,160,0.0023584905660377358,0.0,Нейтр/Космос
Светильники,onym,Туманность Андромеды,1,161,0.0011792452830188679,0.0,Нейтр/Космос
Гул,onym,Туманность Андромеды,1,161,0.0011792452830188679,0.0,Нейтр/Космос
Контуры,onym,Туманность Андромеды,1,161,0.0011792452830188679,0.0,Нейтр/Космос
Двери,onym,Туманность Андромеды,1,162,0.0,0.0,Нейтр/Космос
Победитель,onym,Туманность Андромеды,1,163,0.0005896226415094339,0.0,Нейтр/Космос
Трепещу,onym,Туманность Андромеды,1,163,0.0005896226415094339,0.0,Нейтр/Космос
Цилиндр,onym,Туманность Андромеды,1,164,0.0,0.0,Нейтр/Космос
Желтолицый,onym,Туманность Андромеды,1,165,0.0011792452830188679,0.0,Нейтр/Космос
Ляо,onym,Туманность Андромеды,1,165,0.0011792452830188679,0.0,Нейтр/Космос
Лан,onym,Туманность Андромеды,1,165,0.0011792452830188679,0.0,Нейтр/Космос
Память,onym,Туманность Андромеды,1,166,0.0,0.0,Нейтр/Космос
Скелеты,onym,Туманность Андромеды,1,167,0.0,0.0,Нейтр/Космос
Движение,onym,Сердце Змеи,1,546,0.0005896226415094339,0.0,Нейтр/Космос
Череп,onym,Туманность Андромеды,1,168,0.0005896226415094339,0.0,Нейтр/Космос
Крыша,onym,Туманность Андромеды,1,168,0.0005896226415094339,0.0,Нейтр/Космос
Увеличение,onym,Туманность Андромеды,1,169,0.0,0.0,Нейтр/Космос
База,onym,Туманность Андромеды,1,170,0.0011792452830188679,0.0,Нейтр/Космос
Тром,onym,Туманность Андромеды,1,170,0.0011792452830188679,0.0,Нейтр/Космос
Юган,onym,Туманность Андромеды,1,170,0.0011792452830188679,0.0,Нейтр/Космос
Потолок,onym,Туманность Андромеды,1,171,0.0,0.0,Нейтр/Космос
Молоко,onym,Туманность Андромеды,1,172,0.0005896226415094339,0.0,Нейтр/Космос
Перегон,onym,Туманность Андромеды,1,172,0.001768867924528302,2.087159792953749e-06,Нейтр/Космос
Юноша,onym,Час Быка,1,172,0.001768867924528302,2.087159792953749e-06,Нейтр/Космос
Помещение,onym,Туманность Андромеды,1,172,0.0011792452830188679,0.0,Нейтр/Космос
Миико,onym,Туманность Андромеды,1,173,0.0011792452830188679,0.0,Нейтр/Космос
Эйгоро,onym,Туманность Андромеды,1,173,0.0011792452830188679,0.0,Нейтр/Космос
Лана,onym,Туманность Андромеды,1,173,0.0011792452830188679,0.0,Нейтр/Космос
Степь,onym,Туманность Андромеды,1,174,0.0,0.0,Нейтр/Космос
Поневоле,onym,Туманность Андромеды,1,175,0.0,0.0,Нейтр/Космос
Едемте,onym,Туманность Андромеды,1,176,0.0,0.0,Нейтр/Космос
Летчик,onym,Туманность Андромеды,1,177,0.0,0.0,Нейтр/Космос
Конь,onym,Туманность Андромеды,1,178,0.0005896226415094339,0.0,Нейтр/Космос
Море,onym,Туманность Андромеды,1,178,0.0005896226415094339,0.0,Нейтр/Космос
Печаль,onym,Туманность Андромеды,1,179,0.0,0.0,Нейтр/Космос
Янагихара,onym,Туманность Андромеды,1,180,0.0,0.0,Нейтр/Космос
Минуту,onym,Туманность Андромеды,1,181,0.0011792452830188679,0.0,Нейтр/Космос
Художник,onym,Час Быка,1,181,0.0011792452830188679,0.0,Нейтр/Космос
Сахара,onym,Туманность Андромеды,1,181,0.0011792452830188679,0.0,Нейтр/Космос
Плоты,onym,Туманность Андромеды,1,182,0.0005896226415094339,0.0,Нейтр/Космос
Изломы,onym,Туманность Андромеды,1,182,0.0005896226415094339,0.0,Нейтр/Космос
Пловцы,onym,Туманность Андромеды,1,183,0.0,0.0,Нейтр/Космос
Статуя,onym,Туманность Андромеды,1,184,0.0,0.0,Нейтр/Космос
Рен,onym,Час Быка,1,44,0.005306603773584905,0.0009406133466911561,Нейтр/Космос
Бозом,onym,Туманность Андромеды,1,44,0.001768867924528302,0.0,Нейтр/Космос
Боз,onym,Туманность Андромеды,1,44,0.001768867924528302,0.0,Нейтр/Космос
Физик,onym,Туманность Андромеды,1,44,0.001768867924528302,0.0,Нейтр/Космос
Плывет,onym,Туманность Андромеды,1,185,0.0,0.0,Нейтр/Космос
Видение,onym,Туманность Андромеды,1,186,0.0,0.0,Нейтр/Космос
Встреча,onym,Туманность Андромеды,1,187,0.0023584905660377358,0.0,Нейтр/Космос
Мвеном,onym,Туманность Андромеды,1,187,0.0023584905660377358,0.0,Земля
Масом,onym,Туманность Андромеды,1,187,0.0023584905660377358,0.0,Земля
Опыт,onym,Туманность Андромеды,1,187,0.003537735849056604,2.087159792953749e-06,Нейтр/Космос
Громадность,onym,Туманность Андромеды,1,187,0.003537735849056604,2.087159792953749e-06,Нейтр/Космос
Антарктиде,onym,Туманность Андромеды,1,187,0.001768867924528302,0.0,Нейтр/Космос
Ощущение,onym,Туманность Андромеды,1,187,0.001768867924528302,0.0,Нейтр/Космос
Песня,onym,Туманность Андромеды,1,188,0.0011792452830188679,0.0,Нейтр/Космос
Эвду,onym,Туманность Андромеды,1,188,0.0011792452830188679,0.0,Нейтр/Космос
Эвды,onym,Туманность Андромеды,1,188,0.0011792452830188679,0.0,Нейтр/Космос
Чара,onym,Туманность Андромеды,1,189,0.001768867924528302,0.0,Земля
Нанди,onym,Туманность Андромеды,1,189,0.001768867924528302,0.0,Земля
Карта,onym,Туманность Андромеды,1,189,0.001768867924528302,0.0,Нейтр/Космос
Сана,onym,Туманность Андромеды,1,189,0.001768867924528302,0.0,Нейтр/Космос
Эвдой,onym,Туманность Андромеды,1,190,0.0005896226415094339,0.0,Нейтр/Космос
Углы,onym,Туманность Андромеды,1,190,0.0005896226415094339,0.0,Нейтр/Космос
Горя,onym,Час Быка,1,191,0.003537735849056604,0.008279067178716536,Нейтр/Космос
Радости,onym,Час Быка,1,191,0.003537735849056604,0.008279067178716536,Нейтр/Космос
Чары,onym,Туманность Андромеды,1,191,0.001768867924528302,0.016530421513515522,Нейтр/Космос
Боза,onym,Час Быка,1,44,0.004127358490566038,0.016670840986252575,Нейтр/Космос
Находка,onym,Туманность Андромеды,1,192,0.0011792452830188679,0.0,Нейтр/Космос
Карт,onym,Туманность Андромеды,1,192,0.0011792452830188679,0.0,Нейтр/Космос
Сан,onym,Туманность Андромеды,1,192,0.0011792452830188679,0.0,Нейтр/Космос
Дочь,onym,Туманность Андромеды,1,193,0.0011792452830188679,0.0,Нейтр/Космос
Гондваны,onym,Туманность Андромеды,1,193,0.0011792452830188679,0.0,Нейтр/Космос
Красота,onym,Туманность Андромеды,1,193,0.0011792452830188679,0.0,Нейтр/Космос
Тетиса,onym,Туманность Андромеды,1,194,0.003537735849056604,0.0,Нейтр/Космос
Крита,onym,Туманность Андромеды,1,194,0.004127358490566038,1.159533218307638e-07,Нейтр/Космос
Двуречья,onym,Туманность Андромеды,1,194,0.004127358490566038,1.159533218307638e-07,Нейтр/Космос
Полинезии,onym,Туманность Андромеды,1,194,0.004127358490566038,1.159533218307638e-07,Нейтр/Космос
Афродите,onym,Туманность Андромеды,1,194,0.004127358490566038,1.159533218307638e-07,Нейтр/Космос
Афродита,onym,Туманность Андромеды,1,194,0.0047169811320754715,1.3914398619691658e-06,Нейтр/Космос
Анадиомена,onym,Туманность Андромеды,1,194,0.0047169811320754715,1.3914398619691658e-06,Нейтр/Космос
Богиня,onym,Туманность Андромеды,1,194,0.004127358490566038,9.276265746461104e-07,Нейтр/Космос
Твердый,onym,Туманность Андромеды,1,194,0.001768867924528302,0.0,Нейтр/Космос
Путь,onym,Сердце Змеи,1,44,0.0011792452830188679,0.00023515333667278903,Нейтр/Космос
Атлантике,onym,Туманность Андромеды,1,195,0.0011792452830188679,0.0,Нейтр/Космос
Азор,onym,Туманность Андромеды,1,195,0.0011792452830188679,0.0,Нейтр/Космос
Винт,onym,Туманность Андромеды,1,195,0.001768867924528302,1.3914398619691658e-06,Нейтр/Космос
Вал,onym,Туманность Андромеды,1,195,0.0005896226415094339,0.0,Нейтр/Космос
Вера,onym,Туманность Андромеды,1,196,0.0,0.0,Нейтр/Космос
Гондвана,onym,Туманность Андромеды,1,197,0.0005896226415094339,0.0,Нейтр/Космос
Картина,onym,Туманность Андромеды,1,197,0.0011792452830188679,6.957199309845829e-07,Нейтр/Космос
Половина,onym,Туманность Андромеды,1,197,0.0005896226415094339,0.0,Нейтр/Космос
Дворец,onym,Туманность Андромеды,1,198,0.0005896226415094339,0.0,Нейтр/Космос
Позу,onym,Туманность Андромеды,1,198,0.0005896226415094339,0.0,Нейтр/Космос
Гаснут,onym,Туманность Андромеды,1,52,0.0005896226415094339,0.0,Нейтр/Космос
Мысли,onym,Час Быка,1,52,0.0023584905660377358,9.044359102799578e-06,Нейтр/Космос
Шерлисом,onym,Туманность Андромеды,1,199,0.001768867924528302,0.0,Нейтр/Космос
Фрит,onym,Туманность Андромеды,1,199,0.001768867924528302,0.0,Нейтр/Космос
Дон,onym,Туманность Андромеды,1,199,0.001768867924528302,0.0,Нейтр/Космос
Лодка,onym,Туманность Андромеды,1,199,0.0023584905660377358,2.087159792953749e-06,Нейтр/Космос
Участок,onym,Туманность Андромеды,1,199,0.0005896226415094339,0.0,Нейтр/Космос
Гейзенберг,onym,Туманность Андромеды,1,200,0.0,0.0,Нейтр/Космос
Ого,onym,Туманность Андромеды,1,201,0.0,0.0,Нейтр/Космос
Переход,onym,Час Быка,1,3,0.0005896226415094339,0.0,Нейтр/Космос
Кора,onym,Туманность Андромеды,1,202,0.0005896226415094339,0.0,Нейтр/Космос
Юлла,onym,Туманность Андромеды,1,202,0.0005896226415094339,0.0,Нейтр/Космос
Аппаратов,onym,Туманность Андромеды,1,203,0.0,0.0,Нейтр/Космос
Пространство,onym,Туманность Андромеды,1,204,0.0,0.0,Нейтр/Космос
Повесть,onym,Туманность Андромеды,1,205,0.0005896226415094339,0.0,Нейтр/Космос
География,onym,Туманность Андромеды,1,205,0.0005896226415094339,0.0,Нейтр/Космос
Постройки,onym,Туманность Андромеды,1,206,0.0011792452830188679,0.0,Нейтр/Космос
Луне,onym,Туманность Андромеды,1,206,0.0011792452830188679,0.0,Нейтр/Космос
Человечеству,onym,Туманность Андромеды,1,206,0.0011792452830188679,0.0,Нейтр/Космос
Реном,onym,Туманность Андромеды,1,207,0.0,0.0,Нейтр/Космос
Легенда,onym,Туманность Андромеды,1,214,0.0011792452830188679,0.0,Нейтр/Космос
Солнц,onym,Час Быка,1,214,0.001768867924528302,0.0013900484221071967,Нейтр/Космос
Жива,onym,Туманность Андромеды,1,214,0.0023584905660377358,0.0018422663772471755,Нейтр/Космос
Дыхание,onym,Туманность Андромеды,1,214,0.001768867924528302,3.130739689430623e-06,Нейтр/Космос
Сердце,onym,Сердце Змеи,1,214,0.005306603773584905,0.0025133655528963594,Нейтр/Космос
Сознание,onym,Час Быка,1,214,0.0011792452830188679,0.0,Нейтр/Космос
Токов,onym,Туманность Андромеды,1,208,0.0011792452830188679,0.0,Нейтр/Космос
Поражение,onym,Туманность Андромеды,1,208,0.0011792452830188679,0.0,Нейтр/Космос
Скафандр,onym,Час Быка,1,208,0.001768867924528302,1.3914398619691658e-06,Нейтр/Космос
Ритм,onym,Туманность Андромеды,1,209,0.0,0.0,Нейтр/Космос
Лумы,onym,Туманность Андромеды,1,210,0.0005896226415094339,0.0,Нейтр/Космос
Тала,onym,Туманность Андромеды,1,210,0.0005896226415094339,0.0,Нейтр/Космос
Организм,onym,Туманность Андромеды,1,211,0.0,0.0,Нейтр/Космос
Ускорение,onym,Туманность Андромеды,1,212,0.0005896226415094339,0.0,Нейтр/Космос
Рычаги,onym,Туманность Андромеды,1,212,0.0005896226415094339,0.0,Нейтр/Космос
Атмосфера,onym,Сердце Змеи,1,213,0.0011792452830188679,0.0,Нейтр/Космос
Звезды,onym,Туманность Андромеды,1,213,0.0011792452830188679,0.0,Нейтр/Космос
Запел,onym,Туманность Андромеды,1,213,0.0011792452830188679,0.0,Нейтр/Космос
Расстояние,onym,Туманность Андромеды,1,214,0.0005896226415094339,0.0,Нейтр/Космос
Радость,onym,Час Быка,1,214,0.0023584905660377358,0.0011667223242611455,Нейтр/Космос
Ионе,onym,Туманность Андромеды,1,214,0.001768867924528302,0.0004689152334836089,Нейтр/Космос
Тело,onym,Туманность Андромеды,1,214,0.0011792452830188679,0.0,Нейтр/Космос
Ковер,onym,Туманность Андромеды,1,214,0.0011792452830188679,0.0,Нейтр/Космос
Хиссом,onym,Туманность Андромеды,1,215,0.0,0.0,Нейтр/Космос
Фильмы,onym,Туманность Андромеды,1,216,0.0005896226415094339,0.0,Нейтр/Космос
Тзвезды,onym,Туманность Андромеды,1,216,0.0005896226415094339,0.0,Нейтр/Космос
Скупая,onym,Туманность Андромеды,1,654,0.0005896226415094339,0.0,Нейтр/Космос
Усилители,onym,Сердце Змеи,1,654,0.0011792452830188679,5.565759447876663e-06,Нейтр/Космос
Шар,onym,Туманность Андромеды,1,217,0.0,0.0,Нейтр/Космос
Счетчики,onym,Туманность Андромеды,1,218,0.0,0.0,Нейтр/Космос
Стереотелескопы,onym,Туманность Андромеды,1,219,0.0,0.0,Нейтр/Космос
Марс,onym,Туманность Андромеды,1,220,0.0,0.0,Нейтр/Космос
Песок,onym,Туманность Андромеды,1,221,0.0005896226415094339,0.0,Нейтр/Космос
Цепи,onym,Туманность Андромеды,1,221,0.0005896226415094339,0.0,Нейтр/Космос
Севера,onym,Туманность Андромеды,1,222,0.0005896226415094339,0.0,Нейтр/Космос
Летом,onym,Туманность Андромеды,1,222,0.0005896226415094339,0.0,Нейтр/Космос
Эону,onym,Туманность Андромеды,1,223,0.0005896226415094339,0.0,Нейтр/Космос
Талу,onym,Туманность Андромеды,1,223,0.0005896226415094339,0.0,Нейтр/Космос
Продолжение,onym,Час Быка,1,224,0.0,0.0,Нейтр/Космос
Полет,onym,Туманность Андромеды,1,225,0.0,0.0,Нейтр/Космос
Лумой,onym,Туманность Андромеды,1,226,0.0,0.0,Нейтр/Космос
Подсознание,onym,Туманность Андромеды,1,227,0.0,0.0,Нейтр/Космос
Понимание,onym,Туманность Андромеды,1,228,0.0,0.0,Нейтр/Космос
Страдание,onym,Туманность Андромеды,1,229,0.0,0.0,Нейтр/Космос
Голоса,onym,Туманность Андромеды,1,230,0.0,0.0,Нейтр/Космос
Возвращение,onym,Туманность Андромеды,1,231,0.0011792452830188679,0.0,Нейтр/Космос
Хеба,onym,Туманность Андромеды,1,231,0.001768867924528302,6.957199309845829e-07,Нейтр/Космос
Ура,onym,Туманность Андромеды,1,231,0.001768867924528302,6.957199309845829e-07,Нейтр/Космос
Предложение,onym,Туманность Андромеды,1,231,0.001768867924528302,2.087159792953749e-06,Нейтр/Космос
Хеб,onym,Туманность Андромеды,1,231,0.0005896226415094339,0.0,Нейтр/Космос
Сириус,onym,Сердце Змеи,1,85,0.007075471698113208,0.0007014596204152057,Нейтр/Космос
Хебом,onym,Туманность Андромеды,1,85,0.001768867924528302,0.00011722880837090222,Нейтр/Космос
Уром,onym,Туманность Андромеды,1,85,0.001768867924528302,0.00011722880837090222,Нейтр/Космос
Эргом,onym,Туманность Андромеды,1,85,0.0011792452830188679,0.0,Земля
Спутник,onym,Туманность Андромеды,1,232,0.0,0.0,Нейтр/Космос
Ганимеду,onym,Туманность Андромеды,1,233,0.0011792452830188679,0.0,Нейтр/Космос
Каллисто,onym,Туманность Андромеды,1,233,0.0011792452830188679,0.0,Нейтр/Космос
Меркурий,onym,Туманность Андромеды,1,233,0.0011792452830188679,0.0,Нейтр/Космос
Опасность,onym,Туманность Андромеды,1,234,0.0,0.0,Нейтр/Космос
Венера,onym,Туманность Андромеды,1,235,0.0011792452830188679,0.0,Нейтр/Космос
Пребывание,onym,Туманность Андромеды,1,235,0.0011792452830188679,0.0,Нейтр/Космос
Лаборатории,onym,Туманность Андромеды,1,235,0.0011792452830188679,0.0,Нейтр/Космос
Нептуном,onym,Туманность Андромеды,1,236,0.0,0.0,Нейтр/Космос
Здешние,onym,Туманность Андромеды,1,237,0.0011792452830188679,0.0,Нейтр/Космос
Грим,onym,Туманность Андромеды,1,237,0.0011792452830188679,0.0,Нейтр/Космос
Шара,onym,Туманность Андромеды,1,237,0.0011792452830188679,0.0,Нейтр/Космос
Чувство,onym,Час Быка,1,238,0.0,0.0,Нейтр/Космос
Плутоне,onym,Туманность Андромеды,1,239,0.0005896226415094339,0.0,Нейтр/Космос
Плутона,onym,Туманность Андромеды,1,239,0.0011792452830188679,1.3914398619691658e-06,Нейтр/Космос
Загадка,onym,Туманность Андромеды,1,239,0.0011792452830188679,1.3914398619691658e-06,Нейтр/Космос
Галактику,onym,Туманность Андромеды,1,239,0.0005896226415094339,0.0,Нейтр/Космос
Карантин,onym,Туманность Андромеды,1,240,0.0005896226415094339,0.0,Нейтр/Космос
Противоречие,onym,Туманность Андромеды,1,240,0.0005896226415094339,0.0,Нейтр/Космос
Фаэтона,onym,Туманность Андромеды,1,241,0.0011792452830188679,0.0,Нейтр/Космос
Марсом,onym,Туманность Андромеды,1,241,0.0011792452830188679,0.0,Нейтр/Космос
Юпитером,onym,Туманность Андромеды,1,241,0.0011792452830188679,0.0,Нейтр/Космос
Композиторы,onym,Туманность Андромеды,1,242,0.0023584905660377358,0.0,Нейтр/Космос
Амата,onym,Час Быка,1,242,0.003537735849056604,8.696499137307286e-07,Нейтр/Космос
Космос,onym,Туманность Андромеды,1,242,0.003537735849056604,8.696499137307286e-07,Нейтр/Космос
Станции,onym,Туманность Андромеды,1,242,0.003537735849056604,8.696499137307286e-07,Нейтр/Космос
Венере,onym,Туманность Андромеды,1,242,0.003537735849056604,8.696499137307286e-07,Нейтр/Космос
Эль,onym,Туманность Андромеды,1,242,0.0047169811320754715,5.217899482384372e-06,Нейтр/Космос
Хомру,onym,Туманность Андромеды,1,242,0.0047169811320754715,5.217899482384372e-06,Нейтр/Космос
Симфония,onym,Туманность Андромеды,1,242,0.0023584905660377358,0.0,Нейтр/Космос
Минор,onym,Туманность Андромеды,1,242,0.0023584905660377358,0.0,Нейтр/Космос
Пластины,onym,Туманность Андромеды,1,242,0.0023584905660377358,0.0,Нейтр/Космос
Определение,onym,Туманность Андромеды,1,243,0.0,0.0,Нейтр/Космос
Историк,onym,Час Быка,1,44,0.003537735849056604,0.00023515333667278903,Нейтр/Космос
Рассказ,onym,Туманность Андромеды,1,44,0.0005896226415094339,0.0,Нейтр/Космос
Художнику,onym,Туманность Андромеды,1,244,0.0,0.0,Нейтр/Космос
Эроса,onym,Час Быка,1,245,0.0005896226415094339,0.0,Нейтр/Космос
Чару,onym,Туманность Андромеды,1,245,0.0005896226415094339,0.0,Нейтр/Космос
Системы,onym,Туманность Андромеды,1,246,0.0005896226415094339,0.0,Нейтр/Космос
Час,onym,Час Быка,1,246,0.0005896226415094339,0.0,Нейтр/Космос
Гитара,onym,Туманность Андромеды,1,247,0.0011792452830188679,0.0,Нейтр/Космос
Попробую,onym,Туманность Андромеды,1,247,0.0011792452830188679,0.0,Нейтр/Космос
Шерлис,onym,Туманность Андромеды,1,247,0.0011792452830188679,0.0,Нейтр/Космос
Дуэт,onym,Туманность Андромеды,1,248,0.0,0.0,Нейтр/Космос
Чаре,onym,Туманность Андромеды,1,249,0.0,0.0,Нейтр/Космос
Раскаты,onym,Туманность Андромеды,1,250,0.0005896226415094339,0.0,Нейтр/Космос
Мелодия,onym,Туманность Андромеды,1,250,0.0005896226415094339,0.0,Нейтр/Космос
Комнату,onym,Туманность Андромеды,1,251,0.0,0.0,Нейтр/Космос
Города,onym,Туманность Андромеды,1,252,0.0,0.0,Нейтр/Космос
Сторонники,onym,Туманность Андромеды,1,253,0.0,0.0,Нейтр/Космос
Массивы,onym,Туманность Андромеды,1,254,0.0005896226415094339,0.0,Земля
Улицы,onym,Туманность Андромеды,1,254,0.0005896226415094339,0.0,Нейтр/Космос
Проект,onym,Туманность Андромеды,1,255,0.0005896226415094339,0.0,Нейтр/Космос
Книга,onym,Туманность Андромеды,1,255,0.0005896226415094339,0.0,Нейтр/Космос
Задержка,onym,Туманность Андромеды,1,256,0.0005896226415094339,0.0,Нейтр/Космос
Потерь,onym,Туманность Андромеды,1,256,0.0005896226415094339,0.0,Нейтр/Космос
Следы,onym,Туманность Андромеды,1,257,0.0,0.0,Нейтр/Космос
Чарой,onym,Туманность Андромеды,1,258,0.0,0.0,Нейтр/Космос
Меркурия,onym,Сердце Змеи,1,259,0.0005896226415094339,0.0,Нейтр/Космос
Сибири,onym,Туманность Андромеды,1,259,0.0011792452830188679,1.3914398619691658e-06,Нейтр/Космос
Тибет,onym,Туманность Андромеды,1,259,0.0011792452830188679,1.3914398619691658e-06,Нейтр/Космос
Домом,onym,Туманность Андромеды,1,259,0.0005896226415094339,0.0,Нейтр/Космос
Глухо,onym,Туманность Андромеды,1,260,0.0,0.0,Нейтр/Космос
Операторы,onym,Туманность Андромеды,1,261,0.0005896226415094339,0.0,Нейтр/Космос
Дом,onym,Туманность Андромеды,1,261,0.0005896226415094339,0.0,Нейтр/Космос
Психофизиологии,onym,Туманность Андромеды,1,262,0.0,0.0,Нейтр/Космос
Белло,onym,Туманность Андромеды,1,263,0.0005896226415094339,0.0,Нейтр/Космос
Галь,onym,Туманность Андромеды,1,263,0.0005896226415094339,0.0,Нейтр/Космос
Север,onym,Туманность Андромеды,1,264,0.0011792452830188679,0.0,Нейтр/Космос
Берингову,onym,Туманность Андромеды,1,264,0.0011792452830188679,0.0,Нейтр/Космос
Юга,onym,Туманность Андромеды,1,264,0.001768867924528302,6.9571993098458285e-06,Нейтр/Космос
Грома,onym,Туманность Андромеды,1,264,0.0029481132075471696,8.348639171814996e-06,Нейтр/Космос
Орма,onym,Туманность Андромеды,1,264,0.0023584905660377358,0.0,Нейтр/Космос
Гром,onym,Туманность Андромеды,1,264,0.0023584905660377358,0.0,Нейтр/Космос
Орм,onym,Туманность Андромеды,1,264,0.0023584905660377358,0.0,Нейтр/Космос
Мальчик,onym,Туманность Андромеды,1,264,0.0023584905660377358,0.0,Нейтр/Космос
Дис,onym,Туманность Андромеды,1,265,0.0011792452830188679,0.0,Нейтр/Космос
Кен,onym,Туманность Андромеды,1,265,0.001768867924528302,3.4785996549229144e-07,Нейтр/Космос
Сын,onym,Туманность Андромеды,1,265,0.001768867924528302,3.4785996549229144e-07,Нейтр/Космос
Молодежи,onym,Туманность Андромеды,1,265,0.0011792452830188679,0.0,Нейтр/Космос
Жинну,onym,Туманность Андромеды,1,266,0.0005896226415094339,0.0,Нейтр/Космос
Каду,onym,Туманность Андромеды,1,266,0.0005896226415094339,0.0,Нейтр/Космос
Деревья,onym,Туманность Андромеды,1,267,0.0,0.0,Нейтр/Космос
Цереры,onym,Туманность Андромеды,1,268,0.0,0.0,Нейтр/Космос
Десятки,onym,Туманность Андромеды,1,269,0.0005896226415094339,0.0,Нейтр/Космос
Вершины,onym,Туманность Андромеды,1,269,0.0005896226415094339,0.0,Нейтр/Космос
Кении,onym,Туманность Андромеды,1,270,0.0011792452830188679,0.0,Нейтр/Космос
Поезд,onym,Туманность Андромеды,1,270,0.001768867924528302,3.4785996549229144e-07,Нейтр/Космос
Экватор,onym,Час Быка,1,270,0.003537735849056604,6.9571993098458285e-06,Нейтр/Космос
Луалабы,onym,Туманность Андромеды,1,270,0.0011792452830188679,0.0,Нейтр/Космос
Народом,onym,Туманность Андромеды,1,271,0.0,0.0,Нейтр/Космос
Обхватив,onym,Туманность Андромеды,1,272,0.0,0.0,Нейтр/Космос
Орму,onym,Туманность Андромеды,1,273,0.001768867924528302,0.0,Нейтр/Космос
Тор,onym,Час Быка,1,546,0.025943396226415092,0.0008213324158854321,Нейтр/Космос
Зига,onym,Туманность Андромеды,1,273,0.001768867924528302,0.0,Нейтр/Космос
Зора,onym,Туманность Андромеды,1,273,0.001768867924528302,0.0,Нейтр/Космос
Кон,onym,Туманность Андромеды,1,274,0.001768867924528302,0.0,Нейтр/Космос
Гут,onym,Туманность Андромеды,1,274,0.001768867924528302,0.0,Нейтр/Космос
Аргентине,onym,Туманность Андромеды,1,274,0.001768867924528302,0.0,Нейтр/Космос
Тринидада,onym,Туманность Андромеды,1,274,0.0023584905660377358,2.087159792953749e-06,Нейтр/Космос
Бали,onym,Туманность Андромеды,1,274,0.0005896226415094339,0.0,Нейтр/Космос
Зиг,onym,Туманность Андромеды,1,275,0.0005896226415094339,0.0,Нейтр/Космос
Зор,onym,Туманность Андромеды,1,275,0.0005896226415094339,0.0,Нейтр/Космос
Зала,onym,Туманность Андромеды,1,276,0.0005896226415094339,0.0,Нейтр/Космос
Гостей,onym,Туманность Андромеды,1,276,0.0005896226415094339,0.0,Нейтр/Космос
Отходы,onym,Туманность Андромеды,1,277,0.0,0.0,Нейтр/Космос
Работники,onym,Туманность Андромеды,1,278,0.0,0.0,Нейтр/Космос
Шелестели,onym,Туманность Андромеды,1,279,0.0,0.0,Нейтр/Космос
Изучение,onym,Туманность Андромеды,1,280,0.0005896226415094339,0.0,Нейтр/Космос
Шорох,onym,Туманность Андромеды,1,280,0.0005896226415094339,0.0,Нейтр/Космос
Дома,onym,Час Быка,1,281,0.001768867924528302,4.174319585907498e-06,Нейтр/Космос
Музыки,onym,Туманность Андромеды,1,281,0.0011792452830188679,0.0,Нейтр/Космос
Остаток,onym,Туманность Андромеды,1,281,0.001768867924528302,2.7828797239383316e-06,Нейтр/Космос
Оператор,onym,Туманность Андромеды,1,281,0.0005896226415094339,0.0,Нейтр/Космос
Слушатели,onym,Туманность Андромеды,1,282,0.0,0.0,Нейтр/Космос
Ступени,onym,Туманность Андромеды,1,283,0.0,0.0,Нейтр/Космос
Прилив,onym,Туманность Андромеды,1,284,0.0,0.0,Нейтр/Космос
Океан,onym,Туманность Андромеды,1,285,0.0,0.0,Нейтр/Космос
Тибета,onym,Час Быка,1,286,0.0,0.0,Нейтр/Космос
Африканцу,onym,Туманность Андромеды,1,191,0.0029481132075471696,0.0,Нейтр/Космос
Бета,onym,Туманность Андромеды,1,191,0.0029481132075471696,0.0,Нейтр/Космос
Лона,onym,Туманность Андромеды,1,191,0.0029481132075471696,0.0,Нейтр/Космос
Бет,onym,Туманность Андромеды,1,191,0.0029481132075471696,0.0,Нейтр/Космос
Лон,onym,Туманность Андромеды,1,191,0.0029481132075471696,0.0,Нейтр/Космос
Академия,onym,Час Быка,1,191,0.005896226415094339,0.0011619682380660842,Нейтр/Космос
Меркурии,onym,Туманность Андромеды,1,8,0.001768867924528302,0.0,Нейтр/Космос
Забвения,onym,Туманность Андромеды,1,8,0.001768867924528302,0.0,Нейтр/Космос
История,onym,Час Быка,1,8,0.0029481132075471696,0.004747764590959752,Нейтр/Космос
Послезавтра,onym,Туманность Андромеды,1,8,0.0023584905660377358,0.005226187996833484,Нейтр/Космос
Многих,onym,Туманность Андромеды,1,31,0.001768867924528302,0.005384812141097969,Нейтр/Космос
Гамма,onym,Туманность Андромеды,1,31,0.003537735849056604,0.0025414580361896944,Нейтр/Космос
Цефея,onym,Час Быка,1,31,0.0047169811320754715,0.0036079927766249145,Нейтр/Космос
Медведице,onym,Туманность Андромеды,1,31,0.003537735849056604,0.00011114948693717721,Нейтр/Космос
Цефею,onym,Туманность Андромеды,1,31,0.003537735849056604,0.00011114948693717721,Нейтр/Космос
Пути,onym,Сердце Змеи,1,31,0.0047169811320754715,0.010808358831681075,Нейтр/Космос
Лебедь,onym,Туманность Андромеды,1,31,0.003537735849056604,0.00011114948693717721,Нейтр/Космос
Альбирео,onym,Туманность Андромеды,1,31,0.0029481132075471696,0.001842266377247175,Нейтр/Космос
Денеб,onym,Туманность Андромеды,1,31,0.001768867924528302,0.0016168531196081707,Нейтр/Космос
Влихх,onym,Туманность Андромеды,1,31,0.0023584905660377358,0.0005791868425446651,Нейтр/Космос
Ддиз,onym,Туманность Андромеды,1,31,0.0023584905660377358,0.0005791868425446651,Нейтр/Космос
Оокр,onym,Туманность Андромеды,1,31,0.0023584905660377358,0.0003495992653197528,Нейтр/Космос
Эйнштейна,onym,Туманность Андромеды,1,31,0.0023584905660377358,0.0003495992653197528,Нейтр/Космос
Чандрасекара,onym,Туманность Андромеды,1,31,0.001768867924528302,0.00046891523348360873,Нейтр/Космос
Антарес,onym,Туманность Андромеды,1,31,0.0011792452830188679,0.00023515333667278895,Нейтр/Космос
Бетельгейзе,onym,Туманность Андромеды,1,31,0.0005896226415094339,0.0,Нейтр/Космос
Брамы,onym,Туманность Андромеды,1,287,0.0,0.0,Нейтр/Космос
Посылка,onym,Туманность Андромеды,1,71,0.0005896226415094339,0.0,Нейтр/Космос
Возможность,onym,Час Быка,1,71,0.004127358490566038,3.965603606612123e-05,Нейтр/Космос
Гаммой,onym,Туманность Андромеды,1,71,0.0005896226415094339,0.0,Нейтр/Космос
Омега,onym,Туманность Андромеды,1,288,0.0,0.0,Нейтр/Космос
Пояс,onym,Туманность Андромеды,1,289,0.0005896226415094339,0.0,Нейтр/Космос
Mac,onym,Туманность Андромеды,1,289,0.0005896226415094339,0.0,Нейтр/Космос
Псами,onym,Туманность Андромеды,1,290,0.0023584905660377358,0.0,Нейтр/Космос
Волосы,onym,Туманность Андромеды,1,290,0.0023584905660377358,0.0,Нейтр/Космос
Вероники,onym,Туманность Андромеды,1,290,0.0023584905660377358,0.0,Нейтр/Космос
Скульптора,onym,Туманность Андромеды,1,290,0.0023584905660377358,0.0,Нейтр/Космос
Фомальгаут,onym,Сердце Змеи,1,290,0.0047169811320754715,0.0009322647075193411,Нейтр/Космос
Галактика,onym,Туманность Андромеды,1,291,0.0,0.0,Нейтр/Космос
Огни,onym,Туманность Андромеды,1,292,0.0011792452830188679,0.0,Нейтр/Космос
Праздник,onym,Туманность Андромеды,1,292,0.0011792452830188679,0.0,Нейтр/Космос
Чаш,onym,Туманность Андромеды,1,292,0.0011792452830188679,0.0,Нейтр/Космос
Метагалактики,onym,Туманность Андромеды,1,293,0.0,0.0,Нейтр/Космос
Пищи,onym,Туманность Андромеды,1,294,0.0,0.0,Нейтр/Космос
Зан,onym,Туманность Андромеды,1,295,0.001768867924528302,0.0,Нейтр/Космос
Сена,onym,Туманность Андромеды,1,295,0.001768867924528302,0.0,Нейтр/Космос
Мечи,onym,Туманность Андромеды,1,295,0.0023584905660377358,6.957199309845829e-07,Нейтр/Космос
Подвиги,onym,Туманность Андромеды,1,295,0.0023584905660377358,6.957199309845829e-07,Нейтр/Космос
Забота,onym,Туманность Андромеды,1,295,0.0011792452830188679,0.0,Нейтр/Космос
Полезности,onym,Туманность Андромеды,1,296,0.001768867924528302,0.0,Нейтр/Космос
Искусства,onym,Туманность Андромеды,1,296,0.001768867924528302,0.0,Нейтр/Космос
Смелости,onym,Туманность Андромеды,1,296,0.001768867924528302,0.0,Нейтр/Космос
Фантазии,onym,Туманность Андромеды,1,296,0.001768867924528302,0.0,Нейтр/Космос
Америкой,onym,Туманность Андромеды,1,498,0.0011792452830188679,0.0,Нейтр/Космос
Лица,onym,Час Быка,1,498,0.0023584905660377358,3.687315634218289e-05,Нейтр/Космос
Брови,onym,Туманность Андромеды,1,498,0.001768867924528302,6.957199309845829e-07,Нейтр/Космос
Птица,onym,Туманность Андромеды,1,498,0.001768867924528302,1.1131518895753326e-05,Нейтр/Космос
Одеяние,onym,Туманность Андромеды,1,498,0.0005896226415094339,0.0,Нейтр/Космос
Зрители,onym,Туманность Андромеды,1,297,0.0,0.0,Нейтр/Космос
Востока,onym,Туманность Андромеды,1,298,0.0011792452830188679,0.0,Нейтр/Космос
Дочери,onym,Туманность Андромеды,1,298,0.0011792452830188679,0.0,Нейтр/Космос
Севере,onym,Туманность Андромеды,1,298,0.001768867924528302,1.3914398619691658e-06,Нейтр/Космос
Нежность,onym,Туманность Андромеды,1,298,0.0005896226415094339,0.0,Нейтр/Космос
Пробуждение,onym,Сердце Змеи,1,299,0.0,0.0,Нейтр/Космос
Распорядители,onym,Туманность Андромеды,1,300,0.0,0.0,Нейтр/Космос
Эрос,onym,Туманность Андромеды,1,301,0.0,0.0,Нейтр/Космос
Пилюли,onym,Туманность Андромеды,1,302,0.0,0.0,Нейтр/Космос
Рена,onym,Туманность Андромеды,1,303,0.0,0.0,Нейтр/Космос
Психология,onym,Туманность Андромеды,1,304,0.0,0.0,Нейтр/Космос
Псах,onym,Туманность Андромеды,1,305,0.0011792452830188679,0.0,Нейтр/Космос
Волосах,onym,Туманность Андромеды,1,305,0.0011792452830188679,0.0,Нейтр/Космос
Деве,onym,Туманность Андромеды,1,305,0.0011792452830188679,0.0,Нейтр/Космос
М-31,onym,Час Быка,1,72,0.0011792452830188679,0.0,Нейтр/Космос
Сиррах,onym,Туманность Андромеды,1,306,0.0023584905660377358,0.0,Нейтр/Космос
Мирах,onym,Туманность Андромеды,1,306,0.0023584905660377358,0.0,Нейтр/Космос
Альмах,onym,Туманность Андромеды,1,306,0.0023584905660377358,0.0,Нейтр/Космос
М-33,onym,Туманность Андромеды,1,306,0.003537735849056604,2.087159792953749e-06,Нейтр/Космос
Треугольника,onym,Туманность Андромеды,1,306,0.003537735849056604,2.087159792953749e-06,Нейтр/Космос
М-51,onym,Туманность Андромеды,1,306,0.001768867924528302,0.0,Нейтр/Космос
Псов,onym,Туманность Андромеды,1,306,0.001768867924528302,0.0,Нейтр/Космос
Края,onym,Туманность Андромеды,1,307,0.0,0.0,Нейтр/Космос
Девы,onym,Туманность Андромеды,1,308,0.0,0.0,Нейтр/Космос
Сроки,onym,Туманность Андромеды,1,309,0.0,0.0,Нейтр/Космос
Свет,onym,Сердце Змеи,1,310,0.0011792452830188679,0.0,Нейтр/Космос
Пределом,onym,Туманность Андромеды,1,311,0.0,0.0,Нейтр/Космос
Сириуса,onym,Туманность Андромеды,1,312,0.0,0.0,Нейтр/Космос
Школа,onym,Туманность Андромеды,1,313,0.0011792452830188679,0.0,Нейтр/Космос
Четыреста,onym,Туманность Андромеды,1,313,0.0011792452830188679,0.0,Нейтр/Космос
Ирландии,onym,Туманность Андромеды,1,313,0.0011792452830188679,0.0,Нейтр/Космос
Название,onym,Час Быка,1,314,0.0005896226415094339,0.0,Нейтр/Космос
Преподаватель,onym,Туманность Андромеды,1,314,0.0005896226415094339,0.0,Нейтр/Космос
Многое,onym,Туманность Андромеды,1,315,0.0,0.0,Нейтр/Космос
Усложнение,onym,Туманность Андромеды,1,316,0.0,0.0,Нейтр/Космос
Автоматизация,onym,Туманность Андромеды,1,317,0.0,0.0,Нейтр/Космос
Ожерелье,onym,Туманность Андромеды,1,318,0.0,0.0,Нейтр/Космос
Мама,onym,Туманность Андромеды,1,319,0.0011792452830188679,0.0,Нейтр/Космос
Эвде,onym,Туманность Андромеды,1,319,0.0011792452830188679,0.0,Нейтр/Космос
Учительница,onym,Туманность Андромеды,1,319,0.0011792452830188679,0.0,Нейтр/Космос
Pea,onym,Туманность Андромеды,1,320,0.0,0.0,Нейтр/Космос
Занятия,onym,Туманность Андромеды,1,321,0.0005896226415094339,0.0,Нейтр/Космос
Реи,onym,Туманность Андромеды,1,321,0.0011792452830188679,6.957199309845829e-07,Нейтр/Космос
Кай,onym,Туманность Андромеды,1,321,0.0005896226415094339,0.0,Нейтр/Космос
Затмит,onym,Туманность Андромеды,1,322,0.0,0.0,Нейтр/Космос
Притупление,onym,Туманность Андромеды,1,323,0.0,0.0,Нейтр/Космос
Учитель,onym,Час Быка,1,8,0.001768867924528302,0.0002848973117381867,Нейтр/Космос
Советы,onym,Туманность Андромеды,1,324,0.0,0.0,Нейтр/Космос
Оль,onym,Туманность Андромеды,1,325,0.0,0.0,Нейтр/Космос
Советов,onym,Час Быка,1,326,0.004127358490566038,6.957199309845829e-08,Нейтр/Космос
Экономики,onym,Час Быка,1,326,0.004127358490566038,6.957199309845829e-08,Нейтр/Космос
Юноши,onym,Туманность Андромеды,1,327,0.0023584905660377358,9.938856156922613e-08,Нейтр/Космос
Сил,onym,Туманность Андромеды,1,327,0.0023584905660377358,9.938856156922613e-08,Нейтр/Космос
Стохастики,onym,Туманность Андромеды,1,327,0.0023584905660377358,9.938856156922613e-08,Нейтр/Космос
Предсказания,onym,Час Быка,1,327,0.004127358490566038,5.217899482384372e-06,Нейтр/Космос
Будущего,onym,Час Быка,1,327,0.004127358490566038,5.217899482384372e-06,Нейтр/Космос
Приз,onym,Туманность Андромеды,1,328,0.0,0.0,Нейтр/Космос
Застежка,onym,Туманность Андромеды,1,329,0.0,0.0,Нейтр/Космос
Аудитория,onym,Час Быка,1,548,0.0023584905660377358,3.4785996549229142e-06,Нейтр/Космос
Необходимость,onym,Туманность Андромеды,1,548,0.0005896226415094339,0.0,Нейтр/Космос
Капля,onym,Туманность Андромеды,1,330,0.0005896226415094339,0.0,Нейтр/Космос
Воспитание,onym,Туманность Андромеды,1,330,0.0005896226415094339,0.0,Нейтр/Космос
Выбор,onym,Туманность Андромеды,1,331,0.0,0.0,Нейтр/Космос
Горе,onym,Туманность Андромеды,1,332,0.0,0.0,Нейтр/Космос
Метрон,onym,Туманность Андромеды,1,333,0.0,0.0,Нейтр/Космос
Действительность,onym,Туманность Андромеды,1,334,0.0005896226415094339,0.0,Нейтр/Космос
Мечты,onym,Туманность Андромеды,1,334,0.0005896226415094339,0.0,Нейтр/Космос
Установка,onym,Туманность Андромеды,1,335,0.0005896226415094339,0.0,Нейтр/Космос
Высота,onym,Туманность Андромеды,1,335,0.0005896226415094339,0.0,Нейтр/Космос
Поля,onym,Туманность Андромеды,1,336,0.0,0.0,Нейтр/Космос
Долину,onym,Туманность Андромеды,1,337,0.0005896226415094339,0.0,Нейтр/Космос
Сооружение,onym,Туманность Андромеды,1,337,0.0011792452830188679,6.957199309845829e-07,Нейтр/Космос
Добровольцы,onym,Туманность Андромеды,1,337,0.0005896226415094339,0.0,Нейтр/Космос
Ддиза,onym,Туманность Андромеды,1,338,0.0,0.0,Нейтр/Космос
Процесс,onym,Час Быка,1,339,0.0,0.0,Нейтр/Космос
Тарантул,onym,Туманность Андромеды,1,340,0.0005896226415094339,0.0,Нейтр/Космос
Ориона,onym,Туманность Андромеды,1,340,0.0011792452830188679,6.957199309845829e-07,Нейтр/Космос
Рыбы,onym,Туманность Андромеды,1,340,0.0005896226415094339,0.0,Нейтр/Космос
Водолее,onym,Туманность Андромеды,1,341,0.0005896226415094339,0.0,Нейтр/Космос
Лире,onym,Туманность Андромеды,1,341,0.0005896226415094339,0.0,Нейтр/Космос
Кивок,onym,Туманность Андромеды,1,342,0.0005896226415094339,0.0,Нейтр/Космос
Дрожь,onym,Туманность Андромеды,1,342,0.0005896226415094339,0.0,Нейтр/Космос
Бете,onym,Туманность Андромеды,1,343,0.0005896226415094339,0.0,Нейтр/Космос
Лоне,onym,Туманность Андромеды,1,343,0.0005896226415094339,0.0,Нейтр/Космос
Лабрадоре,onym,Туманность Андромеды,1,344,0.0,0.0,Нейтр/Космос
Индикаторы,onym,Туманность Андромеды,1,345,0.0005896226415094339,0.0,Нейтр/Космос
Сигналы,onym,Туманность Андромеды,1,345,0.0005896226415094339,0.0,Нейтр/Космос
Звуки,onym,Туманность Андромеды,1,346,0.0,0.0,Нейтр/Космос
Завеса,onym,Туманность Андромеды,1,347,0.0,0.0,Нейтр/Космос
Грудь,onym,Туманность Андромеды,1,348,0.0005896226415094339,0.0,Нейтр/Космос
Оффа,onym,Туманность Андромеды,1,348,0.0005896226415094339,0.0,Нейтр/Космос
Мгновение,onym,Туманность Андромеды,1,349,0.0,0.0,Нейтр/Космос
Здание,onym,Туманность Андромеды,1,350,0.0011792452830188679,0.0,Нейтр/Космос
Борозда,onym,Туманность Андромеды,1,350,0.001768867924528302,3.4785996549229144e-07,Нейтр/Космос
Базальт,onym,Туманность Андромеды,1,350,0.001768867924528302,3.4785996549229144e-07,Нейтр/Космос
Ручей,onym,Туманность Андромеды,1,350,0.0011792452830188679,0.0,Нейтр/Космос
Камень,onym,Туманность Андромеды,1,351,0.0,0.0,Нейтр/Космос
Живот,onym,Туманность Андромеды,1,352,0.0005896226415094339,0.0,Нейтр/Космос
Ноги,onym,Час Быка,1,352,0.0005896226415094339,0.0,Нейтр/Космос
Тиратрон,onym,Туманность Андромеды,1,353,0.0005896226415094339,0.0,Нейтр/Космос
Машины,onym,Туманность Андромеды,1,353,0.0005896226415094339,0.0,Нейтр/Космос
Дежурный,onym,Туманность Андромеды,1,564,0.001768867924528302,0.0,Нейтр/Космос
Ответ,onym,Туманность Андромеды,1,564,0.001768867924528302,0.0,Нейтр/Космос
Доме,onym,Час Быка,1,564,0.003537735849056604,1.1827238826737909e-05,Нейтр/Космос
Вызывайте,onym,Туманность Андромеды,1,564,0.0023584905660377358,6.957199309845829e-07,Нейтр/Космос
Дело,onym,Туманность Андромеды,1,564,0.0011792452830188679,0.0,Нейтр/Космос
Бозу,onym,Час Быка,1,44,0.004127358490566038,0.0009322647075193411,Нейтр/Космос
Нут,onym,Туманность Андромеды,1,44,0.0011792452830188679,0.0,Нейтр/Космос
Нута,onym,Туманность Андромеды,1,44,0.001768867924528302,0.0004689152334836089,Нейтр/Космос
Вопрос,onym,Час Быка,1,44,0.0011792452830188679,0.00023515333667278903,Нейтр/Космос
Доказательств,onym,Туманность Андромеды,1,354,0.0,0.0,Нейтр/Космос
Председатель,onym,Час Быка,1,546,0.025353773584905658,0.0006160310409860388,Нейтр/Космос
Центром,onym,Туманность Андромеды,1,355,0.0,0.0,Нейтр/Космос
Дней,onym,Туманность Андромеды,1,356,0.0,0.0,Нейтр/Космос
Знание,onym,Туманность Андромеды,1,357,0.0,0.0,Нейтр/Космос
Хирург,onym,Туманность Андромеды,1,358,0.0,0.0,Нейтр/Космос
Контроль,onym,Туманность Андромеды,1,326,0.0023584905660377358,6.957199309845829e-08,Нейтр/Космос
Чести,onym,Час Быка,1,326,0.005896226415094339,8.448027733384221e-06,Нейтр/Космос
Права,onym,Час Быка,1,326,0.005896226415094339,8.448027733384221e-06,Нейтр/Космос
Контроля,onym,Туманность Андромеды,1,326,0.0029481132075471696,3.2003116825290812e-06,Нейтр/Космос
Контролями,onym,Туманность Андромеды,1,326,0.0029481132075471696,3.2003116825290812e-06,Нейтр/Космос
Сядем,onym,Туманность Андромеды,1,326,0.0011792452830188679,0.0,Нейтр/Космос
Рену,onym,Туманность Андромеды,1,359,0.0005896226415094339,0.0,Нейтр/Космос
Нутом,onym,Туманность Андромеды,1,359,0.0005896226415094339,0.0,Нейтр/Космос
Рыбьи,onym,Туманность Андромеды,1,360,0.0,0.0,Нейтр/Космос
Чтение,onym,Туманность Андромеды,1,361,0.0,0.0,Нейтр/Космос
Дворца,onym,Туманность Андромеды,1,362,0.0,0.0,Нейтр/Космос
Целебеса,onym,Туманность Андромеды,1,363,0.0005896226415094339,0.0,Нейтр/Космос
Атакама,onym,Туманность Андромеды,1,363,0.0005896226415094339,0.0,Нейтр/Космос
Зеландии,onym,Туманность Андромеды,1,364,0.0005896226415094339,0.0,Нейтр/Космос
Усталость,onym,Туманность Андромеды,1,364,0.0005896226415094339,0.0,Нейтр/Космос
Родосе,onym,Туманность Андромеды,1,365,0.001768867924528302,0.0,Нейтр/Космос
Дейр,onym,Туманность Андромеды,1,365,0.001768867924528302,0.0,Нейтр/Космос
Австралию,onym,Туманность Андромеды,1,365,0.001768867924528302,0.0,Нейтр/Космос
Зеландию,onym,Туманность Андромеды,1,365,0.001768867924528302,0.0,Нейтр/Космос
Архипелага,onym,Туманность Андромеды,1,366,0.0005896226415094339,0.0,Нейтр/Космос
Полосы,onym,Туманность Андромеды,1,366,0.0005896226415094339,0.0,Нейтр/Космос
Тавр,onym,Туманность Андромеды,1,367,0.0,0.0,Нейтр/Космос
Зоре,onym,Туманность Андромеды,1,368,0.001768867924528302,0.0,Нейтр/Космос
Нефуд,onym,Туманность Андромеды,1,368,0.001768867924528302,0.0,Нейтр/Космос
Руб,onym,Туманность Андромеды,1,368,0.001768867924528302,0.0,Нейтр/Космос
Хали,onym,Туманность Андромеды,1,368,0.001768867924528302,0.0,Нейтр/Космос
Спиролет,onym,Туманность Андромеды,1,369,0.0,0.0,Нейтр/Космос
Лат,onym,Туманность Андромеды,1,370,0.0,0.0,Нейтр/Космос
Лошадей,onym,Туманность Андромеды,1,371,0.0,0.0,Нейтр/Космос
Остров,onym,Туманность Андромеды,1,372,0.0011792452830188679,0.0,Нейтр/Космос
Глиссер,onym,Туманность Андромеды,1,372,0.0011792452830188679,0.0,Нейтр/Космос
Мостом,onym,Туманность Андромеды,1,372,0.0011792452830188679,0.0,Нейтр/Космос
Рай,onym,Час Быка,1,373,0.0011792452830188679,6.957199309845829e-07,Нейтр/Космос
Матери,onym,Туманность Андромеды,1,373,0.0005896226415094339,0.0,Нейтр/Космос
Страдания,onym,Туманность Андромеды,1,374,0.0,0.0,Нейтр/Космос
Войны,onym,Туманность Андромеды,1,375,0.0,0.0,Нейтр/Космос
Моторист,onym,Туманность Андромеды,1,376,0.0,0.0,Нейтр/Космос
Личность,onym,Туманность Андромеды,1,377,0.0,0.0,Нейтр/Космос
Поворот,onym,Туманность Андромеды,1,378,0.0,0.0,Нейтр/Космос
Рыбак,onym,Туманность Андромеды,1,379,0.0005896226415094339,0.0,Нейтр/Космос
Обитатель,onym,Туманность Андромеды,1,379,0.0005896226415094339,0.0,Нейтр/Космос
Миру,onym,Туманность Андромеды,1,380,0.0,0.0,Нейтр/Космос
Дел,onym,Туманность Андромеды,1,381,0.0,0.0,Нейтр/Космос
Стадо,onym,Туманность Андромеды,1,382,0.0011792452830188679,0.0,Нейтр/Космос
Ночь,onym,Туманность Андромеды,1,382,0.0011792452830188679,0.0,Нейтр/Космос
Тукан,onym,Туманность Андромеды,1,382,0.0011792452830188679,0.0,Нейтр/Космос
Язычки,onym,Туманность Андромеды,1,383,0.0005896226415094339,0.0,Нейтр/Космос
Незнания,onym,Туманность Андромеды,1,383,0.0005896226415094339,0.0,Нейтр/Космос
Молодежь,onym,Час Быка,1,327,0.0011792452830188679,0.0,Нейтр/Космос
День,onym,Час Быка,1,3,0.0029481132075471696,4.8700395168920804e-06,Нейтр/Космос
Порывы,onym,Туманность Андромеды,1,3,0.0005896226415094339,0.0,Нейтр/Космос
Донесся,onym,Туманность Андромеды,1,384,0.0,0.0,Нейтр/Космос
Наблюдательность,onym,Туманность Андромеды,1,385,0.0,0.0,Нейтр/Космос
Онар,onym,Туманность Андромеды,1,386,0.0005896226415094339,0.0,Нейтр/Космос
Помощи,onym,Туманность Андромеды,1,386,0.0005896226415094339,0.0,Нейтр/Космос
Опасение,onym,Туманность Андромеды,1,387,0.0,0.0,Нейтр/Космос
Учат,onym,Туманность Андромеды,1,388,0.0,0.0,Нейтр/Космос
Математик,onym,Туманность Андромеды,1,389,0.0,0.0,Нейтр/Космос
Бетом,onym,Туманность Андромеды,1,390,0.0005896226415094339,0.0,Нейтр/Космос
Лоном,onym,Туманность Андромеды,1,390,0.0005896226415094339,0.0,Нейтр/Космос
Двойственность,onym,Туманность Андромеды,1,391,0.0005896226415094339,0.0,Нейтр/Космос
Подчинение,onym,Туманность Андромеды,1,391,0.0005896226415094339,0.0,Нейтр/Космос
Тигры,onym,Туманность Андромеды,1,392,0.0,0.0,Нейтр/Космос
Тигр,onym,Туманность Андромеды,1,393,0.0005896226415094339,0.0,Нейтр/Космос
Скорей,onym,Туманность Андромеды,1,393,0.0005896226415094339,0.0,Нейтр/Космос
Рука,onym,Сердце Змеи,1,394,0.0,0.0,Нейтр/Космос
Кони,onym,Туманность Андромеды,1,395,0.0005896226415094339,0.0,Нейтр/Космос
Галле,onym,Туманность Андромеды,1,395,0.0005896226415094339,0.0,Нейтр/Космос
Средиземноморье,onym,Туманность Андромеды,1,396,0.0,0.0,Нейтр/Космос
Мире,onym,Туманность Андромеды,1,397,0.0,0.0,Нейтр/Космос
Каково,onym,Туманность Андромеды,1,398,0.0011792452830188679,0.0,Нейтр/Космос
Звездах,onym,Туманность Андромеды,1,398,0.0011792452830188679,0.0,Нейтр/Космос
Дух,onym,Туманность Андромеды,1,398,0.0011792452830188679,0.0,Нейтр/Космос
Вопль,onym,Туманность Андромеды,1,399,0.0,0.0,Нейтр/Космос
Укор,onym,Туманность Андромеды,1,400,0.0,0.0,Нейтр/Космос
Полеты,onym,Туманность Андромеды,1,401,0.0,0.0,Нейтр/Космос
Стекла,onym,Туманность Андромеды,1,402,0.0,0.0,Нейтр/Космос
Народу,onym,Туманность Андромеды,1,403,0.0005896226415094339,0.0,Нейтр/Космос
Секретарь,onym,Туманность Андромеды,1,403,0.0005896226415094339,0.0,Нейтр/Космос
Магелланова,onym,Туманность Андромеды,1,404,0.0005896226415094339,0.0,Нейтр/Космос
Галактикой,onym,Туманность Андромеды,1,404,0.0005896226415094339,0.0,Нейтр/Космос
Снимок,onym,Туманность Андромеды,1,405,0.0,0.0,Нейтр/Космос
Вселенную,onym,Туманность Андромеды,1,406,0.0,0.0,Нейтр/Космос
Юты,onym,Туманность Андромеды,1,407,0.0005896226415094339,0.0,Нейтр/Космос
Гай,onym,Туманность Андромеды,1,407,0.0005896226415094339,0.0,Нейтр/Космос
Ива,onym,Туманность Андромеды,1,408,0.0011792452830188679,0.0,Нейтр/Космос
Джан,onym,Туманность Андромеды,1,408,0.0011792452830188679,0.0,Нейтр/Космос
Зеленоглазая,onym,Туманность Андромеды,1,408,0.0011792452830188679,0.0,Нейтр/Космос
Плутон,onym,Туманность Андромеды,1,409,0.0,0.0,Нейтр/Космос
Фигуры,onym,Туманность Андромеды,1,410,0.0,0.0,Нейтр/Космос
Ивы,onym,Туманность Андромеды,1,411,0.0011792452830188679,0.0,Нейтр/Космос
Громом,onym,Туманность Андромеды,1,411,0.0011792452830188679,0.0,Нейтр/Космос
Ормом,onym,Туманность Андромеды,1,411,0.0011792452830188679,0.0,Нейтр/Космос
Гейзенберга,onym,Туманность Андромеды,1,412,0.0,0.0,Нейтр/Космос
Ясен,onym,Туманность Андромеды,1,413,0.0,0.0,Нейтр/Космос
Ответственности,onym,Туманность Андромеды,1,414,0.0011792452830188679,0.0,Нейтр/Космос
Вниманию,onym,Туманность Андромеды,1,414,0.0011792452830188679,0.0,Нейтр/Космос
Бозе,onym,Туманность Андромеды,1,414,0.0011792452830188679,0.0,Нейтр/Космос
Поспешность,onym,Туманность Андромеды,1,415,0.0005896226415094339,0.0,Нейтр/Космос
Ошибкой,onym,Туманность Андромеды,1,415,0.0005896226415094339,0.0,Нейтр/Космос
Вина,onym,Туманность Андромеды,1,416,0.0,0.0,Нейтр/Космос
Наука,onym,Туманность Андромеды,1,417,0.0011792452830188679,0.0,Нейтр/Космос
Трусам,onym,Туманность Андромеды,1,417,0.0011792452830188679,0.0,Нейтр/Космос
Запись,onym,Туманность Андромеды,1,417,0.0011792452830188679,0.0,Нейтр/Космос
Фстанций,onym,Туманность Андромеды,1,418,0.0,0.0,Нейтр/Космос
Подсчет,onym,Туманность Андромеды,1,419,0.0,0.0,Нейтр/Космос
Хиссу,onym,Туманность Андромеды,1,420,0.0,0.0,Нейтр/Космос
Высказывание,onym,Туманность Андромеды,1,421,0.0,0.0,Нейтр/Космос
Ученыйастроном,onym,Туманность Андромеды,1,422,0.0,0.0,Нейтр/Космос
Отбросим,onym,Туманность Андромеды,1,423,0.0,0.0,Нейтр/Космос
Члены,onym,Час Быка,1,424,0.0005896226415094339,0.0,Нейтр/Космос
Обстоятельства,onym,Туманность Андромеды,1,424,0.0005896226415094339,0.0,Нейтр/Космос
Мудрость,onym,Час Быка,1,581,0.0005896226415094339,0.0,Нейтр/Космос
Заключение,onym,Туманность Андромеды,1,425,0.0,0.0,Нейтр/Космос
Совете,onym,Час Быка,1,426,0.0005896226415094339,0.0,Нейтр/Космос
Познания,onym,Туманность Андромеды,1,426,0.0005896226415094339,0.0,Нейтр/Космос
Советами,onym,Час Быка,1,427,0.0023584905660377358,1.669727834362999e-05,Нейтр/Космос
Усовершенствование,onym,Туманность Андромеды,1,427,0.0023584905660377358,4.638132873230553e-06,Нейтр/Космос
Аэлла,onym,Туманность Андромеды,1,427,0.0023584905660377358,4.638132873230553e-06,Нейтр/Космос
Тинтажель,onym,Туманность Андромеды,1,427,0.0023584905660377358,4.638132873230553e-06,Нейтр/Космос
Лебедем,onym,Туманность Андромеды,1,427,0.0023584905660377358,1.9480158067568322e-05,Нейтр/Космос
Попытка,onym,Туманность Андромеды,1,427,0.0023584905660377358,1.669727834362999e-05,Нейтр/Космос
Дзеты,onym,Туманность Андромеды,1,427,0.001768867924528302,0.0,Нейтр/Космос
Кормы,onym,Туманность Андромеды,1,427,0.001768867924528302,0.0,Нейтр/Космос
Форма,onym,Туманность Андромеды,1,427,0.001768867924528302,0.0,Нейтр/Космос
Ахернар,onym,Туманность Андромеды,1,428,0.0011792452830188679,0.0,Нейтр/Космос
Пятна,onym,Туманность Андромеды,1,428,0.0011792452830188679,0.0,Нейтр/Космос
Диаметром,onym,Туманность Андромеды,1,428,0.0011792452830188679,0.0,Нейтр/Космос
Снимки,onym,Туманность Андромеды,1,429,0.0,0.0,Нейтр/Космос
Альфа,onym,Туманность Андромеды,1,430,0.0005896226415094339,0.0,Нейтр/Космос
Туканом,onym,Туманность Андромеды,1,430,0.0005896226415094339,0.0,Нейтр/Космос
Трудность,onym,Туманность Андромеды,1,431,0.0,0.0,Нейтр/Космос
Надир,onym,Туманность Андромеды,1,432,0.0,0.0,Нейтр/Космос
Ахернару,onym,Туманность Андромеды,1,433,0.0,0.0,Нейтр/Космос
Омикрон,onym,Туманность Андромеды,1,434,0.0005896226415094339,0.0,Нейтр/Космос
Размерами,onym,Туманность Андромеды,1,434,0.0011792452830188679,6.957199309845829e-07,Нейтр/Космос
Тяготение,onym,Туманность Андромеды,1,434,0.0005896226415094339,0.0,Нейтр/Космос
Достижение,onym,Туманность Андромеды,1,435,0.0,0.0,Нейтр/Космос
Аэллу,onym,Туманность Андромеды,1,436,0.0005896226415094339,0.0,Нейтр/Космос
Романтика,onym,Туманность Андромеды,1,436,0.0005896226415094339,0.0,Нейтр/Космос
Долголетие,onym,Туманность Андромеды,1,437,0.0,0.0,Нейтр/Космос
Лио,onym,Туманность Андромеды,1,438,0.0,0.0,Нейтр/Космос
Ангелы,onym,Туманность Андромеды,1,439,0.0011792452830188679,0.0,Нейтр/Космос
Затаив,onym,Час Быка,1,439,0.0011792452830188679,0.0,Нейтр/Космос
Обилие,onym,Туманность Андромеды,1,439,0.001768867924528302,1.3914398619691658e-06,Нейтр/Космос
Паутина,onym,Туманность Андромеды,1,439,0.0005896226415094339,0.0,Нейтр/Космос
Медузы,onym,Туманность Андромеды,1,440,0.0005896226415094339,0.0,Нейтр/Космос
Связь,onym,Туманность Андромеды,1,440,0.0005896226415094339,0.0,Нейтр/Космос
Надежда,onym,Туманность Андромеды,1,441,0.0,0.0,Нейтр/Космос
Восстановлением,onym,Туманность Андромеды,1,442,0.0,0.0,Нейтр/Космос
Электроды,onym,Туманность Андромеды,1,443,0.0,0.0,Нейтр/Космос
Комки,onym,Туманность Андромеды,1,444,0.0005896226415094339,0.0,Нейтр/Космос
Близоруко,onym,Туманность Андромеды,1,444,0.0005896226415094339,0.0,Нейтр/Космос
Шланги,onym,Туманность Андромеды,1,445,0.0,0.0,Нейтр/Космос
Лаборатория,onym,Туманность Андромеды,1,446,0.0005896226415094339,0.0,Нейтр/Космос
Ассистенты,onym,Туманность Андромеды,1,446,0.0005896226415094339,0.0,Нейтр/Космос
Приборы,onym,Туманность Андромеды,1,447,0.0,0.0,Нейтр/Космос
Запах,onym,Туманность Андромеды,1,448,0.0,0.0,Нейтр/Космос
Речка,onym,Туманность Андромеды,1,449,0.0,0.0,Нейтр/Космос
Астролетчик,onym,Туманность Андромеды,1,450,0.0,0.0,Нейтр/Космос
Мечтатель,onym,Туманность Андромеды,1,451,0.0,0.0,Нейтр/Космос
Исландию,onym,Туманность Андромеды,1,452,0.0023584905660377358,0.0,Нейтр/Космос
Осенние,onym,Туманность Андромеды,1,452,0.0023584905660377358,0.0,Нейтр/Космос
Листья,onym,Туманность Андромеды,1,452,0.0023584905660377358,0.0,Нейтр/Космос
Заря,onym,Туманность Андромеды,1,452,0.0029481132075471696,1.0435798964768744e-06,Нейтр/Космос
Грахама,onym,Туманность Андромеды,1,452,0.0029481132075471696,1.0435798964768744e-06,Нейтр/Космос
Хорош,onym,Туманность Андромеды,1,452,0.0011792452830188679,0.0,Нейтр/Космос
Смотрела,onym,Туманность Андромеды,1,453,0.0011792452830188679,0.0,Нейтр/Космос
Арком,onym,Туманность Андромеды,1,453,0.0029481132075471696,0.00011722880837090222,Нейтр/Космос
Гиром,onym,Туманность Андромеды,1,453,0.0029481132075471696,0.00011722880837090222,Нейтр/Космос
Обольстительной,onym,Туманность Андромеды,1,453,0.0029481132075471696,2.087159792953749e-06,Нейтр/Космос
Аннабель,onym,Туманность Андромеды,1,453,0.0029481132075471696,2.087159792953749e-06,Нейтр/Космос
Мужчины,onym,Час Быка,1,453,0.004127358490566038,0.0020739411142650416,Нейтр/Космос
Электробус,onym,Туманность Андромеды,1,453,0.0023584905660377358,0.0004689152334836089,Нейтр/Космос
Слово,onym,Туманность Андромеды,1,453,0.0011792452830188679,0.00023515333667278903,Нейтр/Космос
Вестники,onym,Туманность Андромеды,1,453,0.0005896226415094339,0.0,Нейтр/Космос
Субантарктики,onym,Туманность Андромеды,1,454,0.0,0.0,Нейтр/Космос
Матерей,onym,Туманность Андромеды,1,455,0.0005896226415094339,0.0,Нейтр/Космос
Ява,onym,Туманность Андромеды,1,455,0.0005896226415094339,0.0,Нейтр/Космос
Горсточка,onym,Туманность Андромеды,1,456,0.0,0.0,Нейтр/Космос
Змеей,onym,Туманность Андромеды,1,457,0.0,0.0,Нейтр/Космос
Антарктики,onym,Сердце Змеи,1,498,0.004127358490566038,8.592141147659597e-06,Нейтр/Космос
Эмба,onym,Туманность Андромеды,1,458,0.0011792452830188679,0.0,Нейтр/Космос
Онга,onym,Туманность Андромеды,1,458,0.0011792452830188679,0.0,Нейтр/Космос
Знаний,onym,Туманность Андромеды,1,458,0.0011792452830188679,0.0,Нейтр/Космос
Тема,onym,Туманность Андромеды,1,459,0.0,0.0,Нейтр/Космос
Хомра,onym,Туманность Андромеды,1,460,0.0,0.0,Нейтр/Космос
Слои,onym,Туманность Андромеды,1,461,0.0005896226415094339,0.0,Нейтр/Космос
Покров,onym,Туманность Андромеды,1,461,0.0005896226415094339,0.0,Нейтр/Космос
Аллена,onym,Туманность Андромеды,1,462,0.0,0.0,Нейтр/Космос
Кад,onym,Туманность Андромеды,1,463,0.0005896226415094339,0.0,Нейтр/Космос
Лайта,onym,Туманность Андромеды,1,463,0.0005896226415094339,0.0,Нейтр/Космос
Атмосферы,onym,Туманность Андромеды,1,464,0.0005896226415094339,0.0,Нейтр/Космос
Каракоруме,onym,Туманность Андромеды,1,464,0.0005896226415094339,0.0,Нейтр/Космос
Барион,onym,Туманность Андромеды,1,465,0.0005896226415094339,0.0,Нейтр/Космос
Решение,onym,Туманность Андромеды,1,465,0.001768867924528302,1.3914398619691658e-06,Нейтр/Космос
Планетолет,onym,Туманность Андромеды,1,465,0.0011792452830188679,0.0,Нейтр/Космос
Алтай,onym,Туманность Андромеды,1,465,0.0011792452830188679,0.0,Нейтр/Космос
Распределение,onym,Туманность Андромеды,1,466,0.0,0.0,Нейтр/Космос
Постройка,onym,Туманность Андромеды,1,126,0.0005896226415094339,0.0,Нейтр/Космос
Законы,onym,Сердце Змеи,1,126,0.0011792452830188679,6.957199309845829e-07,Нейтр/Космос
Сборка,onym,Туманность Андромеды,1,467,0.0,0.0,Нейтр/Космос
Метки,onym,Туманность Андромеды,1,468,0.0,0.0,Нейтр/Космос
Алтая,onym,Туманность Андромеды,1,469,0.0011792452830188679,0.0,Нейтр/Космос
Куча,onym,Туманность Андромеды,1,469,0.001768867924528302,3.4785996549229144e-07,Нейтр/Космос
Буксир,onym,Туманность Андромеды,1,469,0.001768867924528302,3.4785996549229144e-07,Нейтр/Космос
Ракеты,onym,Туманность Андромеды,1,469,0.0011792452830188679,0.0,Нейтр/Космос
Землею,onym,Туманность Андромеды,1,470,0.0,0.0,Нейтр/Космос
Каюты,onym,Туманность Андромеды,1,471,0.0,0.0,Нейтр/Космос
Тележки,onym,Туманность Андромеды,1,472,0.0005896226415094339,0.0,Нейтр/Космос
Ловко,onym,Туманность Андромеды,1,472,0.0005896226415094339,0.0,Нейтр/Космос
Ден,onym,Туманность Андромеды,1,473,0.0011792452830188679,0.0,Нейтр/Космос
Куль,onym,Туманность Андромеды,1,473,0.0011792452830188679,0.0,Нейтр/Космос
Убежище,onym,Туманность Андромеды,1,473,0.0011792452830188679,0.0,Нейтр/Космос
Воображение,onym,Туманность Андромеды,1,474,0.0005896226415094339,0.0,Нейтр/Космос
Чучела,onym,Туманность Андромеды,1,474,0.0005896226415094339,0.0,Нейтр/Космос
Модели,onym,Туманность Андромеды,1,475,0.0005896226415094339,0.0,Нейтр/Космос
Зал,onym,Туманность Андромеды,1,475,0.0011792452830188679,6.957199309845829e-07,Нейтр/Космос
Археологи,onym,Туманность Андромеды,1,475,0.0005896226415094339,0.0,Нейтр/Космос
Сотнями,onym,Туманность Андромеды,1,476,0.0,0.0,Нейтр/Космос
Столб,onym,Туманность Андромеды,1,477,0.0,0.0,Нейтр/Космос
Жизнь,onym,Сердце Змеи,1,214,0.004127358490566038,7.799793448482706e-05,Нейтр/Космос
Отказ,onym,Туманность Андромеды,1,478,0.0,0.0,Нейтр/Космос
Наследница,onym,Туманность Андромеды,1,479,0.0,0.0,Нейтр/Космос
Спуск,onym,Туманность Андромеды,1,480,0.0005896226415094339,0.0,Нейтр/Космос
Глыбы,onym,Туманность Андромеды,1,480,0.0005896226415094339,0.0,Нейтр/Космос
Запор,onym,Туманность Андромеды,1,481,0.0,0.0,Нейтр/Космос
Механизмы,onym,Туманность Андромеды,1,482,0.0,0.0,Нейтр/Космос
Чертежи,onym,Туманность Андромеды,1,483,0.0,0.0,Нейтр/Космос
Вооружение,onym,Туманность Андромеды,1,484,0.0,0.0,Нейтр/Космос
Нужность,onym,Туманность Андромеды,1,485,0.0,0.0,Нейтр/Космос
Индивидуалисты,onym,Туманность Андромеды,1,486,0.0,0.0,Нейтр/Космос
Рискнем,onym,Туманность Андромеды,1,487,0.0,0.0,Нейтр/Космос
Клубы,onym,Туманность Андромеды,1,488,0.0,0.0,Нейтр/Космос
Истории,onym,Час Быка,1,281,0.0011792452830188679,2.7828797239383316e-06,Нейтр/Космос
Комната,onym,Туманность Андромеды,1,281,0.0005896226415094339,0.0,Нейтр/Космос
Машина,onym,Час Быка,1,191,0.0029481132075471696,1.159533218307638e-07,Нейтр/Космос
Людой,onym,Туманность Андромеды,1,489,0.0011792452830188679,0.0,Нейтр/Космос
Фир,onym,Туманность Андромеды,1,489,0.0011792452830188679,0.0,Нейтр/Космос
Люде,onym,Туманность Андромеды,1,489,0.001768867924528302,1.3914398619691658e-06,Нейтр/Космос
Вызов,onym,Туманность Андромеды,1,489,0.0005896226415094339,0.0,Нейтр/Космос
Мозгу,onym,Туманность Андромеды,1,490,0.0011792452830188679,0.0,Нейтр/Космос
Определенности,onym,Туманность Андромеды,1,490,0.0011792452830188679,0.0,Нейтр/Космос
Данные,onym,Туманность Андромеды,1,490,0.001768867924528302,1.3914398619691658e-06,Нейтр/Космос
Мозг,onym,Туманность Андромеды,1,490,0.0005896226415094339,0.0,Нейтр/Космос
Устойчивость,onym,Туманность Андромеды,1,491,0.0,0.0,Нейтр/Космос
Страданьем,onym,Туманность Андромеды,1,492,0.0,0.0,Нейтр/Космос
Усилиями,onym,Туманность Андромеды,1,493,0.0,0.0,Нейтр/Космос
Сирт,onym,Туманность Андромеды,1,494,0.0,0.0,Нейтр/Космос
Свист,onym,Туманность Андромеды,1,495,0.0,0.0,Нейтр/Космос
Сахары,onym,Туманность Андромеды,1,496,0.0,0.0,Нейтр/Космос
Зеркала,onym,Туманность Андромеды,1,497,0.0023584905660377358,0.0,Нейтр/Космос
Круг,onym,Туманность Андромеды,1,497,0.0029481132075471696,1.7392998274614572e-07,Нейтр/Космос
Тинтажеля,onym,Туманность Андромеды,1,497,0.0029481132075471696,1.7392998274614572e-07,Нейтр/Космос
Эллипс,onym,Туманность Андромеды,1,497,0.0029481132075471696,1.7392998274614572e-07,Нейтр/Космос
Аэллы,onym,Туманность Андромеды,1,497,0.0029481132075471696,1.7392998274614572e-07,Нейтр/Космос
Пепел,onym,Туманность Андромеды,1,497,0.0023584905660377358,0.0,Нейтр/Космос
Ероша,onym,Туманность Андромеды,1,634,0.0005896226415094339,0.0,Нейтр/Космос
Сеть,onym,Час Быка,1,634,0.0011792452830188679,1.3914398619691658e-06,Нейтр/Космос
Миллионы,onym,Сердце Змеи,1,498,0.0047169811320754715,2.9463739077197093e-05,Нейтр/Космос
Многие,onym,Час Быка,1,498,0.0011792452830188679,1.1131518895753326e-05,Нейтр/Космос
Ценитель,onym,Туманность Андромеды,1,498,0.0005896226415094339,0.0,Нейтр/Космос
Корона,onym,Туманность Андромеды,1,499,0.0,0.0,Нейтр/Космос
Ахернара,onym,Туманность Андромеды,1,500,0.0,0.0,Нейтр/Космос
Лебедю,onym,Туманность Андромеды,1,501,0.0005896226415094339,0.0,Нейтр/Космос
Идя,onym,Туманность Андромеды,1,501,0.0005896226415094339,0.0,Нейтр/Космос
Космопорт,onym,Туманность Андромеды,1,502,0.0,0.0,Нейтр/Космос
Огонек,onym,Туманность Андромеды,1,503,0.0005896226415094339,0.0,Нейтр/Космос
Поток,onym,Туманность Андромеды,1,503,0.0005896226415094339,0.0,Нейтр/Космос
Разрыв,onym,Туманность Андромеды,1,504,0.0005896226415094339,0.0,Нейтр/Космос
Андромеде,onym,Туманность Андромеды,1,504,0.0005896226415094339,0.0,Нейтр/Космос
Равнина,onym,Туманность Андромеды,1,505,0.0,0.0,Нейтр/Космос
Платформа,onym,Туманность Андромеды,1,506,0.0,0.0,Нейтр/Космос
Киносъемщики,onym,Туманность Андромеды,1,507,0.0,0.0,Нейтр/Космос
Юность,onym,Туманность Андромеды,1,508,0.0,0.0,Нейтр/Космос
Подвиг,onym,Туманность Андромеды,1,509,0.0,0.0,Нейтр/Космос
Хомры,onym,Туманность Андромеды,1,510,0.0005896226415094339,0.0,Нейтр/Космос
Подъемник,onym,Туманность Андромеды,1,510,0.0005896226415094339,0.0,Нейтр/Космос
Секунда,onym,Туманность Андромеды,1,511,0.0,0.0,Нейтр/Космос
Вибрация,onym,Туманность Андромеды,1,512,0.0,0.0,Нейтр/Космос
Башня,onym,Туманность Андромеды,1,513,0.0005896226415094339,0.0,Нейтр/Космос
Колокол,onym,Туманность Андромеды,1,513,0.0005896226415094339,0.0,Нейтр/Космос
Гордость,onym,Туманность Андромеды,1,514,0.0,0.0,Нейтр/Космос
Москва,onym,Туманность Андромеды,1,515,0.001768867924528302,0.0,Нейтр/Космос
Мозжинка,onym,Туманность Андромеды,1,515,0.001768867924528302,0.0,Нейтр/Космос
Коктебель,onym,Туманность Андромеды,1,515,0.001768867924528302,0.0,Нейтр/Космос
Туманностью,onym,Туманность Андромеды,1,515,0.001768867924528302,0.0,Нейтр/Космос
Поэтов,onym,Туманность Андромеды,1,516,0.0005896226415094339,0.0,Нейтр/Космос
Драматурга,onym,Туманность Андромеды,1,516,0.0005896226415094339,0.0,Нейтр/Космос
Желание,onym,Туманность Андромеды,1,517,0.0,0.0,Нейтр/Космос
Рассказы,onym,Туманность Андромеды,1,518,0.0,0.0,Нейтр/Космос
Голец,onym,Туманность Андромеды,1,519,0.0005896226415094339,0.0,Нейтр/Космос
Белой,onym,Туманность Андромеды,1,519,0.0005896226415094339,0.0,Нейтр/Космос
Толстой,onym,Туманность Андромеды,1,520,0.001768867924528302,0.0,Нейтр/Космос
Толстому,onym,Туманность Андромеды,1,520,0.001768867924528302,0.0,Нейтр/Космос
Аэлиты,onym,Туманность Андромеды,1,520,0.0023584905660377358,6.957199309845829e-07,Нейтр/Космос
Петра,onym,Туманность Андромеды,1,520,0.0023584905660377358,6.957199309845829e-07,Нейтр/Космос
Мысль,onym,Туманность Андромеды,1,520,0.0011792452830188679,0.0,Нейтр/Космос
Путями,onym,Туманность Андромеды,1,521,0.0005896226415094339,0.0,Нейтр/Космос
Ойкумены,onym,Туманность Андромеды,1,521,0.0005896226415094339,0.0,Нейтр/Космос
Египта,onym,Туманность Андромеды,1,522,0.0,0.0,Нейтр/Космос
Жюль,onym,Туманность Андромеды,1,523,0.0011792452830188679,0.0,Нейтр/Космос
Верн,onym,Туманность Андромеды,1,523,0.0011792452830188679,0.0,Нейтр/Космос
Верна,onym,Туманность Андромеды,1,523,0.0011792452830188679,0.0,Нейтр/Космос
Поморья,onym,Туманность Андромеды,1,524,0.0,0.0,Нейтр/Космос
Словом,onym,Туманность Андромеды,1,525,0.0,0.0,Нейтр/Космос
Задача,onym,Туманность Андромеды,1,526,0.0,0.0,Нейтр/Космос
Змеи,onym,Сердце Змеи,1,214,0.00884433962264151,0.0029797677907971824,Нейтр/Космос
Образ,onym,Туманность Андромеды,1,527,0.0,0.0,Нейтр/Космос
Герои,onym,Туманность Андромеды,1,528,0.0,0.0,Нейтр/Космос
Уэллса,onym,Туманность Андромеды,1,529,0.0011792452830188679,0.0,Нейтр/Космос
Машиной,onym,Туманность Андромеды,1,529,0.0011792452830188679,0.0,Нейтр/Космос
Уэллсом,onym,Туманность Андромеды,1,529,0.0011792452830188679,0.0,Нейтр/Космос
Автор,onym,Туманность Андромеды,1,530,0.0005896226415094339,0.0,Нейтр/Космос
Поясню,onym,Туманность Андромеды,1,530,0.001768867924528302,1.3914398619691658e-06,Нейтр/Космос
Года,onym,Туманность Андромеды,1,530,0.0011792452830188679,0.0,Нейтр/Космос
Китае,onym,Туманность Андромеды,1,530,0.0011792452830188679,0.0,Нейтр/Космос
Магеллана,onym,Туманность Андромеды,1,531,0.0,0.0,Нейтр/Космос
Предание,onym,Туманность Андромеды,1,532,0.0,0.0,Нейтр/Космос
Тьмы,onym,Туманность Андромеды,1,533,0.0,0.0,Нейтр/Космос
Ветров,onym,Туманность Андромеды,1,534,0.0011792452830188679,0.0,Нейтр/Космос
Гоби,onym,Туманность Андромеды,1,534,0.0011792452830188679,0.0,Нейтр/Космос
Монголии,onym,Туманность Андромеды,1,534,0.0011792452830188679,0.0,Нейтр/Космос
Москвой,onym,Туманность Андромеды,1,535,0.0005896226415094339,0.0,Нейтр/Космос
Вечерами,onym,Туманность Андромеды,1,535,0.0005896226415094339,0.0,Нейтр/Космос
Хиросиме,onym,Туманность Андромеды,1,536,0.0,0.0,Нейтр/Космос
Ноор,onym,Туманность Андромеды,1,537,0.0,0.0,Земля
Фантасту,onym,Туманность Андромеды,1,538,0.0023584905660377358,0.0,Нейтр/Космос
Баллада,onym,Туманность Андромеды,1,538,0.0029481132075471696,1.7392998274614572e-07,Нейтр/Космос
Альтова,onym,Туманность Андромеды,1,538,0.0029481132075471696,1.7392998274614572e-07,Нейтр/Космос
Журавлевой,onym,Туманность Андромеды,1,538,0.0029481132075471696,1.7392998274614572e-07,Нейтр/Космос
Герой,onym,Туманность Андромеды,1,538,0.0029481132075471696,1.7392998274614572e-07,Нейтр/Космос
Чепуха,onym,Туманность Андромеды,1,538,0.0023584905660377358,0.0,Нейтр/Космос
Ойкуменой,onym,Туманность Андромеды,1,539,0.0,0.0,Нейтр/Космос
Маяковского,onym,Туманность Андромеды,1,540,0.0,0.0,Нейтр/Космос
Примечания,onym,Туманность Андромеды,1,541,0.0,0.0,Нейтр/Космос
Изогравы,onym,Туманность Андромеды,1,542,0.0,0.0,Нейтр/Космос
Силиколл,onym,Туманность Андромеды,1,543,0.0005896226415094339,0.0,Нейтр/Космос
Силикобор,onym,Туманность Андромеды,1,543,0.0011792452830188679,6.957199309845829e-07,Нейтр/Космос
Peпaгулярное,onym,Туманность Андромеды,1,543,0.0005896226415094339,0.0,Нейтр/Космос
Аплит,onym,Туманность Андромеды,1,544,0.0011792452830188679,0.0,Нейтр/Космос
Лейкодендроны,onym,Туманность Андромеды,1,544,0.0011792452830188679,0.0,Нейтр/Космос
Виддрингтония,onym,Туманность Андромеды,1,544,0.0011792452830188679,0.0,Нейтр/Космос
Быка,onym,Час Быка,1,214,0.005306603773584905,0.0,Нейтр/Космос
Демона,onym,Час Быка,1,214,0.005306603773584905,0.0,Нейтр/Космос
Иннокентия,onym,Час Быка,1,214,0.005306603773584905,0.0,Нейтр/Космос
Пекин,onym,Час Быка,1,214,0.005306603773584905,0.0,Нейтр/Космос
Ефремовой,onym,Час Быка,1,214,0.005306603773584905,0.0,Нейтр/Космос
Сердца,onym,Час Быка,1,214,0.005306603773584905,0.0,Нейтр/Космос
Ленина,onym,Час Быка,1,3,0.0005896226415094339,0.0,Нейтр/Космос
Богданову,onym,Час Быка,1,545,0.0011792452830188679,0.0,Нейтр/Космос
Часе,onym,Час Быка,1,545,0.0011792452830188679,0.0,Нейтр/Космос
Август,onym,Час Быка,1,546,0.010023584905660377,0.0,Нейтр/Космос
Фай,onym,Час Быка,1,546,0.01474056603773585,4.347885299440157e-06,Нейтр/Космос
Родис,onym,Час Быка,1,546,0.01474056603773585,4.347885299440157e-06,Земля
Командир,onym,Сердце Змеи,1,546,0.015330188679245283,6.417397774385173e-05,Нейтр/Космос
Гриф,onym,Час Быка,1,546,0.017099056603773585,6.628852254634688e-05,Нейтр/Космос
Рифт,onym,Час Быка,1,546,0.01768867924528302,6.706355263228072e-05,Нейтр/Космос
Мента,onym,Час Быка,1,546,0.020636792452830188,0.0001052401870706198,Нейтр/Космос
Кор,onym,Сердце Змеи,1,546,0.022995283018867923,0.0010382006145209463,Нейтр/Космос
Инженер,onym,Час Быка,1,546,0.021816037735849055,0.00014612955988021686,Нейтр/Космос
Див,onym,Час Быка,1,546,0.02240566037735849,0.0001629841123456965,Нейтр/Космос
Симбел,onym,Час Быка,1,546,0.02240566037735849,0.0001629841123456965,Нейтр/Космос
Гэн,onym,Час Быка,1,546,0.023584905660377357,0.00019806779571028283,Нейтр/Космос
Атал,onym,Час Быка,1,546,0.023584905660377357,0.00019806779571028283,Нейтр/Космос
Нея,onym,Час Быка,1,546,0.02417452830188679,0.0002191855169952453,Нейтр/Космос
Холли,onym,Час Быка,1,546,0.024764150943396224,0.00024482747873369584,Нейтр/Космос
Соль,onym,Час Быка,1,546,0.02417452830188679,0.0002248750532801484,Нейтр/Космос
Саин,onym,Час Быка,1,546,0.024764150943396224,0.0002564670661070575,Нейтр/Космос
Олла,onym,Час Быка,1,546,0.026533018867924526,0.0002497613126928001,Нейтр/Космос
Дез,onym,Час Быка,1,546,0.02712264150943396,0.0002703167950293758,Нейтр/Космос
Флота,onym,Час Быка,1,546,0.026533018867924526,0.00021267889568737068,Нейтр/Космос
Эвиза,onym,Час Быка,1,546,0.026533018867924526,0.00021267889568737068,Нейтр/Космос
Танет,onym,Час Быка,1,546,0.026533018867924526,0.00021267889568737068,Нейтр/Космос
Хенако,onym,Час Быка,1,546,0.025353773584905658,0.00021258235128233908,Нейтр/Космос
Социолог,onym,Час Быка,1,546,0.025353773584905658,0.00021258235128233908,Нейтр/Космос
Чеди,onym,Час Быка,1,546,0.025353773584905658,0.00021258235128233908,Нейтр/Космос
Даан,onym,Час Быка,1,546,0.024764150943396224,0.00020764134702936426,Нейтр/Космос
Астрофизик,onym,Час Быка,1,546,0.02417452830188679,0.00020311895189115253,Нейтр/Космос
Лик,onym,Час Быка,1,546,0.024764150943396224,0.00022477150855623447,Нейтр/Космос
Персонажи,onym,Час Быка,1,546,0.025353773584905658,0.0003312505406609789,Нейтр/Космос
Торманс,onym,Час Быка,1,546,0.025353773584905658,0.0003312505406609789,Торманс
Владыка,onym,Час Быка,1,546,0.024764150943396224,0.0005891903607071885,Нейтр/Космос
Чойо,onym,Час Быка,1,546,0.023584905660377357,0.0005425293126451994,Нейтр/Космос
Чагас,onym,Час Быка,1,546,0.023584905660377357,0.0005425293126451994,Торманс
Ген,onym,Час Быка,1,546,0.022995283018867923,0.0005841950856433808,Нейтр/Космос
Зет,onym,Час Быка,1,546,0.022995283018867923,0.0006448489897832903,Нейтр/Космос
Луф,onym,Час Быка,1,546,0.02240566037735849,0.0006763097687738333,Нейтр/Космос
Жена,onym,Час Быка,1,546,0.021816037735849055,0.0006469976918407407,Нейтр/Космос
Чагаса,onym,Час Быка,1,546,0.021816037735849055,0.0006469976918407407,Торманс
Янтре,onym,Час Быка,1,546,0.021816037735849055,0.0006469976918407407,Нейтр/Космос
Яхах,onym,Час Быка,1,546,0.021816037735849055,0.0006469976918407407,Торманс
Любовница,onym,Час Быка,1,546,0.02122641509433962,0.0006303733958300497,Нейтр/Космос
Толло,onym,Час Быка,1,546,0.01768867924528302,7.035985824947734e-05,Нейтр/Космос
Гао,onym,Час Быка,1,546,0.015919811320754717,0.0013583693217910115,Нейтр/Космос
Юар,onym,Час Быка,1,546,0.015330188679245283,0.0011370110253594256,Нейтр/Космос
Янгар,onym,Час Быка,1,546,0.01474056603773585,0.0010285799594075455,Нейтр/Космос
Торманса,onym,Час Быка,1,546,0.01356132075471698,0.0008223540134544975,Торманс
Предводитель,onym,Час Быка,1,546,0.01061320754716981,0.0004502580926687868,Нейтр/Космос
Гзер,onym,Час Быка,1,546,0.010023584905660377,0.0003880310792389043,Нейтр/Космос
Пролог,onym,Час Быка,1,546,0.009433962264150943,0.00032863119734647463,Нейтр/Космос
Готовя,onym,Час Быка,1,546,0.005306603773584905,0.0,Нейтр/Космос
Тишина,onym,Час Быка,1,8,0.0023584905660377358,0.0013692488328910658,Нейтр/Космос
Сомнения,onym,Час Быка,1,52,0.001768867924528302,0.0,Нейтр/Космос
Рук,onym,Час Быка,1,52,0.0023584905660377358,4.638132873230552e-07,Нейтр/Космос
Ларк,onym,Час Быка,1,547,0.0011792452830188679,0.0,Нейтр/Космос
Пуна,onym,Час Быка,1,547,0.0011792452830188679,0.0,Нейтр/Космос
Айода,onym,Час Быка,1,24,0.0011792452830188679,0.0,Нейтр/Космос
Формулировка,onym,Час Быка,1,8,0.0011792452830188679,0.0,Нейтр/Космос
Кими,onym,Час Быка,1,8,0.0011792452830188679,0.0,Нейтр/Космос
Реват,onym,Час Быка,1,548,0.001768867924528302,0.0,Нейтр/Космос
Ученики,onym,Час Быка,1,548,0.001768867924528302,0.0,Нейтр/Космос
Миран,onym,Час Быка,1,549,0.0,0.0,Нейтр/Космос
Рыцарей,onym,Час Быка,1,550,0.001768867924528302,0.0,Нейтр/Космос
Счастья,onym,Час Быка,1,550,0.001768867924528302,0.0,Нейтр/Космос
Кунти,onym,Час Быка,1,550,0.001768867924528302,0.0,Нейтр/Космос
Тормансе,onym,Час Быка,1,550,0.001768867924528302,0.0,Торманс
Пламени,onym,Час Быка,1,44,0.0005896226415094339,0.0,Нейтр/Космос
Декана,onym,Час Быка,1,172,0.0005896226415094339,0.0,Нейтр/Космос
Антимир,onym,Час Быка,1,551,0.0005896226415094339,0.0,Нейтр/Космос
Тамасом,onym,Час Быка,1,551,0.001768867924528302,3.4785996549229142e-06,Нейтр/Космос
Шакти,onym,Час Быка,1,551,0.001768867924528302,2.087159792953749e-06,Нейтр/Космос
Тамаса,onym,Час Быка,1,551,0.001768867924528302,2.087159792953749e-06,Нейтр/Космос
Тамасе,onym,Час Быка,1,551,0.001768867924528302,5.565759447876663e-06,Нейтр/Космос
Рэр,onym,Час Быка,1,551,0.0011792452830188679,3.4785996549229142e-06,Нейтр/Космос
Иветты,onym,Час Быка,1,551,0.0005896226415094339,0.0,Нейтр/Космос
Лоренцево,onym,Час Быка,1,552,0.0,0.0,Нейтр/Космос
Нуль,onym,Час Быка,1,553,0.0,0.0,Нейтр/Космос
Тамас,onym,Час Быка,1,554,0.0,0.0,Нейтр/Космос
Луча,onym,Час Быка,1,71,0.0011792452830188679,0.0,Нейтр/Космос
Экранах,onym,Час Быка,1,71,0.0029481132075471696,6.493386022522774e-06,Нейтр/Космос
Станций,onym,Час Быка,1,71,0.0029481132075471696,6.493386022522774e-06,Нейтр/Космос
Триста,onym,Час Быка,1,71,0.0023584905660377358,0.0,Нейтр/Космос
Трава,onym,Час Быка,1,555,0.0,0.0,Нейтр/Космос
Модель,onym,Час Быка,1,556,0.0005896226415094339,0.0,Нейтр/Космос
Площадка,onym,Час Быка,1,556,0.0011792452830188679,6.9571993098458285e-06,Нейтр/Космос
Тивиса,onym,Час Быка,1,557,0.0,0.0,Нейтр/Космос
Тивисы,onym,Час Быка,1,558,0.0011792452830188679,0.0,Нейтр/Космос
Вир,onym,Час Быка,1,558,0.001768867924528302,1.0435798964768744e-06,Нейтр/Космос
Норин,onym,Час Быка,1,558,0.001768867924528302,1.0435798964768744e-06,Нейтр/Космос
Атала,onym,Час Быка,1,558,0.001768867924528302,4.174319585907498e-06,Нейтр/Космос
Статуи,onym,Час Быка,1,558,0.0011792452830188679,2.7828797239383316e-06,Нейтр/Космос
Скульптуры,onym,Час Быка,1,558,0.0005896226415094339,0.0,Нейтр/Космос
Рифта,onym,Час Быка,1,559,0.0,0.0,Нейтр/Космос
Оллой,onym,Час Быка,1,560,0.0,0.0,Нейтр/Космос
Большинство,onym,Час Быка,1,561,0.0005896226415094339,0.0,Нейтр/Космос
Путники,onym,Час Быка,1,44,0.0005896226415094339,0.0,Нейтр/Космос
Дальве,onym,Час Быка,1,562,0.0011792452830188679,0.0,Нейтр/Космос
Неи,onym,Час Быка,1,562,0.0011792452830188679,0.0,Нейтр/Космос
Симбела,onym,Час Быка,1,562,0.0011792452830188679,0.0,Нейтр/Космос
Независимость,onym,Час Быка,1,563,0.0,0.0,Нейтр/Космос
Оллу,onym,Час Быка,1,72,0.0005896226415094339,0.0,Нейтр/Космос
Миф,onym,Час Быка,1,564,0.0011792452830188679,0.0,Нейтр/Космос
Предчувствие,onym,Час Быка,1,564,0.0023584905660377358,8.348639171814996e-06,Нейтр/Космос
Искусств,onym,Час Быка,1,564,0.0011792452830188679,0.0,Нейтр/Космос
Настроения,onym,Час Быка,1,290,0.0005896226415094339,0.0,Нейтр/Космос
Моралисты,onym,Час Быка,1,290,0.0023584905660377358,0.00023515333667278903,Нейтр/Космос
Примером,onym,Час Быка,1,290,0.0023584905660377358,0.00015537745125322373,Нейтр/Космос
Артура,onym,Час Быка,1,290,0.0023584905660377358,0.00015537745125322373,Нейтр/Космос
Линдсея,onym,Час Быка,1,290,0.0023584905660377358,0.00015537745125322373,Нейтр/Космос
Арктур,onym,Сердце Змеи,1,290,0.005306603773584905,0.003416854511048033,Нейтр/Космос
Рыси,onym,Час Быка,1,44,0.0029481132075471696,0.0,Нейтр/Космос
Кин,onym,Час Быка,1,44,0.0029481132075471696,0.0,Нейтр/Космос
Рух,onym,Час Быка,1,44,0.0029481132075471696,0.0,Нейтр/Космос
Тормансом,onym,Час Быка,1,44,0.0029481132075471696,0.0,Торманс
Вел,onym,Час Быка,1,44,0.0029481132075471696,0.0,Нейтр/Космос
Хэг,onym,Час Быка,1,44,0.0029481132075471696,0.0,Нейтр/Космос
Вычисления,onym,Час Быка,1,44,0.0029481132075471696,0.0,Нейтр/Космос
Описания,onym,Час Быка,1,31,0.0011792452830188679,0.0,Нейтр/Космос
Раздумья,onym,Час Быка,1,191,0.0029481132075471696,1.159533218307638e-07,Нейтр/Космос
Управление,onym,Час Быка,1,191,0.0005896226415094339,0.0,Нейтр/Космос
Имя,onym,Час Быка,1,327,0.0029481132075471696,2.534408320015266e-06,Нейтр/Космос
Руха,onym,Час Быка,1,327,0.0029481132075471696,2.534408320015266e-06,Нейтр/Космос
Место,onym,Час Быка,1,159,0.0005896226415094339,0.0,Нейтр/Космос
Неожиданность,onym,Час Быка,1,565,0.0,0.0,Нейтр/Космос
Отсчет,onym,Час Быка,1,566,0.0005896226415094339,0.0,Нейтр/Космос
Финнегана,onym,Час Быка,1,566,0.0005896226415094339,0.0,Нейтр/Космос
Саином,onym,Час Быка,1,567,0.0,0.0,Нейтр/Космос
Точность,onym,Час Быка,1,568,0.001768867924528302,0.0,Нейтр/Космос
Нооген,onym,Час Быка,1,568,0.001768867924528302,0.0,Нейтр/Космос
Вероятность,onym,Час Быка,1,568,0.001768867924528302,0.0,Нейтр/Космос
Ноогена,onym,Час Быка,1,568,0.001768867924528302,0.0,Нейтр/Космос
Рифтом,onym,Час Быка,1,569,0.0011792452830188679,0.0,Нейтр/Космос
Присутствие,onym,Час Быка,1,569,0.0011792452830188679,0.0,Нейтр/Космос
Месяцами,onym,Час Быка,1,569,0.0011792452830188679,0.0,Нейтр/Космос
Исчезновение,onym,Час Быка,1,570,0.0,0.0,Нейтр/Космос
Дезинформация,onym,Час Быка,1,571,0.0,0.0,Нейтр/Космос
Недостаток,onym,Час Быка,1,572,0.0,0.0,Нейтр/Космос
Прослеживание,onym,Час Быка,1,573,0.0,0.0,Нейтр/Космос
Дракона,onym,Час Быка,1,574,0.0,0.0,Нейтр/Космос
Антропологи,onym,Час Быка,1,575,0.0005896226415094339,0.0,Нейтр/Космос
Поверхность,onym,Час Быка,1,575,0.0011792452830188679,6.957199309845829e-07,Нейтр/Космос
Показатель,onym,Час Быка,1,575,0.0005896226415094339,0.0,Нейтр/Космос
Оборот,onym,Час Быка,1,576,0.0005896226415094339,0.0,Нейтр/Космос
Кольцом,onym,Час Быка,1,576,0.0005896226415094339,0.0,Нейтр/Космос
Рухом,onym,Час Быка,1,577,0.001768867924528302,0.0,Нейтр/Космос
Теория,onym,Час Быка,1,577,0.001768867924528302,0.0,Нейтр/Космос
Эрф,onym,Час Быка,1,577,0.001768867924528302,0.0,Нейтр/Космос
Ром,onym,Час Быка,1,577,0.001768867924528302,0.0,Нейтр/Космос
Тора,onym,Час Быка,1,578,0.0,0.0,Нейтр/Космос
Тормансу,onym,Час Быка,1,579,0.0,0.0,Торманс
Рая,onym,Час Быка,1,580,0.0,0.0,Нейтр/Космос
Дейра,onym,Час Быка,1,373,0.0005896226415094339,0.0,Нейтр/Космос
Миг,onym,Сердце Змеи,1,3,0.0029481132075471696,1.0435798964768744e-05,Нейтр/Космос
Песни,onym,Час Быка,1,3,0.0023584905660377358,0.0,Нейтр/Космос
Зеленом,onym,Час Быка,1,3,0.0023584905660377358,0.0,Нейтр/Космос
Богини,onym,Час Быка,1,3,0.0023584905660377358,0.0,Нейтр/Космос
Верандой,onym,Час Быка,1,581,0.0005896226415094339,0.0,Нейтр/Космос
Материя,onym,Час Быка,1,582,0.0005896226415094339,0.0,Нейтр/Космос
Змея,onym,Час Быка,1,582,0.0005896226415094339,0.0,Нейтр/Космос
Весны,onym,Час Быка,1,583,0.0,0.0,Нейтр/Космос
Скулы,onym,Час Быка,1,584,0.0,0.0,Нейтр/Космос
Эвизы,onym,Час Быка,1,585,0.0,0.0,Нейтр/Космос
Саину,onym,Час Быка,1,586,0.0005896226415094339,0.0,Нейтр/Космос
Пение,onym,Час Быка,1,586,0.0005896226415094339,0.0,Нейтр/Космос
Чернота,onym,Час Быка,1,74,0.0005896226415094339,0.0,Нейтр/Космос
Циферблаты,onym,Час Быка,1,587,0.0005896226415094339,0.0,Нейтр/Космос
Стрелки,onym,Сердце Змеи,1,587,0.0005896226415094339,0.0,Нейтр/Космос
Струйки,onym,Час Быка,1,588,0.0,0.0,Нейтр/Космос
Арктура,onym,Сердце Змеи,1,290,0.003537735849056604,0.00023602298658651974,Нейтр/Космос
Альтаира,onym,Час Быка,1,290,0.0005896226415094339,0.0,Нейтр/Космос
Корни,onym,Час Быка,1,589,0.0,0.0,Нейтр/Космос
Ощущения,onym,Час Быка,1,590,0.0,0.0,Нейтр/Космос
Канады,onym,Час Быка,1,591,0.0,0.0,Нейтр/Космос
Гриб,onym,Час Быка,1,592,0.0,0.0,Нейтр/Космос
Уравновешивание,onym,Час Быка,1,65,0.0005896226415094339,0.0,Нейтр/Космос
Падение,onym,Час Быка,1,593,0.0005896226415094339,0.0,Нейтр/Космос
Растягивание,onym,Час Быка,1,593,0.0005896226415094339,0.0,Нейтр/Космос
Рифту,onym,Час Быка,1,214,0.0005896226415094339,0.0,Нейтр/Космос
Эвизу,onym,Час Быка,1,594,0.0,0.0,Нейтр/Космос
Саина,onym,Час Быка,1,595,0.0,0.0,Нейтр/Космос
Историки,onym,Час Быка,1,596,0.0,0.0,Нейтр/Космос
Предкавказья,onym,Час Быка,1,597,0.0,0.0,Нейтр/Космос
Астронавты,onym,Час Быка,1,31,0.0005896226415094339,0.0,Нейтр/Космос
Меркурием,onym,Час Быка,1,191,0.0005896226415094339,0.0,Нейтр/Космос
Аматом,onym,Час Быка,1,72,0.001768867924528302,1.7392998274614571e-06,Нейтр/Космос
Оллы,onym,Час Быка,1,0,0.0005896226415094339,0.0,Нейтр/Космос
Бег,onym,Час Быка,1,598,0.0,0.0,Нейтр/Космос
Предупреждение,onym,Час Быка,1,599,0.0005896226415094339,0.0,Нейтр/Космос
Планету,onym,Час Быка,1,599,0.0005896226415094339,0.0,Нейтр/Космос
Молодцы,onym,Час Быка,1,600,0.0,0.0,Нейтр/Космос
Каков,onym,Час Быка,1,601,0.0,0.0,Нейтр/Космос
Мимас,onym,Час Быка,1,85,0.0011792452830188679,0.0,Нейтр/Космос
Ленты,onym,Час Быка,1,85,0.0011792452830188679,0.0,Нейтр/Космос
Успеем,onym,Час Быка,1,602,0.0,0.0,Нейтр/Космос
Цефеяне,onym,Час Быка,1,603,0.0,0.0,Нейтр/Космос
Методы,onym,Час Быка,1,604,0.0,0.0,Нейтр/Космос
Автоматы,onym,Сердце Змеи,1,72,0.0005896226415094339,0.0,Нейтр/Космос
Климат,onym,Час Быка,1,270,0.0011792452830188679,0.0,Нейтр/Космос
Земным,onym,Час Быка,1,270,0.001768867924528302,3.4785996549229144e-07,Нейтр/Космос
Нехватка,onym,Час Быка,1,270,0.0011792452830188679,0.0,Нейтр/Космос
Моря,onym,Час Быка,1,8,0.001768867924528302,0.00023515333667278903,Нейтр/Космос
Америку,onym,Час Быка,1,8,0.0005896226415094339,0.0,Нейтр/Космос
Симметрия,onym,Час Быка,1,605,0.0005896226415094339,0.0,Нейтр/Космос
Обогащение,onym,Сердце Змеи,1,605,0.0011792452830188679,0.00023515333667278903,Нейтр/Космос
Планетолог,onym,Час Быка,1,606,0.0,0.0,Нейтр/Космос
Полушарие,onym,Час Быка,1,607,0.001768867924528302,0.0,Нейтр/Космос
Жизни,onym,Час Быка,1,607,0.001768867924528302,0.0,Нейтр/Космос
Смерти,onym,Час Быка,1,607,0.001768867924528302,0.0,Нейтр/Космос
Всеобщность,onym,Час Быка,1,607,0.001768867924528302,0.0,Нейтр/Космос
Телевидение,onym,Час Быка,1,608,0.0,0.0,Нейтр/Космос
Средоточие,onym,Час Быка,1,609,0.0005896226415094339,0.0,Нейтр/Космос
Мудрости,onym,Час Быка,1,609,0.0005896226415094339,0.0,Нейтр/Космос
Тексты,onym,Час Быка,1,610,0.0,0.0,Нейтр/Космос
Усовершенствований,onym,Час Быка,1,611,0.0005896226415094339,0.0,Нейтр/Космос
Консерваторы,onym,Час Быка,1,611,0.0005896226415094339,0.0,Нейтр/Космос
Ошибка,onym,Час Быка,1,612,0.0,0.0,Нейтр/Космос
Уступ,onym,Час Быка,1,613,0.0,0.0,Нейтр/Космос
Камера,onym,Час Быка,1,614,0.0,0.0,Нейтр/Космос
Звезд,onym,Час Быка,1,615,0.0005896226415094339,0.0,Нейтр/Космос
Храм,onym,Час Быка,1,615,0.0005896226415094339,0.0,Нейтр/Космос
Всадники,onym,Час Быка,1,616,0.0,0.0,Нейтр/Космос
Земляне,onym,Час Быка,1,617,0.0005896226415094339,0.0,Земля
Фильмов,onym,Час Быка,1,617,0.0005896226415094339,0.0,Нейтр/Космос
Драчливость,onym,Час Быка,1,618,0.0,0.0,Нейтр/Космос
Пионеры,onym,Час Быка,1,619,0.0005896226415094339,0.0,Нейтр/Космос
Средоточия,onym,Час Быка,1,619,0.0011792452830188679,6.957199309845829e-07,Нейтр/Космос
Природа,onym,Час Быка,1,619,0.0005896226415094339,0.0,Нейтр/Космос
Отсутствие,onym,Час Быка,1,620,0.0,0.0,Нейтр/Космос
Одежда,onym,Час Быка,1,453,0.0005896226415094339,0.0,Нейтр/Космос
Толпа,onym,Час Быка,1,621,0.0,0.0,Нейтр/Космос
Повозки,onym,Час Быка,1,134,0.0011792452830188679,0.0,Нейтр/Космос
Тормансиане,onym,Час Быка,1,134,0.0011792452830188679,0.0,Торманс
Людям,onym,Час Быка,1,427,0.0005896226415094339,0.0,Нейтр/Космос
Положение,onym,Час Быка,1,622,0.0,0.0,Нейтр/Космос
Чагасом,onym,Час Быка,1,623,0.0,0.0,Торманс
Гентло,onym,Час Быка,1,624,0.0029481132075471696,0.0,Нейтр/Космос
Кандо,onym,Час Быка,1,624,0.0029481132075471696,0.0,Нейтр/Космос
Лелуф,onym,Час Быка,1,624,0.0029481132075471696,0.0,Торманс
Зетрино,onym,Час Быка,1,624,0.0029481132075471696,0.0,Нейтр/Космос
Умрог,onym,Час Быка,1,624,0.0029481132075471696,0.0,Торманс
Имена,onym,Час Быка,1,624,0.0029481132075471696,0.0,Нейтр/Космос
Дискуссии,onym,Час Быка,1,28,0.0005896226415094339,0.0,Нейтр/Космос
Грифа,onym,Час Быка,1,28,0.001768867924528302,4.174319585907498e-06,Нейтр/Космос
Хвоста,onym,Час Быка,1,28,0.0023584905660377358,4.2902729077382615e-06,Нейтр/Космос
Орбита,onym,Час Быка,1,28,0.0029481132075471696,4.290272907738261e-06,Нейтр/Космос
Размеры,onym,Час Быка,1,28,0.0023584905660377358,1.6233465056306931e-06,Нейтр/Космос
Век,onym,Час Быка,1,28,0.001768867924528302,0.0,Нейтр/Космос
Отказа,onym,Час Быка,1,28,0.001768867924528302,0.0,Нейтр/Космос
Тормансианин,onym,Час Быка,1,625,0.0,0.0,Торманс
Уга,onym,Час Быка,1,626,0.0,0.0,Нейтр/Космос
Народ,onym,Час Быка,1,627,0.0,0.0,Нейтр/Космос
Ино,onym,Час Быка,1,628,0.0005896226415094339,0.0,Нейтр/Космос
Кау,onym,Час Быка,1,628,0.0005896226415094339,0.0,Нейтр/Космос
Случай,onym,Час Быка,1,629,0.0,0.0,Нейтр/Космос
Передачу,onym,Час Быка,1,49,0.0005896226415094339,0.0,Нейтр/Космос
Хороши,onym,Час Быка,1,630,0.0,0.0,Нейтр/Космос
Долой,onym,Час Быка,1,85,0.0023584905660377358,0.0,Нейтр/Космос
Диктор,onym,Час Быка,1,85,0.0023584905660377358,0.0,Нейтр/Космос
Стражей,onym,Час Быка,1,85,0.0023584905660377358,0.0,Нейтр/Космос
Норином,onym,Час Быка,1,631,0.0011792452830188679,0.0,Нейтр/Космос
Тивисой,onym,Час Быка,1,631,0.0011792452830188679,0.0,Нейтр/Космос
Неей,onym,Час Быка,1,631,0.0011792452830188679,0.0,Нейтр/Космос
Ругань,onym,Час Быка,1,632,0.0,0.0,Нейтр/Космос
Гитлер,onym,Час Быка,1,633,0.0,0.0,Нейтр/Космос
Подбором,onym,Час Быка,1,634,0.0011792452830188679,1.3914398619691658e-06,Нейтр/Космос
Группы,onym,Час Быка,1,634,0.0005896226415094339,0.0,Нейтр/Космос
Правители,onym,Час Быка,1,635,0.0,0.0,Нейтр/Космос
Цоама,onym,Час Быка,1,636,0.0,0.0,Нейтр/Космос
Глаз,onym,Час Быка,1,637,0.0,0.0,Нейтр/Космос
Тысячелетия,onym,Час Быка,1,638,0.0,0.0,Нейтр/Космос
Пришельцам,onym,Час Быка,1,639,0.0005896226415094339,0.0,Нейтр/Космос
Техник,onym,Час Быка,1,639,0.0005896226415094339,0.0,Нейтр/Космос
Обитель,onym,Час Быка,1,640,0.0,0.0,Нейтр/Космос
Население,onym,Час Быка,1,556,0.0011792452830188679,0.0,Нейтр/Космос
Понятие,onym,Час Быка,1,556,0.0011792452830188679,0.0,Нейтр/Космос
Результаты,onym,Час Быка,1,641,0.0,0.0,Нейтр/Космос
Здоровья,onym,Час Быка,1,326,0.004127358490566038,1.6896055466768438e-07,Нейтр/Космос
Звездоплаванья,onym,Час Быка,1,326,0.004127358490566038,1.6896055466768438e-07,Нейтр/Космос
Распоряжения,onym,Час Быка,1,326,0.004127358490566038,1.6896055466768438e-07,Нейтр/Космос
Академиями,onym,Час Быка,1,326,0.004127358490566038,1.6896055466768438e-07,Нейтр/Космос
Побледнев,onym,Час Быка,1,642,0.0005896226415094339,0.0,Нейтр/Космос
Чагасу,onym,Час Быка,1,642,0.0005896226415094339,0.0,Торманс
Смотря,onym,Час Быка,1,643,0.0,0.0,Нейтр/Космос
Ложь,onym,Час Быка,1,644,0.0,0.0,Нейтр/Космос
Могущество,onym,Час Быка,1,645,0.0,0.0,Нейтр/Космос
Представление,onym,Час Быка,1,646,0.0,0.0,Нейтр/Космос
Мнения,onym,Час Быка,1,44,0.0005896226415094339,0.0,Нейтр/Космос
Фанатик,onym,Час Быка,1,647,0.0,0.0,Нейтр/Космос
Шаг,onym,Час Быка,1,648,0.0,0.0,Нейтр/Космос
Дарвин,onym,Час Быка,1,649,0.0,0.0,Нейтр/Космос
Вернадский,onym,Час Быка,1,650,0.0,0.0,Нейтр/Космос
Бросим,onym,Час Быка,1,651,0.0,0.0,Нейтр/Космос
Зерно,onym,Час Быка,1,652,0.0,0.0,Нейтр/Космос
Обители,onym,Час Быка,1,653,0.0,0.0,Нейтр/Космос
Стражи,onym,Час Быка,1,654,0.0023584905660377358,2.319066436615277e-06,Нейтр/Космос
Отзвук,onym,Час Быка,1,654,0.0023584905660377358,2.319066436615277e-06,Нейтр/Космос
Громада,onym,Час Быка,1,654,0.0023584905660377358,2.319066436615277e-06,Нейтр/Космос
Иммунизацию,onym,Час Быка,1,655,0.0011792452830188679,0.0,Нейтр/Космос
Лика,onym,Час Быка,1,655,0.0011792452830188679,0.0,Нейтр/Космос
Менту,onym,Час Быка,1,655,0.0011792452830188679,0.0,Нейтр/Космос
Анализ,onym,Час Быка,1,656,0.0,0.0,Нейтр/Космос
Догадка,onym,Час Быка,1,208,0.0005896226415094339,0.0,Нейтр/Космос
Зазвенели,onym,Час Быка,1,657,0.0005896226415094339,0.0,Нейтр/Космос
Нападение,onym,Час Быка,1,657,0.0011792452830188679,6.957199309845829e-07,Нейтр/Космос
Аталом,onym,Час Быка,1,657,0.0005896226415094339,0.0,Нейтр/Космос
Шлемов,onym,Час Быка,1,658,0.0005896226415094339,0.0,Нейтр/Космос
Нападения,onym,Час Быка,1,658,0.0005896226415094339,0.0,Нейтр/Космос
Произведения,onym,Час Быка,1,659,0.0011792452830188679,0.0,Нейтр/Космос
Наследство,onym,Час Быка,1,659,0.0011792452830188679,0.0,Нейтр/Космос
Изобилие,onym,Час Быка,1,659,0.0011792452830188679,0.0,Нейтр/Космос
Норина,onym,Час Быка,1,660,0.0005896226415094339,0.0,Нейтр/Космос
Глаза,onym,Сердце Змеи,1,660,0.0005896226415094339,0.0,Нейтр/Космос
Воздух,onym,Час Быка,1,661,0.0,0.0,Нейтр/Космос
Шорты,onym,Час Быка,1,662,0.0,0.0,Нейтр/Космос
Эвизой,onym,Час Быка,1,663,0.0,0.0,Нейтр/Космос
Безлюдье,onym,Час Быка,1,664,0.0,0.0,Нейтр/Космос
Данте,onym,Час Быка,1,73,0.0005896226415094339,0.0,Нейтр/Космос
Сатаны,onym,Час Быка,1,214,0.0005896226415094339,0.0,Нейтр/Космос
Ученые,onym,Сердце Змеи,1,214,0.001768867924528302,0.005640957325145709,Нейтр/Космос
Маркс,onym,Час Быка,1,665,0.0,0.0,Нейтр/Космос
Мани,onym,Час Быка,1,666,0.0,0.0,Нейтр/Космос
Рома,onym,Час Быка,1,65,0.0011792452830188679,0.0,Нейтр/Космос
Эре,onym,Час Быка,1,65,0.0011792452830188679,0.0,Нейтр/Космос
Алдис,onym,Час Быка,1,667,0.0,0.0,Нейтр/Космос
Эйнштейнов,onym,Час Быка,1,668,0.0,0.0,Нейтр/Космос
Приспособление,onym,Час Быка,1,669,0.0,0.0,Нейтр/Космос
Черепахи,onym,Час Быка,1,670,0.0,0.0,Нейтр/Космос
Инфернальность,onym,Час Быка,1,671,0.0,0.0,Нейтр/Космос
Мотивация,onym,Час Быка,1,672,0.0,0.0,Нейтр/Космос
Впечатление,onym,Час Быка,1,673,0.0,0.0,Нейтр/Космос
Сопротивление,onym,Час Быка,1,674,0.0,0.0,Нейтр/Космос
Одиночество,onym,Час Быка,1,675,0.0005896226415094339,0.0,Нейтр/Космос
Унижение,onym,Час Быка,1,675,0.0005896226415094339,0.0,Нейтр/Космос
Цоам,onym,Час Быка,1,676,0.0,0.0,Нейтр/Космос
Снижение,onym,Час Быка,1,677,0.0,0.0,Нейтр/Космос
Облака,onym,Час Быка,1,678,0.0,0.0,Нейтр/Космос
Жители,onym,Час Быка,1,104,0.0005896226415094339,0.0,Нейтр/Космос
Родичи,onym,Час Быка,1,679,0.0,0.0,Нейтр/Космос
Оратор,onym,Час Быка,1,680,0.0,0.0,Нейтр/Космос
Конец,onym,Сердце Змеи,1,498,0.0047169811320754715,4.1743195859074974e-05,Нейтр/Космос
Текст,onym,Сердце Змеи,1,498,0.005306603773584905,2.550973080276804e-06,Нейтр/Космос
Литрес,onym,Сердце Змеи,1,498,0.005306603773584905,2.550973080276804e-06,Нейтр/Космос
Visa,onym,Сердце Змеи,1,498,0.005896226415094339,9.48498172575648e-06,Нейтр/Космос
Maestro,onym,Сердце Змеи,1,498,0.005896226415094339,9.48498172575648e-06,Нейтр/Космос
Яндекс,onym,Сердце Змеи,1,498,0.003537735849056604,1.3914398619691657e-07,Нейтр/Космос
Деньги,onym,Сердце Змеи,1,498,0.003537735849056604,1.3914398619691657e-07,Нейтр/Космос
Сноски,onym,Час Быка,1,498,0.0023584905660377358,6.980389974211983e-06,Нейтр/Космос
Энтропии,onym,Сердце Змеи,1,214,0.004127358490566038,7.799793448482706e-05,Нейтр/Космос
Слова,onym,Сердце Змеи,1,214,0.004127358490566038,7.799793448482706e-05,Нейтр/Космос
Вихри,onym,Сердце Змеи,1,214,0.001768867924528302,0.0,Нейтр/Космос
Кари,onym,Сердце Змеи,1,681,0.0023584905660377358,0.0,Нейтр/Космос
Рам,onym,Сердце Змеи,1,681,0.0023584905660377358,0.0,Нейтр/Космос
Теллур,onym,Сердце Змеи,1,681,0.0029481132075471696,4.638132873230552e-07,Нейтр/Космос
Мут,onym,Сердце Змеи,1,681,0.0029481132075471696,4.638132873230552e-07,Нейтр/Космос
Анг,onym,Сердце Змеи,1,681,0.0029481132075471696,4.638132873230552e-07,Нейтр/Космос
Тэй,onym,Сердце Змеи,1,681,0.001768867924528302,0.0,Нейтр/Космос
Эрон,onym,Сердце Змеи,1,682,0.0,0.0,Нейтр/Космос
Теллуре,onym,Сердце Змеи,1,683,0.0011792452830188679,0.0,Нейтр/Космос
Серпентис,onym,Сердце Змеи,1,683,0.0023584905660377358,6.957199309845829e-07,Нейтр/Космос
Унук,onym,Сердце Змеи,1,683,0.001768867924528302,0.0,Нейтр/Космос
Хай,onym,Сердце Змеи,1,683,0.001768867924528302,0.0,Нейтр/Космос
Раздвиньте,onym,Сердце Змеи,1,44,0.0005896226415094339,0.0,Нейтр/Космос
Альфекка,onym,Сердце Змеи,1,85,0.001768867924528302,0.0,Нейтр/Космос
Короне,onym,Сердце Змеи,1,85,0.001768867924528302,0.0,Нейтр/Космос
Гемма,onym,Сердце Змеи,1,85,0.001768867924528302,0.0,Нейтр/Космос
Звездолетчики,onym,Сердце Змеи,1,24,0.001768867924528302,0.009698134416033215,Нейтр/Космос
Расчеты,onym,Сердце Змеи,1,24,0.001768867924528302,0.0,Нейтр/Космос
Теллура,onym,Сердце Змеи,1,214,0.0011792452830188679,0.005761548779849704,Нейтр/Космос
Альфу,onym,Сердце Змеи,1,85,0.005896226415094339,1.7392998274614572e-07,Нейтр/Космос
Проксиму,onym,Сердце Змеи,1,85,0.005896226415094339,1.7392998274614572e-07,Нейтр/Космос
Барнарда,onym,Сердце Змеи,1,85,0.005896226415094339,1.7392998274614572e-07,Нейтр/Космос
Тау,onym,Сердце Змеи,1,85,0.005306603773584905,0.0,Нейтр/Космос
Кита,onym,Сердце Змеи,1,85,0.005306603773584905,0.0,Нейтр/Космос
Мирами,onym,Сердце Змеи,1,556,0.0011792452830188679,0.0,Нейтр/Космос
Анга,onym,Сердце Змеи,1,684,0.0,0.0,Нейтр/Космос
Капеллу,onym,Сердце Змеи,1,290,0.0029481132075471696,8.696499137307286e-07,Нейтр/Космос
Капеллы,onym,Сердце Змеи,1,290,0.0029481132075471696,8.696499137307286e-07,Нейтр/Космос
Арктуре,onym,Сердце Змеи,1,290,0.0023584905660377358,0.0,Нейтр/Космос
Зет-685,onym,Сердце Змеи,1,685,0.0,0.0,Нейтр/Космос
Мафусаилы,onym,Сердце Змеи,1,686,0.0,0.0,Нейтр/Космос
Астролетчики,onym,Сердце Змеи,1,687,0.0,0.0,Нейтр/Космос
Тайна,onym,Сердце Змеи,1,688,0.0011792452830188679,0.0,Нейтр/Космос
Дан,onym,Сердце Змеи,1,688,0.0011792452830188679,0.0,Нейтр/Космос
Тайны,onym,Сердце Змеи,1,688,0.0029481132075471696,4.174319585907498e-06,Нейтр/Космос
Афра,onym,Сердце Змеи,1,688,0.001768867924528302,0.0,Нейтр/Космос
Деви,onym,Сердце Змеи,1,688,0.001768867924528302,0.0,Нейтр/Космос
Афре,onym,Сердце Змеи,1,688,0.001768867924528302,0.0,Нейтр/Космос
Указатели,onym,Сердце Змеи,1,119,0.0011792452830188679,0.0,Нейтр/Космос
Тень,onym,Сердце Змеи,1,119,0.0023584905660377358,3.8264596204152056e-06,Нейтр/Космос
Библиотека,onym,Сердце Змеи,1,119,0.0011792452830188679,0.0,Нейтр/Космос
Сима,onym,Сердце Змеи,1,310,0.0011792452830188679,0.0,Нейтр/Космос
Тина,onym,Сердце Змеи,1,310,0.0011792452830188679,0.0,Нейтр/Космос
Противоречия,onym,Сердце Змеи,1,689,0.0005896226415094339,0.0,Нейтр/Космос
Удар,onym,Сердце Змеи,1,689,0.0005896226415094339,0.0,Нейтр/Космос
Сим,onym,Сердце Змеи,1,546,0.0005896226415094339,0.0,Нейтр/Космос
Гной,onym,Сердце Змеи,1,690,0.0011792452830188679,0.0,Нейтр/Космос
Больной,onym,Сердце Змеи,1,690,0.0011792452830188679,0.0,Нейтр/Космос
Операция,onym,Сердце Змеи,1,690,0.0011792452830188679,0.0,Нейтр/Космос
Командиру,onym,Сердце Змеи,1,691,0.0005896226415094339,0.0,Нейтр/Космос
Семьсот,onym,Сердце Змеи,1,691,0.0005896226415094339,0.0,Нейтр/Космос
Арктики,onym,Сердце Змеи,1,498,0.004127358490566038,8.592141147659597e-06,Нейтр/Космос
