type,reality,planet,onym,freq,novel
неклассифицировано,вымышленный,иное,Иван,1,Туманность Андромеды
неклассифицировано,вымышленный,иное,Ефремов,2,Туманность Андромеды
неклассифицировано,вымышленный,иное,Туманность,8,Туманность Андромеды
неклассифицировано,вымышленный,иное,Андромеды,30,Туманность Андромеды
неклассифицировано,вымышленный,иное,Еще,36,Туманность Андромеды
неклассифицировано,вымышленный,иное,Размах,1,Туманность Андромеды
неклассифицировано,вымышленный,иное,Чудесное,1,Туманность Андромеды
неклассифицировано,вымышленный,иное,Туманности,12,Туманность Андромеды
неклассифицировано,вымышленный,иное,Сначала,4,Туманность Андромеды
неклассифицировано,вымышленный,иное,Земли,112,Туманность Андромеды
неклассифицировано,вымышленный,иное,Поэтому,21,Туманность Андромеды
неклассифицировано,вымышленный,иное,Особенностью,1,Туманность Андромеды
неклассифицировано,вымышленный,иное,Только,56,Туманность Андромеды
неклассифицировано,вымышленный,иное,Глава,15,Туманность Андромеды
неклассифицировано,вымышленный,иное,Железная,4,Туманность Андромеды
неклассифицировано,вымышленный,иное,Круглые,1,Туманность Андромеды
неклассифицировано,вымышленный,иное,Мерцавшие,1,Туманность Андромеды
неклассифицировано,вымышленный,иное,Красный,2,Туманность Андромеды
неклассифицировано,вымышленный,иное,Широкие,5,Туманность Андромеды
неклассифицировано,вымышленный,иное,Тонкое,1,Туманность Андромеды
неклассифицировано,вымышленный,иное,Девушка,36,Туманность Андромеды
неклассифицировано,вымышленный,иное,Позади,1,Туманность Андромеды
неклассифицировано,вымышленный,иное,Вспыхнул,2,Туманность Андромеды
неклассифицировано,вымышленный,иное,Сто,4,Туманность Андромеды
неклассифицировано,вымышленный,иное,Плохой,2,Туманность Андромеды
неклассифицировано,вымышленный,иное,Товарищи,2,Туманность Андромеды
неклассифицировано,вымышленный,иное,Ужас,1,Туманность Андромеды
неклассифицировано,вымышленный,иное,Двумя,1,Туманность Андромеды
неклассифицировано,вымышленный,иное,Эрг,174,Туманность Андромеды
неклассифицировано,вымышленный,иное,Пятый,2,Туманность Андромеды
неклассифицировано,вымышленный,иное,Видите,3,Туманность Андромеды
неклассифицировано,вымышленный,иное,Надо,17,Туманность Андромеды
неклассифицировано,вымышленный,иное,Хорошо,12,Туманность Андромеды
неклассифицировано,вымышленный,иное,Может,34,Туманность Андромеды
неклассифицировано,вымышленный,иное,Вдруг,5,Туманность Андромеды
неклассифицировано,вымышленный,иное,Нельзя,4,Туманность Андромеды
неклассифицировано,вымышленный,иное,Уменьшить,1,Туманность Андромеды
неклассифицировано,вымышленный,иное,Убавить,1,Туманность Андромеды
неклассифицировано,вымышленный,иное,Понимаю,8,Туманность Андромеды
неклассифицировано,вымышленный,иное,Альграб,11,Туманность Андромеды
неклассифицировано,вымышленный,иное,Ошибиться,1,Туманность Андромеды
неклассифицировано,вымышленный,иное,Наши,5,Туманность Андромеды
неклассифицировано,вымышленный,иное,Земле,41,Туманность Андромеды
неклассифицировано,вымышленный,иное,Стремительным,1,Туманность Андромеды
неклассифицировано,вымышленный,иное,Руки,2,Туманность Андромеды
неклассифицировано,вымышленный,иное,Бледное,2,Туманность Андромеды
неклассифицировано,вымышленный,иное,Низа,113,Туманность Андромеды
неклассифицировано,вымышленный,иное,Крит,16,Туманность Андромеды
неклассифицировано,вымышленный,иное,Ноором,3,Туманность Андромеды
неклассифицировано,вымышленный,иное,Какой,9,Туманность Андромеды
неклассифицировано,вымышленный,иное,Любимый,1,Туманность Андромеды
неклассифицировано,вымышленный,иное,Нет,36,Туманность Андромеды
неклассифицировано,вымышленный,иное,Сейчас,14,Туманность Андромеды
неклассифицировано,вымышленный,иное,Три,5,Туманность Андромеды
неклассифицировано,вымышленный,иное,Другие,5,Туманность Андромеды
неклассифицировано,вымышленный,иное,Низы,24,Туманность Андромеды
неклассифицировано,вымышленный,иное,Ваш,3,Туманность Андромеды
неклассифицировано,вымышленный,иное,Успею,1,Туманность Андромеды
неклассифицировано,вымышленный,иное,Разноцветные,1,Туманность Андромеды
неклассифицировано,вымышленный,иное,Звездолет,19,Туманность Андромеды
неклассифицировано,вымышленный,иное,Рисунки,1,Туманность Андромеды
неклассифицировано,вымышленный,иное,Планета,5,Туманность Андромеды
неклассифицировано,вымышленный,иное,Могучий,2,Туманность Андромеды
неклассифицировано,вымышленный,иное,Эрга,31,Туманность Андромеды
неклассифицировано,вымышленный,иное,Ноора,31,Туманность Андромеды
неклассифицировано,вымышленный,иное,Начальник,23,Туманность Андромеды
порейоним,вымышленный,Земля,Тантра,44,Туманность Андромеды
неклассифицировано,вымышленный,иное,Едва,7,Туманность Андромеды
неклассифицировано,вымышленный,иное,Электронные,2,Туманность Андромеды
неклассифицировано,вымышленный,иное,Тантру,19,Туманность Андромеды
неклассифицировано,вымышленный,иное,Волла,2,Туманность Андромеды
неклассифицировано,вымышленный,иное,Хода,2,Туманность Андромеды
неклассифицировано,вымышленный,иное,Гибель,2,Туманность Андромеды
неклассифицировано,вымышленный,иное,Альграба,4,Туманность Андромеды
неклассифицировано,вымышленный,иное,Тридцать,5,Туманность Андромеды
неклассифицировано,вымышленный,иное,Змееносца,3,Туманность Андромеды
астроним,вымышленный,Земля,Зирда,8,Туманность Андромеды
неклассифицировано,вымышленный,иное,Землей,5,Туманность Андромеды
неклассифицировано,вымышленный,иное,Великому,11,Туманность Андромеды
неклассифицировано,вымышленный,иное,Кольцу,25,Туманность Андромеды
неклассифицировано,вымышленный,иное,Внезапно,15,Туманность Андромеды
неклассифицировано,вымышленный,иное,Более,2,Туманность Андромеды
неклассифицировано,вымышленный,иное,Долг,1,Туманность Андромеды
неклассифицировано,вымышленный,иное,Зирде,13,Туманность Андромеды
неклассифицировано,вымышленный,иное,Кольца,60,Туманность Андромеды
неклассифицировано,вымышленный,иное,Запас,3,Туманность Андромеды
неклассифицировано,вымышленный,иное,Диски,1,Туманность Андромеды
неклассифицировано,вымышленный,иное,Самым,3,Туманность Андромеды
неклассифицировано,вымышленный,иное,Четвертого,1,Туманность Андромеды
неклассифицировано,вымышленный,иное,Фильтры,1,Туманность Андромеды
неклассифицировано,вымышленный,иное,Неописуемый,1,Туманность Андромеды
неклассифицировано,вымышленный,иное,Солнца,28,Туманность Андромеды
неклассифицировано,вымышленный,иное,Здесь,34,Туманность Андромеды
топоним,реальный,Земля,Земля,13,Туманность Андромеды
неклассифицировано,вымышленный,иное,Луна,2,Туманность Андромеды
неклассифицировано,вымышленный,иное,Тантры,25,Туманность Андромеды
неклассифицировано,вымышленный,иное,Дежурила,1,Туманность Андромеды
неклассифицировано,вымышленный,иное,Наконец,12,Туманность Андромеды
неклассифицировано,вымышленный,иное,Огромное,2,Туманность Андромеды
неклассифицировано,вымышленный,иное,Прямо,3,Туманность Андромеды
неклассифицировано,вымышленный,иное,Там,46,Туманность Андромеды
неклассифицировано,вымышленный,иное,Астроном,5,Туманность Андромеды
неклассифицировано,вымышленный,иное,Пур,32,Туманность Андромеды
неклассифицировано,вымышленный,иное,Хисс,25,Туманность Андромеды
неклассифицировано,вымышленный,иное,Ряды,3,Туманность Андромеды
неклассифицировано,вымышленный,иное,Стало,4,Туманность Андромеды
неклассифицировано,вымышленный,иное,Зирды,11,Туманность Андромеды
неклассифицировано,вымышленный,иное,Сколько,7,Туманность Андромеды
неклассифицировано,вымышленный,иное,Семьдесят,1,Туманность Андромеды
неклассифицировано,вымышленный,иное,Станция,2,Туманность Андромеды
неклассифицировано,вымышленный,иное,Совета,54,Туманность Андромеды
неклассифицировано,вымышленный,иное,Возражать,1,Туманность Андромеды
неклассифицировано,вымышленный,иное,Облет,1,Туманность Андромеды
неклассифицировано,вымышленный,иное,Могут,3,Туманность Андромеды
неклассифицировано,вымышленный,иное,Остальные,2,Туманность Андромеды
неклассифицировано,вымышленный,иное,Никакие,1,Туманность Андромеды
неклассифицировано,вымышленный,иное,Выяснить,1,Туманность Андромеды
неклассифицировано,вымышленный,иное,Установить,1,Туманность Андромеды
неклассифицировано,вымышленный,иное,Простите,3,Туманность Андромеды
неклассифицировано,вымышленный,иное,Вряд,7,Туманность Андромеды
неклассифицировано,вымышленный,иное,Температура,5,Туманность Андромеды
неклассифицировано,вымышленный,иное,Астрономы,4,Туманность Андромеды
неклассифицировано,вымышленный,иное,Материки,1,Туманность Андромеды
неклассифицировано,вымышленный,иное,Состав,1,Туманность Андромеды
неклассифицировано,вымышленный,иное,Ионизация,2,Туманность Андромеды
неклассифицировано,вымышленный,иное,Смутная,1,Туманность Андромеды
неклассифицировано,вымышленный,иное,Сотрясающий,1,Туманность Андромеды
неклассифицировано,вымышленный,иное,Прошел,1,Туманность Андромеды
неклассифицировано,вымышленный,иное,Томительное,1,Туманность Андромеды
неклассифицировано,вымышленный,иное,Ужасный,1,Туманность Андромеды
неклассифицировано,вымышленный,иное,Крыло,1,Туманность Андромеды
неклассифицировано,вымышленный,иное,Внизу,2,Туманность Андромеды
неклассифицировано,вымышленный,иное,Быстро,4,Туманность Андромеды
неклассифицировано,вымышленный,иное,Заросли,1,Туманность Андромеды
неклассифицировано,вымышленный,иное,Нигде,1,Туманность Андромеды
неклассифицировано,вымышленный,иное,Чудовищная,1,Туманность Андромеды
неклассифицировано,вымышленный,иное,Эон,26,Туманность Андромеды
неклассифицировано,вымышленный,иное,Тал,19,Туманность Андромеды
неклассифицировано,вымышленный,иное,Прошло,8,Туманность Андромеды
неклассифицировано,вымышленный,иное,Его,29,Туманность Андромеды
неклассифицировано,вымышленный,иное,Такой,2,Туманность Андромеды
неклассифицировано,вымышленный,иное,Столетия,1,Туманность Андромеды
неклассифицировано,вымышленный,иное,Разваливающаяся,1,Туманность Андромеды
неклассифицировано,вымышленный,иное,Трагично,1,Туманность Андромеды
неклассифицировано,вымышленный,иное,Совет,29,Туманность Андромеды
неклассифицировано,вымышленный,иное,Звезда,2,Туманность Андромеды
неклассифицировано,вымышленный,иное,Дельта,1,Туманность Андромеды
неклассифицировано,вымышленный,иное,Ворона,2,Туманность Андромеды
неклассифицировано,вымышленный,иное,Сорок,2,Туманность Андромеды
неклассифицировано,вымышленный,иное,Биолог,12,Туманность Андромеды
неклассифицировано,вымышленный,иное,Кое,3,Туманность Андромеды
неклассифицировано,вымышленный,иное,Искать,1,Туманность Андромеды
неклассифицировано,вымышленный,иное,Великого,26,Туманность Андромеды
неклассифицировано,вымышленный,иное,Набрав,1,Туманность Андромеды
неклассифицировано,вымышленный,иное,Включились,1,Туманность Андромеды
неклассифицировано,вымышленный,иное,Весь,4,Туманность Андромеды
неклассифицировано,вымышленный,иное,Совету,6,Туманность Андромеды
неклассифицировано,вымышленный,иное,Нашли,2,Туманность Андромеды
неклассифицировано,вымышленный,иное,Давно,10,Туманность Андромеды
неклассифицировано,вымышленный,иное,Альграбом,2,Туманность Андромеды
неклассифицировано,вымышленный,иное,Подходит,1,Туманность Андромеды
неклассифицировано,вымышленный,иное,Низу,15,Туманность Андромеды
неклассифицировано,вымышленный,иное,Задорный,1,Туманность Андромеды
неклассифицировано,вымышленный,иное,Девочка,1,Туманность Андромеды
неклассифицировано,вымышленный,иное,Ему,12,Туманность Андромеды
неклассифицировано,вымышленный,иное,Было,1,Туманность Андромеды
неклассифицировано,вымышленный,иное,Эргу,11,Туманность Андромеды
неклассифицировано,вымышленный,иное,Ноору,11,Туманность Андромеды
неклассифицировано,вымышленный,иное,Скорпионе,1,Туманность Андромеды
неклассифицировано,вымышленный,иное,Змее,1,Туманность Андромеды
неклассифицировано,вымышленный,иное,Можем,1,Туманность Андромеды
неклассифицировано,вымышленный,иное,Скорость,4,Туманность Андромеды
неклассифицировано,вымышленный,иное,Точный,2,Туманность Андромеды
неклассифицировано,вымышленный,иное,Приходится,2,Туманность Андромеды
неклассифицировано,вымышленный,иное,Остановка,1,Туманность Андромеды
неклассифицировано,вымышленный,иное,Действие,1,Туманность Андромеды
неклассифицировано,вымышленный,иное,Захотелось,1,Туманность Андромеды
неклассифицировано,вымышленный,иное,Рыжеволосый,1,Туманность Андромеды
неклассифицировано,вымышленный,иное,Привычно,1,Туманность Андромеды
неклассифицировано,вымышленный,иное,Изредка,1,Туманность Андромеды
неклассифицировано,вымышленный,иное,Грозные,2,Туманность Андромеды
неклассифицировано,вымышленный,иное,Покой,1,Туманность Андромеды
неклассифицировано,вымышленный,иное,Широкая,3,Туманность Андромеды
неклассифицировано,вымышленный,иное,Пять,6,Туманность Андромеды
неклассифицировано,вымышленный,иное,Особенно,9,Туманность Андромеды
неклассифицировано,вымышленный,иное,Низе,4,Туманность Андромеды
неклассифицировано,вымышленный,иное,Спутники,1,Туманность Андромеды
неклассифицировано,вымышленный,иное,Ровная,1,Туманность Андромеды
неклассифицировано,вымышленный,иное,Можно,11,Туманность Андромеды
неклассифицировано,вымышленный,иное,Получив,5,Туманность Андромеды
неклассифицировано,вымышленный,иное,Проверив,1,Туманность Андромеды
неклассифицировано,вымышленный,иное,Блестящие,2,Туманность Андромеды
неклассифицировано,вымышленный,иное,Почему,12,Туманность Андромеды
неклассифицировано,вымышленный,иное,Вам,7,Туманность Андромеды
неклассифицировано,вымышленный,иное,Подумать,1,Туманность Андромеды
неклассифицировано,вымышленный,иное,Галактики,32,Туманность Андромеды
неклассифицировано,вымышленный,иное,Лебедя,23,Туманность Андромеды
неклассифицировано,вымышленный,иное,Киля,1,Туманность Андромеды
неклассифицировано,вымышленный,иное,Корабля,2,Туманность Андромеды
неклассифицировано,вымышленный,иное,Тантре,4,Туманность Андромеды
неклассифицировано,вымышленный,иное,Черный,2,Туманность Андромеды
неклассифицировано,вымышленный,иное,Сообщения,4,Туманность Андромеды
неклассифицировано,вымышленный,иное,Первые,2,Туманность Андромеды
неклассифицировано,вымышленный,иное,Небольшие,1,Туманность Андромеды
неклассифицировано,вымышленный,иное,Потом,12,Туманность Андромеды
неклассифицировано,вымышленный,иное,Веда,256,Туманность Андромеды
неклассифицировано,вымышленный,иное,Конг,78,Туманность Андромеды
неклассифицировано,вымышленный,иное,Загорелая,1,Туманность Андромеды
неклассифицировано,вымышленный,иное,Советом,3,Туманность Андромеды
неклассифицировано,вымышленный,иное,Землю,23,Туманность Андромеды
неклассифицировано,вымышленный,иное,Оставшихся,1,Туманность Андромеды
неклассифицировано,вымышленный,иное,Ступенчатой,1,Туманность Андромеды
неклассифицировано,вымышленный,иное,Лиры,3,Туманность Андромеды
порейоним,вымышленный,Земля,Парус,21,Туманность Андромеды
неклассифицировано,вымышленный,иное,Целью,1,Туманность Андромеды
неклассифицировано,вымышленный,иное,Веги,9,Туманность Андромеды
неклассифицировано,вымышленный,иное,Альфы,1,Туманность Андромеды
неклассифицировано,вымышленный,иное,Вега,4,Туманность Андромеды
неклассифицировано,вымышленный,иное,Причина,1,Туманность Андромеды
неклассифицировано,вымышленный,иное,Такова,2,Туманность Андромеды
неклассифицировано,вымышленный,иное,Очень,9,Туманность Андромеды
неклассифицировано,вымышленный,иное,Сообщение,3,Туманность Андромеды
неклассифицировано,вымышленный,иное,Паруса,28,Туманность Андромеды
неклассифицировано,вымышленный,иное,Двадцать,3,Туманность Андромеды
неклассифицировано,вымышленный,иное,Корабль,4,Туманность Андромеды
неклассифицировано,вымышленный,иное,Теперь,48,Туманность Андромеды
неклассифицировано,вымышленный,иное,Веге,5,Туманность Андромеды
неклассифицировано,вымышленный,иное,Увидеть,1,Туманность Андромеды
неклассифицировано,вымышленный,иное,Тогда,51,Туманность Андромеды
неклассифицировано,вымышленный,иное,Моя,3,Туманность Андромеды
неклассифицировано,вымышленный,иное,Дважды,1,Туманность Андромеды
неклассифицировано,вымышленный,иное,Геркулеса,10,Туманность Андромеды
неклассифицировано,вымышленный,иное,Мою,1,Туманность Андромеды
неклассифицировано,вымышленный,иное,Станете,1,Туманность Андромеды
неклассифицировано,вымышленный,иное,Анти-Тья,1,Туманность Андромеды
неклассифицировано,вымышленный,иное,Врачи,2,Туманность Андромеды
неклассифицировано,вымышленный,иное,Теты,1,Туманность Андромеды
неклассифицировано,вымышленный,иное,Волка,1,Туманность Андромеды
неклассифицировано,вымышленный,иное,Солнцу,4,Туманность Андромеды
неклассифицировано,вымышленный,иное,Два,11,Туманность Андромеды
неклассифицировано,вымышленный,иное,Первым,2,Туманность Андромеды
неклассифицировано,вымышленный,иное,Экспедиция,2,Туманность Андромеды
неклассифицировано,вымышленный,иное,Невероятно,2,Туманность Андромеды
неклассифицировано,вымышленный,иное,Помню,1,Туманность Андромеды
неклассифицировано,вымышленный,иное,Довольно,4,Туманность Андромеды
неклассифицировано,вымышленный,иное,Продолжайте,1,Туманность Андромеды
неклассифицировано,вымышленный,иное,Уже,5,Туманность Андромеды
неклассифицировано,вымышленный,иное,Включайте,1,Туманность Андромеды
неклассифицировано,вымышленный,иное,Всем,4,Туманность Андромеды
неклассифицировано,вымышленный,иное,Началось,1,Туманность Андромеды
неклассифицировано,вымышленный,иное,Известие,1,Туманность Андромеды
неклассифицировано,вымышленный,иное,Молодая,5,Туманность Андромеды
неклассифицировано,вымышленный,иное,Лума,19,Туманность Андромеды
неклассифицировано,вымышленный,иное,Ласви,12,Туманность Андромеды
неклассифицировано,вымышленный,иное,Вспомним,2,Туманность Андромеды
неклассифицировано,вымышленный,иное,Медленно,8,Туманность Андромеды
неклассифицировано,вымышленный,иное,Таков,1,Туманность Андромеды
неклассифицировано,вымышленный,иное,Звездолеты,2,Туманность Андромеды
неклассифицировано,вымышленный,иное,Исчезнувшие,1,Туманность Андромеды
неклассифицировано,вымышленный,иное,Разыскать,1,Туманность Андромеды
неклассифицировано,вымышленный,иное,Конструкция,3,Туманность Андромеды
неклассифицировано,вымышленный,иное,Серьезная,1,Туманность Андромеды
неклассифицировано,вымышленный,иное,Иногда,3,Туманность Андромеды
неклассифицировано,вымышленный,иное,Передачи,1,Туманность Андромеды
неклассифицировано,вымышленный,иное,Иными,3,Туманность Андромеды
неклассифицировано,вымышленный,иное,Всех,1,Туманность Андромеды
неклассифицировано,вымышленный,иное,Солнцем,3,Туманность Андромеды
неклассифицировано,вымышленный,иное,Тантрой,2,Туманность Андромеды
неклассифицировано,вымышленный,иное,Великолепный,1,Туманность Андромеды
неклассифицировано,вымышленный,иное,Вместе,5,Туманность Андромеды
неклассифицировано,вымышленный,иное,Пел,16,Туманность Андромеды
неклассифицировано,вымышленный,иное,Лин,20,Туманность Андромеды
неклассифицировано,вымышленный,иное,Ингрид,34,Туманность Андромеды
неклассифицировано,вымышленный,иное,Дитра,5,Туманность Андромеды
неклассифицировано,вымышленный,иное,Кэй,25,Туманность Андромеды
неклассифицировано,вымышленный,иное,Бэр,22,Туманность Андромеды
неклассифицировано,вымышленный,иное,Пела,3,Туманность Андромеды
неклассифицировано,вымышленный,иное,Лина,4,Туманность Андромеды
неклассифицировано,вымышленный,иное,Бэром,2,Туманность Андромеды
неклассифицировано,вымышленный,иное,Зирдой,1,Туманность Андромеды
неклассифицировано,вымышленный,иное,Центавра,5,Туманность Андромеды
неклассифицировано,вымышленный,иное,Подходило,1,Туманность Андромеды
неклассифицировано,вымышленный,иное,Пелу,1,Туманность Андромеды
неклассифицировано,вымышленный,иное,Лину,1,Туманность Андромеды
неклассифицировано,вымышленный,иное,Обычное,1,Туманность Андромеды
неклассифицировано,вымышленный,иное,Человеческий,1,Туманность Андромеды
неклассифицировано,вымышленный,иное,Пока,5,Туманность Андромеды
неклассифицировано,вымышленный,иное,Доведем,1,Туманность Андромеды
неклассифицировано,вымышленный,иное,Курс,2,Туманность Андромеды
неклассифицировано,вымышленный,иное,Экраны,2,Туманность Андромеды
неклассифицировано,вымышленный,иное,Странное,3,Туманность Андромеды
неклассифицировано,вымышленный,иное,Сама,2,Туманность Андромеды
неклассифицировано,вымышленный,иное,Мне,46,Туманность Андромеды
неклассифицировано,вымышленный,иное,Темное,2,Туманность Андромеды
неклассифицировано,вымышленный,иное,Напряжение,4,Туманность Андромеды
неклассифицировано,вымышленный,иное,Тритона,5,Туманность Андромеды
неклассифицировано,вымышленный,иное,Тритоне,2,Туманность Андромеды
неклассифицировано,вымышленный,иное,Нептуна,6,Туманность Андромеды
неклассифицировано,вымышленный,иное,Попасть,1,Туманность Андромеды
неклассифицировано,реальный,иное,Тритон,6,Туманность Андромеды
неклассифицировано,вымышленный,иное,Забавное,1,Туманность Андромеды
неклассифицировано,вымышленный,иное,Пришло,1,Туманность Андромеды
неклассифицировано,вымышленный,иное,Ничего,11,Туманность Андромеды
неклассифицировано,вымышленный,иное,Ждать,3,Туманность Андромеды
неклассифицировано,вымышленный,иное,Тональность,1,Туманность Андромеды
неклассифицировано,вымышленный,иное,Напряженное,1,Туманность Андромеды
неклассифицировано,вымышленный,иное,Бэра,2,Туманность Андромеды
неклассифицировано,вымышленный,иное,Продолжительный,1,Туманность Андромеды
неклассифицировано,вымышленный,иное,Астронавигатор,3,Туманность Андромеды
неклассифицировано,вымышленный,иное,Подошло,1,Туманность Андромеды
неклассифицировано,вымышленный,иное,Судьба,4,Туманность Андромеды
неклассифицировано,вымышленный,иное,Неуклонно,1,Туманность Андромеды
неклассифицировано,вымышленный,иное,Звонкие,2,Туманность Андромеды
неклассифицировано,вымышленный,иное,Звонок,1,Туманность Андромеды
неклассифицировано,вымышленный,иное,Пользуясь,1,Туманность Андромеды
неклассифицировано,вымышленный,иное,Поле,1,Туманность Андромеды
неклассифицировано,вымышленный,иное,Губительная,1,Туманность Андромеды
неклассифицировано,вымышленный,иное,Посыпались,1,Туманность Андромеды
неклассифицировано,вымышленный,иное,Удары,1,Туманность Андромеды
неклассифицировано,вымышленный,иное,Электронный,2,Туманность Андромеды
неклассифицировано,вымышленный,иное,Раскачивание,1,Туманность Андромеды
неклассифицировано,вымышленный,иное,Стерженьки,1,Туманность Андромеды
неклассифицировано,вымышленный,иное,Очнувшийся,1,Туманность Андромеды
неклассифицировано,вымышленный,иное,Четыре,6,Туманность Андромеды
неклассифицировано,вымышленный,иное,Яркое,1,Туманность Андромеды
неклассифицировано,вымышленный,иное,Кчастиц,1,Туманность Андромеды
неклассифицировано,вымышленный,иное,Пробуждающая,1,Туманность Андромеды
неклассифицировано,вымышленный,иное,Уставившиеся,1,Туманность Андромеды
неклассифицировано,вымышленный,иное,Боразоновые,1,Туманность Андромеды
неклассифицировано,вымышленный,иное,Никто,6,Туманность Андромеды
неклассифицировано,вымышленный,иное,Избежать,1,Туманность Андромеды
неклассифицировано,вымышленный,иное,Быстрее,1,Туманность Андромеды
неклассифицировано,вымышленный,иное,Вычислим,1,Туманность Андромеды
неклассифицировано,вымышленный,иное,Обогнали,1,Туманность Андромеды
неклассифицировано,вымышленный,иное,Взгляд,3,Туманность Андромеды
неклассифицировано,вымышленный,иное,Эпсилон,16,Туманность Андромеды
неклассифицировано,вымышленный,иное,Тукана,18,Туманность Андромеды
неклассифицировано,вымышленный,иное,Тихий,3,Туманность Андромеды
неклассифицировано,вымышленный,иное,Заведующий,11,Туманность Андромеды
неклассифицировано,вымышленный,иное,Дар,362,Туманность Андромеды
неклассифицировано,вымышленный,иное,Ветер,292,Туманность Андромеды
неклассифицировано,вымышленный,иное,Спиральной,11,Туманность Андромеды
неклассифицировано,вымышленный,иное,Дороги,14,Туманность Андромеды
неклассифицировано,вымышленный,иное,Сегодня,12,Туманность Андромеды
неклассифицировано,вымышленный,иное,Утром,1,Туманность Андромеды
неклассифицировано,вымышленный,иное,Мвен,230,Туманность Андромеды
неклассифицировано,вымышленный,иное,Мас,219,Туманность Андромеды
неклассифицировано,вымышленный,иное,Звездоплавания,18,Туманность Андромеды
неклассифицировано,вымышленный,иное,Последнюю,1,Туманность Андромеды
неклассифицировано,вымышленный,иное,Шесть,1,Туманность Андромеды
неклассифицировано,вымышленный,иное,Эвда,108,Туманность Андромеды
неклассифицировано,вымышленный,иное,Наль,84,Туманность Андромеды
неклассифицировано,вымышленный,иное,Испытанный,2,Туманность Андромеды
неклассифицировано,вымышленный,иное,Осталось,3,Туманность Андромеды
неклассифицировано,вымышленный,иное,Веды,41,Туманность Андромеды
неклассифицировано,вымышленный,иное,Вектор,2,Туманность Андромеды
неклассифицировано,вымышленный,иное,Хрустальное,1,Туманность Андромеды
неклассифицировано,вымышленный,иное,Поворотом,1,Туманность Андромеды
неклассифицировано,вымышленный,иное,Циферблат,1,Туманность Андромеды
неклассифицировано,вымышленный,иное,Ветра,60,Туманность Андромеды
неклассифицировано,вымышленный,иное,Передача,6,Туманность Андромеды
неклассифицировано,вымышленный,иное,Один,14,Туманность Андромеды
неклассифицировано,вымышленный,иное,Очередная,1,Туманность Андромеды
неклассифицировано,вымышленный,иное,Тибетской,5,Туманность Андромеды
неклассифицировано,вымышленный,иное,Средиземноморской,2,Туманность Андромеды
неклассифицировано,вымышленный,иное,Прибор,2,Туманность Андромеды
неклассифицировано,вымышленный,иное,Принимает,1,Туманность Андромеды
неклассифицировано,вымышленный,иное,Помощник,2,Туманность Андромеды
неклассифицировано,вымышленный,иное,Экран,11,Туманность Андромеды
неклассифицировано,вымышленный,иное,Синие,4,Туманность Андромеды
неклассифицировано,вымышленный,иное,Стоило,1,Туманность Андромеды
неклассифицировано,вымышленный,иное,Эта,10,Туманность Андромеды
неклассифицировано,вымышленный,иное,Легкий,4,Туманность Андромеды
неклассифицировано,вымышленный,иное,Сидевшая,1,Туманность Андромеды
неклассифицировано,вымышленный,иное,Белозубая,1,Туманность Андромеды
неклассифицировано,вымышленный,иное,Женщина,4,Туманность Андромеды
неклассифицировано,вымышленный,иное,Повинуюсь,2,Туманность Андромеды
неклассифицировано,вымышленный,иное,Ухо,1,Туманность Андромеды
неклассифицировано,вымышленный,иное,Храбрая,1,Туманность Андромеды
неклассифицировано,вымышленный,иное,Каждый,12,Туманность Андромеды
неклассифицировано,вымышленный,иное,Черты,1,Туманность Андромеды
неклассифицировано,вымышленный,иное,Белый,1,Туманность Андромеды
неклассифицировано,вымышленный,иное,Оба,8,Туманность Андромеды
неклассифицировано,вымышленный,иное,Эры,22,Туманность Андромеды
неклассифицировано,вымышленный,иное,Важное,1,Туманность Андромеды
неклассифицировано,вымышленный,иное,Вселенной,19,Туманность Андромеды
неклассифицировано,вымышленный,иное,Увидите,1,Туманность Андромеды
неклассифицировано,вымышленный,иное,Созвездие,1,Туманность Андромеды
неклассифицировано,вымышленный,иное,Единорога,2,Туманность Андромеды
неклассифицировано,вымышленный,иное,Росс,2,Туманность Андромеды
неклассифицировано,вымышленный,иное,Вслух,2,Туманность Андромеды
неклассифицировано,вымышленный,иное,Юнием,2,Туманность Андромеды
неклассифицировано,вымышленный,иное,Антом,2,Туманность Андромеды
неклассифицировано,вымышленный,иное,Лампы,1,Туманность Андромеды
неклассифицировано,вымышленный,иное,Пятьдесят,2,Туманность Андромеды
неклассифицировано,вымышленный,иное,Лекцию,1,Туманность Андромеды
неклассифицировано,вымышленный,иное,Вошел,1,Туманность Андромеды
неклассифицировано,вымышленный,иное,Невысокий,1,Туманность Андромеды
неклассифицировано,вымышленный,иное,Вошедший,1,Туманность Андромеды
неклассифицировано,вымышленный,иное,Юний,24,Туманность Андромеды
неклассифицировано,вымышленный,иное,Ант,25,Туманность Андромеды
неклассифицировано,вымышленный,иное,Мвену,15,Туманность Андромеды
неклассифицировано,вымышленный,иное,Масу,16,Туманность Андромеды
неклассифицировано,вымышленный,иное,Заведующие,1,Туманность Андромеды
неклассифицировано,вымышленный,иное,Хотела,1,Туманность Андромеды
неклассифицировано,вымышленный,иное,Предупредительный,1,Туманность Андромеды
неклассифицировано,вымышленный,иное,Прием,1,Туманность Андромеды
неклассифицировано,вымышленный,иное,Незамеченная,1,Туманность Андромеды
неклассифицировано,вымышленный,иное,Тяжелый,3,Туманность Андромеды
неклассифицировано,вымышленный,иное,Гладкая,1,Туманность Андромеды
неклассифицировано,вымышленный,иное,Низко,3,Туманность Андромеды
неклассифицировано,вымышленный,иное,Крупные,3,Туманность Андромеды
неклассифицировано,вымышленный,иное,Венеры,4,Туманность Андромеды
неклассифицировано,вымышленный,иное,Ветру,22,Туманность Андромеды
неклассифицировано,вымышленный,иное,Друзья,3,Туманность Андромеды
неклассифицировано,вымышленный,иное,Увлеченный,1,Туманность Андромеды
неклассифицировано,вымышленный,иное,Пора,6,Туманность Андромеды
неклассифицировано,вымышленный,иное,Кольцо,7,Туманность Андромеды
неклассифицировано,вымышленный,иное,Веду,31,Туманность Андромеды
неклассифицировано,вымышленный,иное,Золотистые,1,Туманность Андромеды
неклассифицировано,вымышленный,иное,Изумрудные,1,Туманность Андромеды
неклассифицировано,вымышленный,иное,Несколько,9,Туманность Андромеды
неклассифицировано,вымышленный,иное,Мвена,67,Туманность Андромеды
неклассифицировано,вымышленный,иное,Маса,66,Туманность Андромеды
неклассифицировано,вымышленный,иное,Отсюда,3,Туманность Андромеды
неклассифицировано,вымышленный,иное,Представители,1,Туманность Андромеды
неклассифицировано,вымышленный,иное,Раздался,1,Туманность Андромеды
неклассифицировано,вымышленный,иное,Звон,2,Туманность Андромеды
неклассифицировано,вымышленный,иное,Стена,3,Туманность Андромеды
неклассифицировано,вымышленный,иное,Открылся,1,Туманность Андромеды
неклассифицировано,вымышленный,иное,Африки,5,Туманность Андромеды
неклассифицировано,вымышленный,иное,Кению,1,Туманность Андромеды
неклассифицировано,вымышленный,иное,Снова,4,Туманность Андромеды
неклассифицировано,вымышленный,иное,Направленное,1,Туманность Андромеды
неклассифицировано,вымышленный,иное,Кения,1,Туманность Андромеды
неклассифицировано,вымышленный,иное,Восточной,1,Туманность Андромеды
неклассифицировано,вымышленный,иное,Африке,6,Туманность Андромеды
неклассифицировано,вымышленный,иное,Другой,3,Туманность Андромеды
неклассифицировано,вымышленный,иное,Эти,14,Туманность Андромеды
неклассифицировано,вымышленный,иное,Узкая,1,Туманность Андромеды
неклассифицировано,вымышленный,иное,Гур,2,Туманность Андромеды
неклассифицировано,вымышленный,иное,Ган,2,Туманность Андромеды
неклассифицировано,вымышленный,иное,Тусклая,1,Туманность Андромеды
неклассифицировано,вымышленный,иное,Невидимые,2,Туманность Андромеды
неклассифицировано,вымышленный,иное,Беззвучно,2,Туманность Андромеды
неклассифицировано,вымышленный,иное,Жаль,4,Туманность Андромеды
неклассифицировано,вымышленный,иное,Разобщенного,13,Туманность Андромеды
неклассифицировано,вымышленный,иное,Мира,23,Туманность Андромеды
неклассифицировано,вымышленный,иное,Античных,1,Туманность Андромеды
неклассифицировано,вымышленный,иное,Темных,7,Туманность Андромеды
неклассифицировано,вымышленный,иное,Капитализма,1,Туманность Андромеды
неклассифицировано,вымышленный,иное,Гораздо,2,Туманность Андромеды
неклассифицировано,вымышленный,иное,Развитие,3,Туманность Андромеды
неклассифицировано,вымышленный,иное,Расщепления,5,Туманность Андромеды
неклассифицировано,вымышленный,иное,Были,3,Туманность Андромеды
неклассифицировано,вымышленный,иное,Борьба,3,Туманность Андромеды
неклассифицировано,вымышленный,иное,Открытие,2,Туманность Андромеды
неклассифицировано,вымышленный,иное,Переустройство,1,Туманность Андромеды
неклассифицировано,вымышленный,иное,Коммунистическое,1,Туманность Андромеды
неклассифицировано,вымышленный,иное,Искоренение,1,Туманность Андромеды
неклассифицировано,вымышленный,иное,Эра,3,Туманность Андромеды
неклассифицировано,вымышленный,иное,Мирового,5,Туманность Андромеды
неклассифицировано,вымышленный,иное,Воссоединения,5,Туманность Андромеды
неклассифицировано,вымышленный,иное,Союза,1,Туманность Андромеды
неклассифицировано,вымышленный,иное,Стран,1,Туманность Андромеды
неклассифицировано,вымышленный,иное,Разных,1,Туманность Андромеды
неклассифицировано,вымышленный,иное,Языков,1,Туманность Андромеды
неклассифицировано,вымышленный,иное,Борьбы,1,Туманность Андромеды
неклассифицировано,вымышленный,иное,Энергию,1,Туманность Андромеды
неклассифицировано,вымышленный,иное,Общего,4,Туманность Андромеды
неклассифицировано,вымышленный,иное,Языка,1,Туманность Андромеды
неклассифицировано,вымышленный,иное,Общественное,1,Туманность Андромеды
неклассифицировано,вымышленный,иное,Власть,1,Туманность Андромеды
неклассифицировано,вымышленный,иное,Писатели,1,Туманность Андромеды
неклассифицировано,вымышленный,иное,Скоро,12,Туманность Андромеды
неклассифицировано,вымышленный,иное,Труд,1,Туманность Андромеды
неклассифицировано,вымышленный,иное,Искусство,4,Туманность Андромеды
неклассифицировано,вымышленный,иное,Пришла,1,Туманность Андромеды
неклассифицировано,вымышленный,иное,Труда,5,Туманность Андромеды
неклассифицировано,вымышленный,иное,Упрощения,1,Туманность Андромеды
неклассифицировано,вымышленный,иное,Вещей,1,Туманность Андромеды
неклассифицировано,вымышленный,иное,Переустройства,2,Туманность Андромеды
неклассифицировано,вымышленный,иное,Первого,2,Туманность Андромеды
неклассифицировано,вымышленный,иное,Изобилия,1,Туманность Андромеды
неклассифицировано,вымышленный,иное,Космоса,1,Туманность Андромеды
неклассифицировано,вымышленный,иное,Изобретение,1,Туманность Андромеды
неклассифицировано,вымышленный,иное,Техника,1,Туманность Андромеды
неклассифицировано,вымышленный,иное,Человек,5,Туманность Андромеды
неклассифицировано,вымышленный,иное,Одно,4,Туманность Андромеды
неклассифицировано,вымышленный,иное,Коричневые,1,Туманность Андромеды
неклассифицировано,вымышленный,иное,Человечество,2,Туманность Андромеды
неклассифицировано,вымышленный,иное,Наиболее,2,Туманность Андромеды
неклассифицировано,вымышленный,иное,Средиземного,8,Туманность Андромеды
неклассифицировано,вымышленный,иное,Субтропический,1,Туманность Андромеды
неклассифицировано,вымышленный,иное,Дешевое,1,Туманность Андромеды
неклассифицировано,вымышленный,иное,Простой,1,Туманность Андромеды
неклассифицировано,вымышленный,иное,Сельское,1,Туманность Андромеды
неклассифицировано,вымышленный,иное,Пределов,10,Туманность Андромеды
неклассифицировано,вымышленный,иное,Одна,3,Туманность Андромеды
неклассифицировано,вымышленный,иное,Спиральная,1,Туманность Андромеды
неклассифицировано,вымышленный,иное,Дорога,4,Туманность Андромеды
неклассифицировано,вымышленный,иное,Дороге,3,Туманность Андромеды
неклассифицировано,вымышленный,иное,Сотни,4,Туманность Андромеды
неклассифицировано,вымышленный,иное,Полная,2,Туманность Андромеды
неклассифицировано,вымышленный,иное,Планомерная,1,Туманность Андромеды
неклассифицировано,вымышленный,иное,Накопились,1,Туманность Андромеды
неклассифицировано,вымышленный,иное,Губительное,1,Туманность Андромеды
неклассифицировано,вымышленный,иное,Великое,2,Туманность Андромеды
неклассифицировано,вымышленный,иное,Вода,4,Туманность Андромеды
неклассифицировано,вымышленный,иное,Почти,5,Туманность Андромеды
неклассифицировано,вымышленный,иное,Антарктический,1,Туманность Андромеды
неклассифицировано,вымышленный,иное,Антарктиду,1,Туманность Андромеды
неклассифицировано,вымышленный,иное,Спиральную,1,Туманность Андромеды
неклассифицировано,вымышленный,иное,Дорогу,1,Туманность Андромеды
неклассифицировано,вымышленный,иное,Вечные,2,Туманность Андромеды
неклассифицировано,вымышленный,иное,Азии,8,Туманность Андромеды
неклассифицировано,вымышленный,иное,Возможности,1,Туманность Андромеды
неклассифицировано,вымышленный,иное,Теплые,1,Туманность Андромеды
неклассифицировано,вымышленный,иное,Старые,1,Туманность Андромеды
неклассифицировано,вымышленный,иное,Эру,10,Туманность Андромеды
неклассифицировано,вымышленный,иное,Академией,3,Туманность Андромеды
неклассифицировано,вымышленный,иное,Направленных,3,Туманность Андромеды
неклассифицировано,вымышленный,иное,Излучений,3,Туманность Андромеды
неклассифицировано,вымышленный,иное,Защищающий,1,Туманность Андромеды
неклассифицировано,вымышленный,иное,Давнодавно,1,Туманность Андромеды
неклассифицировано,вымышленный,иное,Ученый,4,Туманность Андромеды
неклассифицировано,вымышленный,иное,Кам,2,Туманность Андромеды
неклассифицировано,вымышленный,иное,Амат,3,Туманность Андромеды
неклассифицировано,вымышленный,иное,Надпись,1,Туманность Андромеды
неклассифицировано,вымышленный,иное,Каму,1,Туманность Андромеды
неклассифицировано,вымышленный,иное,Амату,1,Туманность Андромеды
неклассифицировано,вымышленный,иное,Привет,1,Туманность Андромеды
неклассифицировано,вымышленный,иное,Разделенные,1,Туманность Андромеды
неклассифицировано,вымышленный,иное,Язык,1,Туманность Андромеды
неклассифицировано,вымышленный,иное,Денеба,2,Туманность Андромеды
неклассифицировано,вымышленный,иное,Лебеде,1,Туманность Андромеды
неклассифицировано,вымышленный,иное,Записанные,1,Туманность Андромеды
неклассифицировано,вымышленный,иное,Академию,3,Туманность Андромеды
неклассифицировано,вымышленный,иное,Знания,8,Туманность Андромеды
неклассифицировано,вымышленный,иное,Великом,2,Туманность Андромеды
неклассифицировано,вымышленный,иное,Кольце,2,Туманность Андромеды
неклассифицировано,вымышленный,иное,Голос,5,Туманность Андромеды
неклассифицировано,вымышленный,иное,Протяжный,1,Туманность Андромеды
неклассифицировано,вымышленный,иное,Действительно,3,Туманность Андромеды
неклассифицировано,вымышленный,иное,Темная,3,Туманность Андромеды
неклассифицировано,вымышленный,иное,Луч,2,Туманность Андромеды
неклассифицировано,вымышленный,иное,Тотчас,1,Туманность Андромеды
неклассифицировано,вымышленный,иное,Заф,1,Туманность Андромеды
неклассифицировано,вымышленный,иное,Фтет,1,Туманность Андромеды
неклассифицировано,вымышленный,иное,Передаем,1,Туманность Андромеды
неклассифицировано,вымышленный,иное,Юпитера,3,Туманность Андромеды
неклассифицировано,вымышленный,иное,Сатурна,1,Туманность Андромеды
неклассифицировано,вымышленный,иное,Солнце,15,Туманность Андромеды
неклассифицировано,вымышленный,иное,Бесстрастный,1,Туманность Андромеды
неклассифицировано,вымышленный,иное,Сигнальные,1,Туманность Андромеды
неклассифицировано,вымышленный,иное,Веде,16,Туманность Андромеды
неклассифицировано,вымышленный,иное,Интересно,2,Туманность Андромеды
неклассифицировано,вымышленный,иное,Насколько,2,Туманность Андромеды
неклассифицировано,вымышленный,иное,Дальше,8,Туманность Андромеды
неклассифицировано,вымышленный,иное,Нерегулярно,1,Туманность Андромеды
неклассифицировано,вымышленный,иное,Видим,1,Туманность Андромеды
неклассифицировано,вымышленный,иное,Академии,14,Туманность Андромеды
неклассифицировано,вымышленный,иное,Резко,1,Туманность Андромеды
неклассифицировано,вымышленный,иное,Громадное,1,Туманность Андромеды
неклассифицировано,вымышленный,иное,Зрелище,2,Туманность Андромеды
неклассифицировано,вымышленный,иное,Высоко,2,Туманность Андромеды
неклассифицировано,вымышленный,иное,Неизвестная,2,Туманность Андромеды
неклассифицировано,вымышленный,иное,Отблески,1,Туманность Андромеды
неклассифицировано,вымышленный,иное,Волны,2,Туманность Андромеды
неклассифицировано,вымышленный,иное,Полированный,1,Туманность Андромеды
неклассифицировано,вымышленный,иное,Передаточный,1,Туманность Андромеды
неклассифицировано,вымышленный,иное,Матово,1,Туманность Андромеды
неклассифицировано,вымышленный,иное,Внимание,2,Туманность Андромеды
неклассифицировано,вымышленный,иное,Пламенный,1,Туманность Андромеды
неклассифицировано,вымышленный,иное,Центральной,6,Туманность Андромеды
неклассифицировано,вымышленный,иное,Америки,6,Туманность Андромеды
неклассифицировано,вымышленный,иное,Обе,9,Туманность Андромеды
неклассифицировано,вымышленный,иное,Стоявшие,2,Туманность Андромеды
неклассифицировано,вымышленный,иное,Юнию,2,Туманность Андромеды
неклассифицировано,вымышленный,иное,Анту,2,Туманность Андромеды
неклассифицировано,вымышленный,иное,Цепь,1,Туманность Андромеды
неклассифицировано,вымышленный,иное,Многие,3,Туманность Андромеды
неклассифицировано,вымышленный,иное,Долго,4,Туманность Андромеды
неклассифицировано,вымышленный,иное,Бесконечно,3,Туманность Андромеды
неклассифицировано,вымышленный,иное,Опираясь,1,Туманность Андромеды
неклассифицировано,вымышленный,иное,Изображение,1,Туманность Андромеды
неклассифицировано,вымышленный,иное,Неуловимо,1,Туманность Андромеды
неклассифицировано,вымышленный,иное,Мужчина,1,Туманность Андромеды
неклассифицировано,вымышленный,иное,Танцующие,1,Туманность Андромеды
неклассифицировано,вымышленный,иное,Люди,21,Туманность Андромеды
неклассифицировано,вымышленный,иное,Наша,4,Туманность Андромеды
неклассифицировано,вымышленный,иное,Танец,1,Туманность Андромеды
неклассифицировано,вымышленный,иное,Юная,2,Туманность Андромеды
неклассифицировано,вымышленный,иное,Невольно,1,Туманность Андромеды
неклассифицировано,вымышленный,иное,Потолка,1,Туманность Андромеды
неклассифицировано,вымышленный,иное,Сочетание,1,Туманность Андромеды
неклассифицировано,вымышленный,иное,Круглое,2,Туманность Андромеды
неклассифицировано,вымышленный,иное,Громадные,2,Туманность Андромеды
неклассифицировано,вымышленный,иное,Эридана,7,Туманность Андромеды
неклассифицировано,вымышленный,иное,Система,1,Туманность Андромеды
неклассифицировано,вымышленный,иное,Краснокожая,2,Туманность Андромеды
неклассифицировано,вымышленный,иное,Губы,1,Туманность Андромеды
неклассифицировано,вымышленный,иное,Густые,2,Туманность Андромеды
неклассифицировано,вымышленный,иное,Восемьдесят,1,Туманность Андромеды
неклассифицировано,вымышленный,иное,Досадливо,1,Туманность Андромеды
неклассифицировано,вымышленный,иное,Выключение,1,Туманность Андромеды
неклассифицировано,вымышленный,иное,Часть,1,Туманность Андромеды
неклассифицировано,вымышленный,иное,Институт,5,Туманность Андромеды
неклассифицировано,вымышленный,иное,Южного,2,Туманность Андромеды
неклассифицировано,вымышленный,иное,Неба,1,Туманность Андромеды
неклассифицировано,вымышленный,иное,Юния,3,Туманность Андромеды
неклассифицировано,вымышленный,иное,Анта,3,Туманность Андромеды
неклассифицировано,вымышленный,иное,Суровый,1,Туманность Андромеды
неклассифицировано,вымышленный,иное,Грезой,1,Туманность Андромеды
неклассифицировано,вымышленный,иное,Луны,1,Туманность Андромеды
неклассифицировано,вымышленный,иное,Марса,5,Туманность Андромеды
неклассифицировано,вымышленный,иное,Впервые,9,Туманность Андромеды
неклассифицировано,вымышленный,иное,Древние,3,Туманность Андромеды
неклассифицировано,вымышленный,иное,Излишества,1,Туманность Андромеды
неклассифицировано,вымышленный,иное,Движущаяся,1,Туманность Андромеды
неклассифицировано,вымышленный,иное,Гомо,1,Туманность Андромеды
неклассифицировано,вымышленный,иное,Человеком,1,Туманность Андромеды
неклассифицировано,вымышленный,иное,Право,1,Туманность Андромеды
неклассифицировано,вымышленный,иное,Лицо,2,Туманность Андромеды
неклассифицировано,вымышленный,иное,Склон,1,Туманность Андромеды
неклассифицировано,вымышленный,иное,Цепочка,1,Туманность Андромеды
неклассифицировано,вымышленный,иное,Рассвет,1,Туманность Андромеды
неклассифицировано,вымышленный,иное,Воспитанный,1,Туманность Андромеды
неклассифицировано,вымышленный,иное,Древней,2,Туманность Андромеды
неклассифицировано,вымышленный,иное,Эллады,2,Туманность Андромеды
неклассифицировано,вымышленный,иное,Западном,1,Туманность Андромеды
неклассифицировано,вымышленный,иное,Тибете,3,Туманность Андромеды
неклассифицировано,вымышленный,иное,Нахэбта,1,Туманность Андромеды
неклассифицировано,вымышленный,иное,Южной,6,Туманность Андромеды
неклассифицировано,вымышленный,иное,Америке,1,Туманность Андромеды
неклассифицировано,вымышленный,иное,Австралии,1,Туманность Андромеды
неклассифицировано,вымышленный,иное,Африканец,22,Туманность Андромеды
неклассифицировано,вымышленный,иное,Планетарные,1,Туманность Андромеды
неклассифицировано,вымышленный,иное,Невидимая,2,Туманность Андромеды
неклассифицировано,вымышленный,иное,Сова,1,Туманность Андромеды
неклассифицировано,вымышленный,иное,Боюсь,3,Туманность Андромеды
неклассифицировано,вымышленный,иное,Видишь,2,Туманность Андромеды
неклассифицировано,вымышленный,иное,Молчали,2,Туманность Андромеды
неклассифицировано,вымышленный,иное,Горючего,1,Туманность Андромеды
неклассифицировано,вымышленный,иное,Ход,1,Туманность Андромеды
неклассифицировано,вымышленный,иное,Неуловимое,1,Туманность Андромеды
неклассифицировано,вымышленный,иное,Страшное,1,Туманность Андромеды
неклассифицировано,вымышленный,иное,Незримые,1,Туманность Андромеды
неклассифицировано,вымышленный,иное,Вырвались,1,Туманность Андромеды
неклассифицировано,вымышленный,иное,Остался,3,Туманность Андромеды
неклассифицировано,вымышленный,иное,Идет,2,Туманность Андромеды
неклассифицировано,вымышленный,иное,Лет,1,Туманность Андромеды
неклассифицировано,вымышленный,иное,Другая,3,Туманность Андромеды
неклассифицировано,вымышленный,иное,Щеки,3,Туманность Андромеды
неклассифицировано,вымышленный,иное,Девушке,2,Туманность Андромеды
неклассифицировано,вымышленный,иное,Число,1,Туманность Андромеды
неклассифицировано,вымышленный,иное,Замедление,1,Туманность Андромеды
неклассифицировано,вымышленный,иное,Забывшие,1,Туманность Андромеды
неклассифицировано,вымышленный,иное,Внезапный,1,Туманность Андромеды
неклассифицировано,вымышленный,иное,Страх,1,Туманность Андромеды
неклассифицировано,вымышленный,иное,Стоявшая,2,Туманность Андромеды
неклассифицировано,вымышленный,иное,Осуждение,1,Туманность Андромеды
неклассифицировано,вымышленный,иное,Прошли,2,Туманность Андромеды
неклассифицировано,вымышленный,иное,Говорить,1,Туманность Андромеды
неклассифицировано,вымышленный,иное,Впереди,2,Туманность Андромеды
неклассифицировано,вымышленный,иное,Садитесь,1,Туманность Андромеды
неклассифицировано,вымышленный,иное,Спешить,1,Туманность Андромеды
неклассифицировано,вымышленный,иное,Присутствующие,1,Туманность Андромеды
неклассифицировано,вымышленный,иное,Планеты,3,Туманность Андромеды
неклассифицировано,вымышленный,иное,Нам,5,Туманность Андромеды
неклассифицировано,вымышленный,иное,Исследователи,5,Туманность Андромеды
неклассифицировано,вымышленный,иное,Такие,4,Туманность Андромеды
неклассифицировано,вымышленный,иное,Юпитер,1,Туманность Андромеды
неклассифицировано,вымышленный,иное,Сатурн,1,Туманность Андромеды
неклассифицировано,вымышленный,иное,Уран,1,Туманность Андромеды
неклассифицировано,вымышленный,иное,Нептун,3,Туманность Андромеды
неклассифицировано,вымышленный,иное,Находясь,2,Туманность Андромеды
неклассифицировано,вымышленный,иное,Чужая,1,Туманность Андромеды
неклассифицировано,вымышленный,иное,Защитные,1,Туманность Андромеды
неклассифицировано,вымышленный,иное,Основная,1,Туманность Андромеды
неклассифицировано,вымышленный,иное,Невероятные,1,Туманность Андромеды
неклассифицировано,вымышленный,иное,Большой,11,Туманность Андромеды
неклассифицировано,вымышленный,иное,Медведицы,4,Туманность Андромеды
неклассифицировано,вымышленный,иное,Райской,1,Туманность Андромеды
неклассифицировано,вымышленный,иное,Птицы,1,Туманность Андромеды
неклассифицировано,вымышленный,иное,Расплывчатая,1,Туманность Андромеды
неклассифицировано,вымышленный,иное,Кельвина,1,Туманность Андромеды
неклассифицировано,вымышленный,иное,Вращение,2,Туманность Андромеды
неклассифицировано,вымышленный,иное,Локаторы,2,Туманность Андромеды
неклассифицировано,вымышленный,иное,Толщина,2,Туманность Андромеды
неклассифицировано,вымышленный,иное,Уточненная,1,Туманность Андромеды
неклассифицировано,вымышленный,иное,Сила,3,Туманность Андромеды
неклассифицировано,вымышленный,иное,Рев,2,Туманность Андромеды
неклассифицировано,вымышленный,иное,Экипажу,1,Туманность Андромеды
неклассифицировано,вымышленный,иное,Пристанище,1,Туманность Андромеды
неклассифицировано,вымышленный,иное,Смогут,2,Туманность Андромеды
неклассифицировано,вымышленный,иное,Сотрудники,1,Туманность Андромеды
неклассифицировано,вымышленный,иное,Освещенная,1,Туманность Андромеды
неклассифицировано,вымышленный,иное,Сбросили,1,Туманность Андромеды
неклассифицировано,вымышленный,иное,Угодила,1,Туманность Андромеды
неклассифицировано,вымышленный,иное,Бина,4,Туманность Андромеды
неклассифицировано,вымышленный,иное,Лед,4,Туманность Андромеды
неклассифицировано,вымышленный,иное,Придется,4,Туманность Андромеды
неклассифицировано,вымышленный,иное,Обрисовались,1,Туманность Андромеды
неклассифицировано,вымышленный,иное,Свисток,1,Туманность Андромеды
неклассифицировано,вымышленный,иное,Металл,1,Туманность Андромеды
неклассифицировано,вымышленный,иное,Открытое,1,Туманность Андромеды
неклассифицировано,вымышленный,иное,Фантастика,3,Туманность Андромеды
неклассифицировано,вымышленный,иное,Ничем,1,Туманность Андромеды
неклассифицировано,вымышленный,иное,Проверим,1,Туманность Андромеды
неклассифицировано,вымышленный,иное,Обратите,1,Туманность Андромеды
неклассифицировано,вымышленный,иное,Поставьте,1,Туманность Андромеды
неклассифицировано,вымышленный,иное,План,2,Туманность Андромеды
неклассифицировано,вымышленный,иное,Щелкнул,1,Туманность Андромеды
неклассифицировано,вымышленный,иное,Хисса,4,Туманность Андромеды
неклассифицировано,вымышленный,иное,Дрожавшими,1,Туманность Андромеды
неклассифицировано,вымышленный,иное,Внутренние,2,Туманность Андромеды
неклассифицировано,вымышленный,иное,Знакомые,1,Туманность Андромеды
неклассифицировано,вымышленный,иное,Сажать,2,Туманность Андромеды
неклассифицировано,вымышленный,иное,Остается,2,Туманность Андромеды
неклассифицировано,вымышленный,иное,Страшно,1,Туманность Андромеды
неклассифицировано,вымышленный,иное,Риск,1,Туманность Андромеды
неклассифицировано,вымышленный,иное,Пальцы,1,Туманность Андромеды
неклассифицировано,вымышленный,иное,Идем,1,Туманность Андромеды
неклассифицировано,вымышленный,иное,Вой,2,Туманность Андромеды
неклассифицировано,вымышленный,иное,Загремели,1,Туманность Андромеды
неклассифицировано,вымышленный,иное,Гор,1,Туманность Андромеды
неклассифицировано,вымышленный,иное,Первый,4,Туманность Андромеды
неклассифицировано,вымышленный,иное,Марсе,4,Туманность Андромеды
неклассифицировано,вымышленный,иное,Видимо,5,Туманность Андромеды
неклассифицировано,вымышленный,иное,Беспросветно,1,Туманность Андромеды
неклассифицировано,вымышленный,иное,Блестящая,1,Туманность Андромеды
неклассифицировано,вымышленный,иное,Скрещенные,1,Туманность Андромеды
неклассифицировано,вымышленный,иное,Передний,1,Туманность Андромеды
неклассифицировано,вымышленный,иное,Покрытие,1,Туманность Андромеды
неклассифицировано,вымышленный,иное,Лучи,1,Туманность Андромеды
неклассифицировано,вымышленный,иное,Диск,1,Туманность Андромеды
неклассифицировано,вымышленный,иное,Оглушительный,1,Туманность Андромеды
неклассифицировано,вымышленный,иное,Слышимый,1,Туманность Андромеды
неклассифицировано,вымышленный,иное,Пол,1,Туманность Андромеды
неклассифицировано,вымышленный,иное,Бесшумно,1,Туманность Андромеды
неклассифицировано,вымышленный,иное,Гигантские,1,Туманность Андромеды
неклассифицировано,вымышленный,иное,Толчок,1,Туманность Андромеды
неклассифицировано,вымышленный,иное,Посадка,1,Туманность Андромеды
неклассифицировано,вымышленный,иное,Страшная,1,Туманность Андромеды
неклассифицировано,вымышленный,иное,Годен,1,Туманность Андромеды
неклассифицировано,вымышленный,иное,Откуда,1,Туманность Андромеды
неклассифицировано,вымышленный,иное,Идемте,3,Туманность Андромеды
неклассифицировано,вымышленный,иное,Восемь,1,Туманность Андромеды
неклассифицировано,вымышленный,иное,Включите,1,Туманность Андромеды
неклассифицировано,вымышленный,иное,Давление,1,Туманность Андромеды
неклассифицировано,вымышленный,иное,Дверь,2,Туманность Андромеды
неклассифицировано,вымышленный,иное,Полтора,1,Туманность Андромеды
неклассифицировано,вымышленный,иное,Толстый,1,Туманность Андромеды
неклассифицировано,вымышленный,иное,Толстые,2,Туманность Андромеды
неклассифицировано,вымышленный,иное,Скопище,1,Туманность Андромеды
неклассифицировано,вымышленный,иное,Нетронутые,1,Туманность Андромеды
неклассифицировано,вымышленный,иное,Следом,3,Туманность Андромеды
неклассифицировано,вымышленный,иное,Мгновенно,3,Туманность Андромеды
неклассифицировано,вымышленный,иное,Мир,8,Туманность Андромеды
неклассифицировано,вымышленный,иное,Зажгли,1,Туманность Андромеды
неклассифицировано,вымышленный,иное,Невозможная,1,Туманность Андромеды
неклассифицировано,вымышленный,иное,Группа,3,Туманность Андромеды
неклассифицировано,вымышленный,иное,Ковыляя,1,Туманность Андромеды
неклассифицировано,вымышленный,иное,Освещение,1,Туманность Андромеды
неклассифицировано,вымышленный,иное,Должно,3,Туманность Андромеды
неклассифицировано,вымышленный,иное,Проследив,1,Туманность Андромеды
неклассифицировано,вымышленный,иное,Солнечной,1,Туманность Андромеды
неклассифицировано,вымышленный,иное,Исчезнувший,1,Туманность Андромеды
неклассифицировано,вымышленный,иное,Осмотр,1,Туманность Андромеды
неклассифицировано,вымышленный,иное,Кислородные,1,Туманность Андромеды
неклассифицировано,вымышленный,иное,Странные,2,Туманность Андромеды
неклассифицировано,вымышленный,иное,Попутно,1,Туманность Андромеды
неклассифицировано,вымышленный,иное,Переданное,1,Туманность Андромеды
неклассифицировано,вымышленный,иное,Отпала,1,Туманность Андромеды
неклассифицировано,вымышленный,иное,Нелегкая,1,Туманность Андромеды
неклассифицировано,вымышленный,иное,Сами,1,Туманность Андромеды
неклассифицировано,вымышленный,иное,Бины,2,Туманность Андромеды
неклассифицировано,вымышленный,иное,Укомплектованный,1,Туманность Андромеды
неклассифицировано,вымышленный,иное,Вегу,3,Туманность Андромеды
неклассифицировано,вымышленный,иное,Неизвестный,1,Туманность Андромеды
неклассифицировано,вымышленный,иное,Пробоину,1,Туманность Андромеды
неклассифицировано,вымышленный,иное,Экипаж,2,Туманность Андромеды
неклассифицировано,вымышленный,иное,Посланные,1,Туманность Андромеды
неклассифицировано,вымышленный,иное,Исследование,1,Туманность Андромеды
неклассифицировано,вымышленный,иное,Торопясь,2,Туманность Андромеды
неклассифицировано,вымышленный,иное,Завтра,2,Туманность Андромеды
неклассифицировано,вымышленный,иное,Включаю,1,Туманность Андромеды
неклассифицировано,вымышленный,иное,Слушавшие,1,Туманность Андромеды
неклассифицировано,вымышленный,иное,Спаслись,1,Туманность Андромеды
неклассифицировано,вымышленный,иное,Лаик,1,Туманность Андромеды
неклассифицировано,вымышленный,иное,Механик,2,Туманность Андромеды
неклассифицировано,вымышленный,иное,Сах,1,Туманность Андромеды
неклассифицировано,вымышленный,иное,Ктон,2,Туманность Андромеды
неклассифицировано,вымышленный,иное,Лента,1,Туманность Андромеды
неклассифицировано,вымышленный,иное,Кажется,2,Туманность Андромеды
неклассифицировано,вымышленный,иное,Братья,1,Туманность Андромеды
неклассифицировано,вымышленный,иное,Говорившая,1,Туманность Андромеды
неклассифицировано,вымышленный,иное,Ктона,1,Туманность Андромеды
неклассифицировано,вымышленный,иное,Вернусь,1,Туманность Андромеды
неклассифицировано,вымышленный,иное,Щелчок,1,Туманность Андромеды
неклассифицировано,вымышленный,иное,Будь,1,Туманность Андромеды
неклассифицировано,вымышленный,иное,Зон,2,Туманность Андромеды
неклассифицировано,вымышленный,иное,Протянем,1,Туманность Андромеды
неклассифицировано,вымышленный,иное,Парусом,3,Туманность Андромеды
неклассифицировано,вымышленный,иное,Голова,2,Туманность Андромеды
неклассифицировано,вымышленный,иное,Врач,4,Туманность Андромеды
неклассифицировано,вымышленный,иное,Сотрясение,1,Туманность Андромеды
неклассифицировано,вымышленный,иное,Помогите,3,Туманность Андромеды
неклассифицировано,вымышленный,иное,Бину,1,Туманность Андромеды
неклассифицировано,вымышленный,иное,Тарон,2,Туманность Андромеды
неклассифицировано,вымышленный,иное,Вскоре,2,Туманность Андромеды
неклассифицировано,вымышленный,иное,Мощные,1,Туманность Андромеды
неклассифицировано,вымышленный,иное,Погрузка,1,Туманность Андромеды
неклассифицировано,вымышленный,иное,Ослабели,1,Туманность Андромеды
неклассифицировано,вымышленный,иное,Таинственное,1,Туманность Андромеды
неклассифицировано,вымышленный,иное,Поднялся,2,Туманность Андромеды
неклассифицировано,вымышленный,иное,Охлаждение,1,Туманность Андромеды
неклассифицировано,вымышленный,иное,Работы,2,Туманность Андромеды
неклассифицировано,вымышленный,иное,Ураган,3,Туманность Андромеды
неклассифицировано,вымышленный,иное,Устрашающий,1,Туманность Андромеды
неклассифицировано,вымышленный,иное,Желтоватый,1,Туманность Андромеды
неклассифицировано,вымышленный,иное,Ток,1,Туманность Андромеды
неклассифицировано,вымышленный,иное,Разрешите,1,Туманность Андромеды
неклассифицировано,вымышленный,иное,Пойдемте,7,Туманность Андромеды
неклассифицировано,вымышленный,иное,Эона,3,Туманность Андромеды
неклассифицировано,вымышленный,иное,Рыжекудрая,1,Туманность Андромеды
неклассифицировано,вымышленный,иное,Почва,1,Туманность Андромеды
неклассифицировано,вымышленный,иное,Предлагаю,1,Туманность Андромеды
неклассифицировано,вымышленный,иное,Придавленные,1,Туманность Андромеды
неклассифицировано,вымышленный,иное,Время,4,Туманность Андромеды
неклассифицировано,вымышленный,иное,Наблюдатели,4,Туманность Андромеды
неклассифицировано,вымышленный,иное,Много,6,Туманность Андромеды
неклассифицировано,вымышленный,иное,Обязательно,3,Туманность Андромеды
неклассифицировано,вымышленный,иное,Дисковые,1,Туманность Андромеды
неклассифицировано,вымышленный,иное,Галактике,2,Туманность Андромеды
неклассифицировано,вымышленный,иное,Странная,2,Туманность Андромеды
неклассифицировано,вымышленный,иное,Проникнуть,1,Туманность Андромеды
неклассифицировано,вымышленный,иное,Попробуйте,1,Туманность Андромеды
неклассифицировано,вымышленный,иное,Парусе,1,Туманность Андромеды
неклассифицировано,вымышленный,иное,Телефон,1,Туманность Андромеды
неклассифицировано,вымышленный,иное,Вспомните,3,Туманность Андромеды
неклассифицировано,вымышленный,иное,Снаружи,1,Туманность Андромеды
неклассифицировано,вымышленный,иное,Мрак,1,Туманность Андромеды
неклассифицировано,вымышленный,иное,Огоньки,2,Туманность Андромеды
неклассифицировано,вымышленный,иное,Звездочки,1,Туманность Андромеды
неклассифицировано,вымышленный,иное,Башенка,1,Туманность Андромеды
неклассифицировано,вымышленный,иное,Ослепленные,1,Туманность Андромеды
неклассифицировано,вымышленный,иное,Призрачные,1,Туманность Андромеды
неклассифицировано,вымышленный,иное,Ваша,1,Туманность Андромеды
неклассифицировано,вымышленный,иное,Реакция,1,Туманность Андромеды
неклассифицировано,вымышленный,иное,Видов,1,Туманность Андромеды
неклассифицировано,вымышленный,иное,Существо,2,Туманность Андромеды
неклассифицировано,вымышленный,иное,Нужна,3,Туманность Андромеды
неклассифицировано,вымышленный,иное,Буря,1,Туманность Андромеды
неклассифицировано,вымышленный,иное,Налицо,1,Туманность Андромеды
неклассифицировано,вымышленный,иное,Вызовите,1,Туманность Андромеды
неклассифицировано,вымышленный,иное,Посоветовавшись,1,Туманность Андромеды
неклассифицировано,вымышленный,иное,Огненные,1,Туманность Андромеды
неклассифицировано,вымышленный,иное,Защита,1,Туманность Андромеды
неклассифицировано,вымышленный,иное,Ценой,2,Туманность Андромеды
неклассифицировано,вымышленный,иное,Микрофоны,1,Туманность Андромеды
неклассифицировано,вымышленный,иное,Фильм,2,Туманность Андромеды
неклассифицировано,вымышленный,иное,Голубая,2,Туманность Андромеды
неклассифицировано,вымышленный,иное,Индийского,2,Туманность Андромеды
неклассифицировано,вымышленный,иное,Шли,1,Туманность Андромеды
неклассифицировано,вымышленный,иное,Посейдона,1,Туманность Андромеды
неклассифицировано,вымышленный,иное,Прыжки,1,Туманность Андромеды
неклассифицировано,вымышленный,иное,Тысячи,3,Туманность Андромеды
неклассифицировано,вымышленный,иное,Лукавые,1,Туманность Андромеды
неклассифицировано,вымышленный,иное,Снабдить,1,Туманность Андромеды
неклассифицировано,вымышленный,иное,Положить,1,Туманность Андромеды
неклассифицировано,вымышленный,иное,Кровь,1,Туманность Андромеды
неклассифицировано,вымышленный,иное,Черные,2,Туманность Андромеды
неклассифицировано,вымышленный,иное,Первое,3,Туманность Андромеды
неклассифицировано,вымышленный,иное,Оставалось,2,Туманность Андромеды
неклассифицировано,вымышленный,иное,Нажим,1,Туманность Андромеды
неклассифицировано,вымышленный,иное,Левая,2,Туманность Андромеды
неклассифицировано,вымышленный,иное,Краны,1,Туманность Андромеды
неклассифицировано,вымышленный,иное,Победа,2,Туманность Андромеды
неклассифицировано,вымышленный,иное,Спиралодиск,1,Туманность Андромеды
неклассифицировано,вымышленный,иное,Пришлось,3,Туманность Андромеды
неклассифицировано,вымышленный,иное,Таинственный,1,Туманность Андромеды
неклассифицировано,вымышленный,иное,Угольно,1,Туманность Андромеды
неклассифицировано,вымышленный,иное,Малахитово,1,Туманность Андромеды
неклассифицировано,вымышленный,иное,Обращенная,1,Туманность Андромеды
неклассифицировано,вымышленный,иное,Парусу,1,Туманность Андромеды
неклассифицировано,вымышленный,иное,Колоссальный,1,Туманность Андромеды
неклассифицировано,вымышленный,иное,Металлическая,1,Туманность Андромеды
неклассифицировано,вымышленный,иное,Предвидевший,1,Туманность Андромеды
неклассифицировано,вымышленный,иное,Серьезное,2,Туманность Андромеды
неклассифицировано,вымышленный,иное,Спиральный,3,Туманность Андромеды
неклассифицировано,вымышленный,иное,Туда,2,Туманность Андромеды
неклассифицировано,вымышленный,иное,Синеватый,1,Туманность Андромеды
неклассифицировано,вымышленный,иное,Нечувствительный,1,Туманность Андромеды
неклассифицировано,вымышленный,иное,Повинуясь,1,Туманность Андромеды
неклассифицировано,вымышленный,иное,Управлять,1,Туманность Андромеды
неклассифицировано,вымышленный,иное,Гордая,1,Туманность Андромеды
неклассифицировано,вымышленный,иное,Крик,1,Туманность Андромеды
неклассифицировано,вымышленный,иное,Основание,1,Туманность Андромеды
неклассифицировано,вымышленный,иное,Опомнившиеся,1,Туманность Андромеды
неклассифицировано,вымышленный,иное,Низой,6,Туманность Андромеды
неклассифицировано,вымышленный,иное,Признаков,1,Туманность Андромеды
неклассифицировано,вымышленный,иное,Чудовище,2,Туманность Андромеды
неклассифицировано,вымышленный,иное,Немедленно,1,Туманность Андромеды
неклассифицировано,вымышленный,иное,Луме,2,Туманность Андромеды
неклассифицировано,вымышленный,иное,Возьмите,2,Туманность Андромеды
неклассифицировано,вымышленный,иное,Пушку,1,Туманность Андромеды
неклассифицировано,вымышленный,иное,Ставший,1,Туманность Андромеды
неклассифицировано,вымышленный,иное,Робот,5,Туманность Андромеды
неклассифицировано,вымышленный,иное,Громкое,1,Туманность Андромеды
неклассифицировано,вымышленный,иное,Куски,1,Туманность Андромеды
неклассифицировано,вымышленный,иное,Боковые,1,Туманность Андромеды
неклассифицировано,вымышленный,иное,Наметив,1,Туманность Андромеды
неклассифицировано,вымышленный,иное,Разрез,1,Туманность Андромеды
неклассифицировано,вымышленный,иное,Осторожно,2,Туманность Андромеды
неклассифицировано,вымышленный,иное,Падайте,1,Туманность Андромеды
неклассифицировано,вымышленный,иное,Толстенный,1,Туманность Андромеды
неклассифицировано,вымышленный,иное,Струя,1,Туманность Андромеды
неклассифицировано,вымышленный,иное,Взрыв,1,Туманность Андромеды
неклассифицировано,вымышленный,иное,Очнувшись,2,Туманность Андромеды
неклассифицировано,вымышленный,иное,Бросив,1,Туманность Андромеды
неклассифицировано,вымышленный,иное,Удачное,1,Туманность Андромеды
неклассифицировано,вымышленный,иное,Вторая,2,Туманность Андромеды
неклассифицировано,вымышленный,иное,Тонкий,2,Туманность Андромеды
неклассифицировано,вымышленный,иное,Вся,4,Туманность Андромеды
неклассифицировано,вымышленный,иное,Катастрофа,2,Туманность Андромеды
неклассифицировано,вымышленный,иное,Река,2,Туманность Андромеды
неклассифицировано,вымышленный,иное,Вдали,2,Туманность Андромеды
неклассифицировано,вымышленный,иное,Невысокие,1,Туманность Андромеды
неклассифицировано,вымышленный,иное,Западно-Сибирской,1,Туманность Андромеды
неклассифицировано,вымышленный,иное,Дали,1,Туманность Андромеды
неклассифицировано,вымышленный,иное,Окном,1,Туманность Андромеды
неклассифицировано,вымышленный,иное,Склонив,1,Туманность Андромеды
неклассифицировано,вымышленный,иное,Ковыль,1,Туманность Андромеды
неклассифицировано,вымышленный,иное,Маленькие,1,Туманность Андромеды
неклассифицировано,вымышленный,иное,Полоска,1,Туманность Андромеды
неклассифицировано,вымышленный,иное,Иртыша,1,Туманность Андромеды
неклассифицировано,вымышленный,иное,Обью,1,Туманность Андромеды
неклассифицировано,вымышленный,иное,Сибирскими,1,Туманность Андромеды
неклассифицировано,вымышленный,иное,Степное,1,Туманность Андромеды
неклассифицировано,вымышленный,иное,Круглая,2,Туманность Андромеды
неклассифицировано,вымышленный,иное,Винтолет,1,Туманность Андромеды
неклассифицировано,вымышленный,иное,Сработали,1,Туманность Андромеды
неклассифицировано,вымышленный,иное,Недаром,1,Туманность Андромеды
неклассифицировано,вымышленный,иное,Безупречная,1,Туманность Андромеды
неклассифицировано,вымышленный,иное,Жаркая,1,Туманность Андромеды
неклассифицировано,вымышленный,иное,Две,1,Туманность Андромеды
неклассифицировано,вымышленный,иное,Послушная,1,Туманность Андромеды
неклассифицировано,вымышленный,иное,Ведой,9,Туманность Андромеды
неклассифицировано,вымышленный,иное,Господин,1,Туманность Андромеды
неклассифицировано,вымышленный,иное,Проделав,1,Туманность Андромеды
неклассифицировано,вымышленный,иное,Темнота,2,Туманность Андромеды
неклассифицировано,вымышленный,иное,Летняя,1,Туманность Андромеды
неклассифицировано,вымышленный,иное,Громко,2,Туманность Андромеды
неклассифицировано,вымышленный,иное,Ветром,6,Туманность Андромеды
неклассифицировано,вымышленный,иное,Съежившаяся,1,Туманность Андромеды
неклассифицировано,вымышленный,иное,Накануне,1,Туманность Андромеды
неклассифицировано,вымышленный,иное,Старый,3,Туманность Андромеды
неклассифицировано,вымышленный,иное,Сохранить,1,Туманность Андромеды
неклассифицировано,вымышленный,иное,Платок,1,Туманность Андромеды
неклассифицировано,вымышленный,иное,Зачем,9,Туманность Андромеды
неклассифицировано,вымышленный,иное,Старайтесь,1,Туманность Андромеды
неклассифицировано,вымышленный,иное,Просторы,1,Туманность Андромеды
неклассифицировано,вымышленный,иное,Множество,1,Туманность Андромеды
неклассифицировано,вымышленный,иное,Такое,3,Туманность Андромеды
неклассифицировано,вымышленный,иное,Древнем,1,Туманность Андромеды
неклассифицировано,вымышленный,иное,Египте,1,Туманность Андромеды
неклассифицировано,вымышленный,иное,Ассирии,1,Туманность Андромеды
неклассифицировано,вымышленный,иное,Вавилонии,1,Туманность Андромеды
неклассифицировано,вымышленный,иное,Женщины,3,Туманность Андромеды
неклассифицировано,вымышленный,иное,Собственные,1,Туманность Андромеды
неклассифицировано,вымышленный,иное,Отзываясь,1,Туманность Андромеды
неклассифицировано,вымышленный,иное,Мало,3,Туманность Андромеды
неклассифицировано,вымышленный,иное,Воля,1,Туманность Андромеды
неклассифицировано,вымышленный,иное,Второй,4,Туманность Андромеды
неклассифицировано,вымышленный,иное,Великой,1,Туманность Андромеды
неклассифицировано,вымышленный,иное,Революции,1,Туманность Андромеды
неклассифицировано,вымышленный,иное,Истребительная,1,Туманность Андромеды
неклассифицировано,вымышленный,иное,Громадный,2,Туманность Андромеды
неклассифицировано,вымышленный,иное,Пламя,1,Туманность Андромеды
неклассифицировано,вымышленный,иное,Сопя,1,Туманность Андромеды
неклассифицировано,вымышленный,иное,Никогда,5,Туманность Андромеды
неклассифицировано,вымышленный,иное,Великан,1,Туманность Андромеды
неклассифицировано,вымышленный,иное,Бык,2,Туманность Андромеды
неклассифицировано,вымышленный,иное,Крышка,2,Туманность Андромеды
неклассифицировано,вымышленный,иное,Желтая,1,Туманность Андромеды
неклассифицировано,вымышленный,иное,Путешественники,1,Туманность Андромеды
неклассифицировано,вымышленный,иное,Новая,1,Туманность Андромеды
неклассифицировано,вымышленный,иное,Поднимемся,1,Туманность Андромеды
неклассифицировано,вымышленный,иное,Вершина,1,Туманность Андромеды
неклассифицировано,вымышленный,иное,Неудачно,1,Туманность Андромеды
неклассифицировано,вымышленный,иное,Заметив,1,Туманность Андромеды
неклассифицировано,вымышленный,иное,Прощай,1,Туманность Андромеды
неклассифицировано,вымышленный,иное,Секунду,2,Туманность Андромеды
неклассифицировано,вымышленный,иное,Тон,2,Туманность Андромеды
неклассифицировано,вымышленный,иное,Светлая,2,Туманность Андромеды
неклассифицировано,вымышленный,иное,Метельчатые,1,Туманность Андромеды
неклассифицировано,вымышленный,иное,Судя,3,Туманность Андромеды
неклассифицировано,вымышленный,иное,Притуплялось,1,Туманность Андромеды
неклассифицировано,вымышленный,иное,Ясный,1,Туманность Андромеды
неклассифицировано,вымышленный,иное,Работа,3,Туманность Андромеды
неклассифицировано,вымышленный,иное,Голубыми,1,Туманность Андромеды
неклассифицировано,вымышленный,иное,Сицилии,1,Туманность Андромеды
неклассифицировано,вымышленный,иное,Дворце,2,Туманность Андромеды
неклассифицировано,вымышленный,иное,Атлантиды,1,Туманность Андромеды
неклассифицировано,вымышленный,иное,Средиземноморья,3,Туманность Андромеды
неклассифицировано,вымышленный,иное,Красного,1,Туманность Андромеды
неклассифицировано,вымышленный,иное,Индии,5,Туманность Андромеды
неклассифицировано,вымышленный,иное,Поиски,1,Туманность Андромеды
неклассифицировано,вымышленный,иное,Крито-Индии,1,Туманность Андромеды
неклассифицировано,вымышленный,иное,Средней,4,Туманность Андромеды
неклассифицировано,вымышленный,иное,Северную,1,Туманность Андромеды
неклассифицировано,вымышленный,иное,Индию,1,Туманность Андромеды
неклассифицировано,вымышленный,иное,Западного,1,Туманность Андромеды
неклассифицировано,вымышленный,иное,Китая,1,Туманность Андромеды
неклассифицировано,вымышленный,иное,Карфагена,2,Туманность Андромеды
неклассифицировано,вымышленный,иное,Греции,3,Туманность Андромеды
неклассифицировано,вымышленный,иное,Рима,1,Туманность Андромеды
неклассифицировано,вымышленный,иное,Поедете,2,Туманность Андромеды
неклассифицировано,вымышленный,иное,Начался,1,Туманность Андромеды
неклассифицировано,вымышленный,иное,Благодарю,1,Туманность Андромеды
неклассифицировано,вымышленный,иное,Светильники,1,Туманность Андромеды
неклассифицировано,вымышленный,иное,Сосредоточенное,1,Туманность Андромеды
неклассифицировано,вымышленный,иное,Гул,3,Туманность Андромеды
неклассифицировано,вымышленный,иное,Контуры,1,Туманность Андромеды
неклассифицировано,вымышленный,иное,Предостерегающий,1,Туманность Андромеды
неклассифицировано,вымышленный,иное,Опасно,1,Туманность Андромеды
неклассифицировано,вымышленный,иное,Двери,2,Туманность Андромеды
неклассифицировано,вымышленный,иное,Тесная,1,Туманность Андромеды
неклассифицировано,вымышленный,иное,Освеженные,1,Туманность Андромеды
неклассифицировано,вымышленный,иное,Десять,1,Туманность Андромеды
неклассифицировано,вымышленный,иное,Победитель,1,Туманность Андромеды
неклассифицировано,вымышленный,иное,Изучают,1,Туманность Андромеды
неклассифицировано,вымышленный,иное,Трепещу,1,Туманность Андромеды
неклассифицировано,вымышленный,иное,Сразу,2,Туманность Андромеды
неклассифицировано,вымышленный,иное,Жесткими,1,Туманность Андромеды
неклассифицировано,вымышленный,иное,Гостеприимные,1,Туманность Андромеды
неклассифицировано,вымышленный,иное,Цилиндр,1,Туманность Андромеды
неклассифицировано,вымышленный,иное,Желтолицый,1,Туманность Андромеды
неклассифицировано,вымышленный,иное,Ляо,9,Туманность Андромеды
неклассифицировано,вымышленный,иное,Лан,8,Туманность Андромеды
неклассифицировано,вымышленный,иное,Азиатского,1,Туманность Андромеды
неклассифицировано,вымышленный,иное,Стыдно,1,Туманность Андромеды
неклассифицировано,вымышленный,иное,Память,1,Туманность Андромеды
неклассифицировано,вымышленный,иное,Скелеты,1,Туманность Андромеды
неклассифицировано,вымышленный,иное,Создается,1,Туманность Андромеды
неклассифицировано,вымышленный,иное,Загорелись,1,Туманность Андромеды
неклассифицировано,вымышленный,иное,Постоянный,1,Туманность Андромеды
неклассифицировано,вымышленный,иное,Движение,6,Туманность Андромеды
неклассифицировано,вымышленный,иное,Бросилась,1,Туманность Андромеды
неклассифицировано,вымышленный,иное,Череп,1,Туманность Андромеды
неклассифицировано,вымышленный,иное,Крыша,1,Туманность Андромеды
неклассифицировано,вымышленный,иное,Увеличение,1,Туманность Андромеды
неклассифицировано,вымышленный,иное,Казалось,3,Туманность Андромеды
неклассифицировано,вымышленный,иное,Какая,6,Туманность Андромеды
неклассифицировано,вымышленный,иное,Широкий,1,Туманность Андромеды
неклассифицировано,вымышленный,иное,Неуемно,1,Туманность Андромеды
неклассифицировано,вымышленный,иное,Северное,1,Туманность Андромеды
неклассифицировано,вымышленный,иное,Невозмутимый,1,Туманность Андромеды
неклассифицировано,вымышленный,иное,База,1,Туманность Андромеды
неклассифицировано,вымышленный,иное,Тром-Юган,1,Туманность Андромеды
неклассифицировано,вымышленный,иное,Сильный,4,Туманность Андромеды
неклассифицировано,вымышленный,иное,Широко,1,Туманность Андромеды
неклассифицировано,вымышленный,иное,Крошечная,1,Туманность Андромеды
неклассифицировано,вымышленный,иное,Потолок,1,Туманность Андромеды
неклассифицировано,вымышленный,иное,Велось,1,Туманность Андромеды
неклассифицировано,вымышленный,иное,Зелеными,1,Туманность Андромеды
неклассифицировано,вымышленный,иное,Молоко,1,Туманность Андромеды
неклассифицировано,вымышленный,иное,Перегон,1,Туманность Андромеды
неклассифицировано,вымышленный,иное,Юноша,2,Туманность Андромеды
неклассифицировано,вымышленный,иное,Помещение,1,Туманность Андромеды
неклассифицировано,вымышленный,иное,Сложная,1,Туманность Андромеды
неклассифицировано,вымышленный,иное,Миико,50,Туманность Андромеды
неклассифицировано,вымышленный,иное,Эйгоро,5,Туманность Андромеды
неклассифицировано,вымышленный,иное,Лана,1,Туманность Андромеды
неклассифицировано,вымышленный,иное,Поднявшись,2,Туманность Андромеды
неклассифицировано,вымышленный,иное,Влажная,1,Туманность Андромеды
неклассифицировано,вымышленный,иное,Степь,1,Туманность Андромеды
неклассифицировано,вымышленный,иное,Облокотясь,1,Туманность Андромеды
неклассифицировано,вымышленный,иное,Суровая,1,Туманность Андромеды
неклассифицировано,вымышленный,иное,Поневоле,1,Туманность Андромеды
неклассифицировано,вымышленный,иное,Открою,1,Туманность Андромеды
неклассифицировано,вымышленный,иное,Едемте,1,Туманность Андромеды
неклассифицировано,вымышленный,иное,Зазвенел,1,Туманность Андромеды
неклассифицировано,вымышленный,иное,Летчик,1,Туманность Андромеды
неклассифицировано,вымышленный,иное,Конь,1,Туманность Андромеды
неклассифицировано,вымышленный,иное,Море,4,Туманность Андромеды
неклассифицировано,вымышленный,иное,Глядя,2,Туманность Андромеды
неклассифицировано,вымышленный,иное,Сюда,2,Туманность Андромеды
неклассифицировано,вымышленный,иное,Печаль,2,Туманность Андромеды
неклассифицировано,вымышленный,иное,Возраставшая,1,Туманность Андромеды
неклассифицировано,вымышленный,иное,Послышался,1,Туманность Андромеды
неклассифицировано,вымышленный,иное,Мои,2,Туманность Андромеды
неклассифицировано,вымышленный,иное,Случайно,1,Туманность Андромеды
неклассифицировано,вымышленный,иное,Был,2,Туманность Андромеды
неклассифицировано,вымышленный,иное,Янагихара,1,Туманность Андромеды
неклассифицировано,вымышленный,иное,Редкий,1,Туманность Андромеды
неклассифицировано,вымышленный,иное,Ваше,2,Туманность Андромеды
неклассифицировано,вымышленный,иное,Совершенно,3,Туманность Андромеды
неклассифицировано,вымышленный,иное,Мой,5,Туманность Андромеды
неклассифицировано,вымышленный,иное,Большое,4,Туманность Андромеды
неклассифицировано,вымышленный,иное,Поплывем,2,Туманность Андромеды
неклассифицировано,вымышленный,иное,Минуту,2,Туманность Андромеды
неклассифицировано,вымышленный,иное,Художник,4,Туманность Андромеды
неклассифицировано,вымышленный,иное,Смотрите,5,Туманность Андромеды
неклассифицировано,вымышленный,иное,Сахара,1,Туманность Андромеды
неклассифицировано,вымышленный,иное,Одиноко,1,Туманность Андромеды
неклассифицировано,вымышленный,иное,Звонкий,1,Туманность Андромеды
неклассифицировано,вымышленный,иное,Весело,1,Туманность Андромеды
неклассифицировано,вымышленный,иное,Устланные,1,Туманность Андромеды
неклассифицировано,вымышленный,иное,Плоты,1,Туманность Андромеды
неклассифицировано,вымышленный,иное,Ближе,3,Туманность Андромеды
неклассифицировано,вымышленный,иное,Грозный,2,Туманность Андромеды
неклассифицировано,вымышленный,иное,Изломы,1,Туманность Андромеды
неклассифицировано,вымышленный,иное,Потревоженные,1,Туманность Андромеды
неклассифицировано,вымышленный,иное,Пловцы,1,Туманность Андромеды
неклассифицировано,вымышленный,иное,Терпкий,1,Туманность Андромеды
неклассифицировано,вымышленный,иное,Крутой,1,Туманность Андромеды
неклассифицировано,вымышленный,иное,Задумавшаяся,1,Туманность Андромеды
неклассифицировано,вымышленный,иное,Вас,6,Туманность Андромеды
неклассифицировано,вымышленный,иное,Тут,4,Туманность Андромеды
неклассифицировано,вымышленный,иное,Попытаюсь,2,Туманность Андромеды
неклассифицировано,вымышленный,иное,Статуя,1,Туманность Андромеды
неклассифицировано,вымышленный,иное,Холодный,3,Туманность Андромеды
неклассифицировано,вымышленный,иное,Холодная,2,Туманность Андромеды
неклассифицировано,вымышленный,иное,Всего,2,Туманность Андромеды
неклассифицировано,вымышленный,иное,Темные,2,Туманность Андромеды
неклассифицировано,вымышленный,иное,Неведомый,2,Туманность Андромеды
неклассифицировано,вымышленный,иное,Приблизившись,1,Туманность Андромеды
неклассифицировано,вымышленный,иное,Рен,121,Туманность Андромеды
неклассифицировано,вымышленный,иное,Бозом,7,Туманность Андромеды
неклассифицировано,вымышленный,иное,Боз,71,Туманность Андромеды
неклассифицировано,вымышленный,иное,Физик,5,Туманность Андромеды
неклассифицировано,вымышленный,иное,Знаю,6,Туманность Андромеды
неклассифицировано,вымышленный,иное,Плывет,1,Туманность Андромеды
неклассифицировано,вымышленный,иное,Сидя,1,Туманность Андромеды
неклассифицировано,вымышленный,иное,Видение,1,Туманность Андромеды
неклассифицировано,вымышленный,иное,Ощутить,1,Туманность Андромеды
неклассифицировано,вымышленный,иное,Той,1,Туманность Андромеды
неклассифицировано,вымышленный,иное,Встреча,2,Туманность Андромеды
неклассифицировано,вымышленный,иное,Мвеном,9,Туманность Андромеды
неклассифицировано,вымышленный,иное,Масом,9,Туманность Андромеды
неклассифицировано,вымышленный,иное,Опыт,4,Туманность Андромеды
неклассифицировано,вымышленный,иное,Громадность,1,Туманность Андромеды
неклассифицировано,вымышленный,иное,Антарктиде,2,Туманность Андромеды
неклассифицировано,вымышленный,иное,Ощущение,1,Туманность Андромеды
неклассифицировано,вымышленный,иное,Увидев,2,Туманность Андромеды
неклассифицировано,вымышленный,иное,Песня,2,Туманность Андромеды
неклассифицировано,вымышленный,иное,Эвду,7,Туманность Андромеды
неклассифицировано,вымышленный,иное,Иссиня,1,Туманность Андромеды
неклассифицировано,вымышленный,иное,Эвды,13,Туманность Андромеды
неклассифицировано,вымышленный,иное,Высокие,2,Туманность Андромеды
неклассифицировано,вымышленный,иное,Благодарите,1,Туманность Андромеды
неклассифицировано,вымышленный,иное,Чара,83,Туманность Андромеды
неклассифицировано,вымышленный,иное,Нанди,28,Туманность Андромеды
неклассифицировано,вымышленный,иное,Карта,4,Туманность Андромеды
неклассифицировано,вымышленный,иное,Сана,4,Туманность Андромеды
неклассифицировано,вымышленный,иное,Эвдой,6,Туманность Андромеды
неклассифицировано,вымышленный,иное,Углы,1,Туманность Андромеды
неклассифицировано,вымышленный,иное,Нужно,2,Туманность Андромеды
неклассифицировано,вымышленный,иное,Буду,3,Туманность Андромеды
неклассифицировано,вымышленный,иное,Горя,8,Туманность Андромеды
неклассифицировано,вымышленный,иное,Радости,8,Туманность Андромеды
неклассифицировано,вымышленный,иное,Чары,28,Туманность Андромеды
неклассифицировано,вымышленный,иное,Боза,33,Туманность Андромеды
неклассифицировано,вымышленный,иное,Тяжело,1,Туманность Андромеды
неклассифицировано,вымышленный,иное,Ищешь,1,Туманность Андромеды
неклассифицировано,вымышленный,иное,Ловить,1,Туманность Андромеды
неклассифицировано,вымышленный,иное,Находка,2,Туманность Андромеды
неклассифицировано,вымышленный,иное,Карт,9,Туманность Андромеды
неклассифицировано,вымышленный,иное,Сан,9,Туманность Андромеды
неклассифицировано,вымышленный,иное,Проводите,1,Туманность Андромеды
неклассифицировано,вымышленный,иное,Дочь,13,Туманность Андромеды
неклассифицировано,вымышленный,иное,Гондваны,7,Туманность Андромеды
неклассифицировано,вымышленный,иное,Красота,1,Туманность Андромеды
неклассифицировано,вымышленный,иное,Всегда,2,Туманность Андромеды
неклассифицировано,вымышленный,иное,Придумал,1,Туманность Андромеды
неклассифицировано,вымышленный,иное,Тетиса,3,Туманность Андромеды
неклассифицировано,вымышленный,иное,Меня,6,Туманность Андромеды
неклассифицировано,вымышленный,иное,Крита,1,Туманность Андромеды
неклассифицировано,вымышленный,иное,Двуречья,1,Туманность Андромеды
неклассифицировано,вымышленный,иное,Полинезии,2,Туманность Андромеды
неклассифицировано,вымышленный,иное,Афродите,1,Туманность Андромеды
неклассифицировано,вымышленный,иное,Само,1,Туманность Андромеды
неклассифицировано,вымышленный,иное,Афродита,2,Туманность Андромеды
неклассифицировано,вымышленный,иное,Анадиомена,1,Туманность Андромеды
неклассифицировано,вымышленный,иное,Богиня,1,Туманность Андромеды
неклассифицировано,вымышленный,иное,Твердый,1,Туманность Андромеды
неклассифицировано,вымышленный,иное,Маленький,2,Туманность Андромеды
неклассифицировано,вымышленный,иное,Слишком,3,Туманность Андромеды
неклассифицировано,вымышленный,иное,Путь,3,Туманность Андромеды
неклассифицировано,вымышленный,иное,Спрошу,1,Туманность Андромеды
неклассифицировано,вымышленный,иное,Экваториальной,1,Туманность Андромеды
неклассифицировано,вымышленный,иное,Создав,1,Туманность Андромеды
неклассифицировано,вымышленный,иное,Атлантическому,1,Туманность Андромеды
неклассифицировано,вымышленный,иное,Однажды,2,Туманность Андромеды
неклассифицировано,вымышленный,иное,Атлантике,1,Туманность Андромеды
неклассифицировано,вымышленный,иное,Азор,1,Туманность Андромеды
неклассифицировано,вымышленный,иное,Винт,2,Туманность Андромеды
неклассифицировано,вымышленный,иное,Представьте,2,Туманность Андромеды
неклассифицировано,вымышленный,иное,Вал,1,Туманность Андромеды
неклассифицировано,вымышленный,иное,Больше,3,Туманность Андромеды
неклассифицировано,вымышленный,иное,Вовсе,2,Туманность Андромеды
неклассифицировано,вымышленный,иное,Оптические,1,Туманность Андромеды
неклассифицировано,вымышленный,иное,Обострилось,1,Туманность Андромеды
неклассифицировано,вымышленный,иное,Вера,1,Туманность Андромеды
неклассифицировано,вымышленный,иное,Опять,3,Туманность Андромеды
неклассифицировано,вымышленный,иное,Гондвана,1,Туманность Андромеды
неклассифицировано,вымышленный,иное,Картина,1,Туманность Андромеды
неклассифицировано,вымышленный,иное,Половина,1,Туманность Андромеды
неклассифицировано,вымышленный,иное,Белые,1,Туманность Андромеды
неклассифицировано,вымышленный,иное,Правой,1,Туманность Андромеды
неклассифицировано,вымышленный,иное,Удивительные,1,Туманность Андромеды
неклассифицировано,вымышленный,иное,Дворец,1,Туманность Андромеды
неклассифицировано,вымышленный,иное,Позу,1,Туманность Андромеды
неклассифицировано,вымышленный,иное,Длинная,2,Туманность Андромеды
неклассифицировано,вымышленный,иное,Гаснут,1,Туманность Андромеды
неклассифицировано,вымышленный,иное,Мысли,1,Туманность Андромеды
неклассифицировано,вымышленный,иное,Лучшее,1,Туманность Андромеды
неклассифицировано,вымышленный,иное,Современный,1,Туманность Андромеды
неклассифицировано,вымышленный,иное,Хотелось,2,Туманность Андромеды
неклассифицировано,вымышленный,иное,Шерлисом,1,Туманность Андромеды
неклассифицировано,вымышленный,иное,Фрит,7,Туманность Андромеды
неклассифицировано,вымышленный,иное,Дон,7,Туманность Андромеды
неклассифицировано,вымышленный,иное,Лодка,1,Туманность Андромеды
неклассифицировано,вымышленный,иное,Очнитесь,1,Туманность Андромеды
неклассифицировано,вымышленный,иное,Участок,1,Туманность Андромеды
неклассифицировано,вымышленный,иное,Гейзенберг,1,Туманность Андромеды
неклассифицировано,вымышленный,иное,Примерно,1,Туманность Андромеды
неклассифицировано,вымышленный,иное,Ого,1,Туманность Андромеды
неклассифицировано,вымышленный,иное,Практически,1,Туманность Андромеды
неклассифицировано,вымышленный,иное,Спиральное,1,Туманность Андромеды
неклассифицировано,вымышленный,иное,Переход,1,Туманность Андромеды
неклассифицировано,вымышленный,иное,Кора,3,Туманность Андромеды
неклассифицировано,вымышленный,иное,Юлла,3,Туманность Андромеды
неклассифицировано,вымышленный,иное,Потребуется,1,Туманность Андромеды
неклассифицировано,вымышленный,иное,Стоит,2,Туманность Андромеды
неклассифицировано,вымышленный,иное,Аппаратов,1,Туманность Андромеды
неклассифицировано,вымышленный,иное,Мое,3,Туманность Андромеды
неклассифицировано,вымышленный,иное,Пространство,1,Туманность Андромеды
неклассифицировано,вымышленный,иное,Есть,8,Туманность Андромеды
неклассифицировано,вымышленный,иное,Повесть,1,Туманность Андромеды
неклассифицировано,вымышленный,иное,География,1,Туманность Андромеды
неклассифицировано,вымышленный,иное,Юный,1,Туманность Андромеды
неклассифицировано,вымышленный,иное,Трудно,2,Туманность Андромеды
неклассифицировано,вымышленный,иное,Ответьте,1,Туманность Андромеды
неклассифицировано,вымышленный,иное,Чего,2,Туманность Андромеды
неклассифицировано,вымышленный,иное,Постройки,1,Туманность Андромеды
неклассифицировано,вымышленный,иное,Луне,1,Туманность Андромеды
неклассифицировано,вымышленный,иное,Лунное,1,Туманность Андромеды
неклассифицировано,вымышленный,иное,Человечеству,1,Туманность Андромеды
неклассифицировано,вымышленный,иное,Обратитесь,1,Туманность Андромеды
неклассифицировано,вымышленный,иное,Реном,1,Туманность Андромеды
неклассифицировано,вымышленный,иное,Трое,2,Туманность Андромеды
неклассифицировано,вымышленный,иное,Легенда,1,Туманность Андромеды
неклассифицировано,вымышленный,иное,Синих,1,Туманность Андромеды
неклассифицировано,вымышленный,иное,Солнц,1,Туманность Андромеды
неклассифицировано,вымышленный,иное,Жива,1,Туманность Андромеды
неклассифицировано,вымышленный,иное,Умирает,1,Туманность Андромеды
неклассифицировано,вымышленный,иное,Находится,1,Туманность Андромеды
неклассифицировано,вымышленный,иное,Захвачены,1,Туманность Андромеды
неклассифицировано,вымышленный,иное,Дыхание,4,Туманность Андромеды
неклассифицировано,вымышленный,иное,Сердце,6,Туманность Андромеды
неклассифицировано,вымышленный,иное,Сознание,1,Туманность Андромеды
неклассифицировано,вымышленный,иное,Исключены,1,Туманность Андромеды
неклассифицировано,вымышленный,иное,Абсолютно,2,Туманность Андромеды
неклассифицировано,вымышленный,иное,Поддерживать,1,Туманность Андромеды
неклассифицировано,вымышленный,иное,Нервных,2,Туманность Андромеды
неклассифицировано,вымышленный,иное,Токов,2,Туманность Андромеды
неклассифицировано,вымышленный,иное,Поражение,1,Туманность Андромеды
неклассифицировано,вымышленный,иное,Скафандр,1,Туманность Андромеды
неклассифицировано,вымышленный,иное,Ритм,1,Туманность Андромеды
неклассифицировано,вымышленный,иное,Лумы,1,Туманность Андромеды
неклассифицировано,вымышленный,иное,Тала,2,Туманность Андромеды
неклассифицировано,вымышленный,иное,Насытить,1,Туманность Андромеды
неклассифицировано,вымышленный,иное,Организм,1,Туманность Андромеды
неклассифицировано,вымышленный,иное,Победной,1,Туманность Андромеды
неклассифицировано,вымышленный,иное,Ускорение,1,Туманность Андромеды
неклассифицировано,вымышленный,иное,Рычаги,1,Туманность Андромеды
неклассифицировано,вымышленный,иное,Тяжкая,1,Туманность Андромеды
неклассифицировано,вымышленный,иное,Звенящая,1,Туманность Андромеды
неклассифицировано,вымышленный,иное,Красная,1,Туманность Андромеды
неклассифицировано,вымышленный,иное,Атмосфера,1,Туманность Андромеды
неклассифицировано,вымышленный,иное,Звезды,5,Туманность Андромеды
неклассифицировано,вымышленный,иное,Легче,1,Туманность Андромеды
неклассифицировано,вымышленный,иное,Запел,1,Туманность Андромеды
неклассифицировано,вымышленный,иное,Бодрствовали,1,Туманность Андромеды
неклассифицировано,вымышленный,иное,Следовало,2,Туманность Андромеды
неклассифицировано,вымышленный,иное,Расстояние,3,Туманность Андромеды
неклассифицировано,вымышленный,иное,Радость,1,Туманность Андромеды
неклассифицировано,вымышленный,иное,Ионе,1,Туманность Андромеды
неклассифицировано,вымышленный,иное,Тело,1,Туманность Андромеды
неклассифицировано,вымышленный,иное,Ковер,1,Туманность Андромеды
неклассифицировано,вымышленный,иное,Мягкие,1,Туманность Андромеды
неклассифицировано,вымышленный,иное,Каталептическое,1,Туманность Андромеды
неклассифицировано,вымышленный,иное,Единственно,1,Туманность Андромеды
неклассифицировано,вымышленный,иное,Хиссом,1,Туманность Андромеды
неклассифицировано,вымышленный,иное,Фильмы,1,Туманность Андромеды
неклассифицировано,вымышленный,иное,Тзвезды,1,Туманность Андромеды
неклассифицировано,вымышленный,иное,Полушаровой,1,Туманность Андромеды
неклассифицировано,вымышленный,иное,Работал,1,Туманность Андромеды
неклассифицировано,вымышленный,иное,Насмешливый,1,Туманность Андромеды
неклассифицировано,вымышленный,иное,Скупая,1,Туманность Андромеды
неклассифицировано,вымышленный,иное,Усилители,1,Туманность Андромеды
неклассифицировано,вымышленный,иное,Шар,11,Туманность Андромеды
неклассифицировано,вымышленный,иное,Зрительная,1,Туманность Андромеды
неклассифицировано,вымышленный,иное,Чудовищные,1,Туманность Андромеды
неклассифицировано,вымышленный,иное,Пролетали,1,Туманность Андромеды
неклассифицировано,вымышленный,иное,Счетчики,2,Туманность Андромеды
неклассифицировано,вымышленный,иное,Разрушительные,1,Туманность Андромеды
неклассифицировано,вымышленный,иное,Исполинские,2,Туманность Андромеды
неклассифицировано,вымышленный,иное,Стереотелескопы,1,Туманность Андромеды
неклассифицировано,вымышленный,иное,Очевидно,3,Туманность Андромеды
неклассифицировано,вымышленный,иное,Марс,2,Туманность Андромеды
неклассифицировано,вымышленный,иное,Водяные,1,Туманность Андромеды
неклассифицировано,вымышленный,иное,Ночное,1,Туманность Андромеды
неклассифицировано,вымышленный,иное,Песок,1,Туманность Андромеды
неклассифицировано,вымышленный,иное,Цепи,1,Туманность Андромеды
неклассифицировано,вымышленный,иное,Синее,1,Туманность Андромеды
неклассифицировано,вымышленный,иное,Светлые,1,Туманность Андромеды
неклассифицировано,вымышленный,иное,Рядом,3,Туманность Андромеды
неклассифицировано,вымышленный,иное,Смелая,1,Туманность Андромеды
неклассифицировано,вымышленный,иное,Совсем,3,Туманность Андромеды
неклассифицировано,вымышленный,иное,Никакого,1,Туманность Андромеды
неклассифицировано,вымышленный,иное,Появилась,1,Туманность Андромеды
неклассифицировано,вымышленный,иное,Севера,3,Туманность Андромеды
неклассифицировано,вымышленный,иное,Летом,1,Туманность Андромеды
неклассифицировано,вымышленный,иное,Эону,1,Туманность Андромеды
неклассифицировано,вымышленный,иное,Талу,1,Туманность Андромеды
неклассифицировано,вымышленный,иное,Какое,2,Туманность Андромеды
неклассифицировано,вымышленный,иное,Последовали,1,Туманность Андромеды
неклассифицировано,вымышленный,иное,Затем,3,Туманность Андромеды
неклассифицировано,вымышленный,иное,Завыли,1,Туманность Андромеды
неклассифицировано,вымышленный,иное,Продолжение,1,Туманность Андромеды
неклассифицировано,вымышленный,иное,Просматривать,1,Туманность Андромеды
неклассифицировано,вымышленный,иное,Решили,1,Туманность Андромеды
неклассифицировано,вымышленный,иное,Перегруженные,1,Туманность Андромеды
неклассифицировано,вымышленный,иное,Прежние,1,Туманность Андромеды
неклассифицировано,вымышленный,иное,Спасена,1,Туманность Андромеды
неклассифицировано,вымышленный,иное,Недолго,1,Туманность Андромеды
неклассифицировано,вымышленный,иное,Рассеянный,1,Туманность Андромеды
неклассифицировано,вымышленный,иное,Слабое,1,Туманность Андромеды
неклассифицировано,вымышленный,иное,Гигантский,2,Туманность Андромеды
неклассифицировано,вымышленный,иное,Полет,2,Туманность Андромеды
неклассифицировано,вымышленный,иное,Лумой,1,Туманность Андромеды
неклассифицировано,вымышленный,иное,Подсознание,1,Туманность Андромеды
неклассифицировано,вымышленный,иное,Понимание,2,Туманность Андромеды
неклассифицировано,вымышленный,иное,Страдание,1,Туманность Андромеды
неклассифицировано,вымышленный,иное,Голоса,1,Туманность Андромеды
неклассифицировано,вымышленный,иное,Возвращение,2,Туманность Андромеды
неклассифицировано,вымышленный,иное,Хеба,3,Туманность Андромеды
неклассифицировано,вымышленный,иное,Ура,3,Туманность Андромеды
неклассифицировано,вымышленный,иное,Предложение,2,Туманность Андромеды
неклассифицировано,вымышленный,иное,Радостно,3,Туманность Андромеды
неклассифицировано,вымышленный,иное,Хеб,3,Туманность Андромеды
неклассифицировано,вымышленный,иное,Особые,2,Туманность Андромеды
неклассифицировано,вымышленный,иное,Сириус,4,Туманность Андромеды
неклассифицировано,вымышленный,иное,Хебом,1,Туманность Андромеды
неклассифицировано,вымышленный,иное,Уром,1,Туманность Андромеды
неклассифицировано,вымышленный,иное,Эргом,2,Туманность Андромеды
неклассифицировано,вымышленный,иное,Голубые,1,Туманность Андромеды
неклассифицировано,вымышленный,иное,Каждая,4,Туманность Андромеды
неклассифицировано,вымышленный,иное,Спутник,3,Туманность Андромеды
неклассифицировано,вымышленный,иное,Такая,4,Туманность Андромеды
неклассифицировано,вымышленный,иное,Обычный,1,Туманность Андромеды
неклассифицировано,вымышленный,иное,Ганимеду,1,Туманность Андромеды
неклассифицировано,вымышленный,иное,Каллисто,1,Туманность Андромеды
неклассифицировано,вымышленный,иное,Меркурий,1,Туманность Андромеды
неклассифицировано,вымышленный,иное,Опасность,1,Туманность Андромеды
неклассифицировано,вымышленный,иное,Сам,3,Туманность Андромеды
неклассифицировано,вымышленный,иное,Венера,1,Туманность Андромеды
неклассифицировано,вымышленный,иное,Пребывание,1,Туманность Андромеды
неклассифицировано,вымышленный,иное,Лаборатории,1,Туманность Андромеды
неклассифицировано,вымышленный,иное,Силиколловый,1,Туманность Андромеды
неклассифицировано,вымышленный,иное,Погасли,1,Туманность Андромеды
неклассифицировано,вымышленный,иное,Нептуном,1,Туманность Андромеды
неклассифицировано,вымышленный,иное,Жестокий,1,Туманность Андромеды
неклассифицировано,вымышленный,иное,Кончились,1,Туманность Андромеды
неклассифицировано,вымышленный,иное,Здешние,1,Туманность Андромеды
неклассифицировано,вымышленный,иное,Получена,1,Туманность Андромеды
неклассифицировано,вымышленный,иное,Грим,13,Туманность Андромеды
неклассифицировано,вымышленный,иное,Шара,3,Туманность Андромеды
неклассифицировано,вымышленный,иное,Известно,1,Туманность Андромеды
неклассифицировано,вымышленный,иное,Понять,1,Туманность Андромеды
неклассифицировано,вымышленный,иное,Раскрыли,1,Туманность Андромеды
неклассифицировано,вымышленный,иное,Чувство,1,Туманность Андромеды
неклассифицировано,вымышленный,иное,Неприлично,1,Туманность Андромеды
неклассифицировано,вымышленный,иное,Тому,1,Туманность Андромеды
неклассифицировано,вымышленный,иное,Угнетая,1,Туманность Андромеды
неклассифицировано,вымышленный,иное,Вылетаем,1,Туманность Андромеды
неклассифицировано,вымышленный,иное,Плутоне,2,Туманность Андромеды
неклассифицировано,вымышленный,иное,Плутона,6,Туманность Андромеды
неклассифицировано,вымышленный,иное,Летели,1,Туманность Андромеды
неклассифицировано,вымышленный,иное,Загадка,1,Туманность Андромеды
неклассифицировано,вымышленный,иное,Галактику,3,Туманность Андромеды
неклассифицировано,вымышленный,иное,Добытые,1,Туманность Андромеды
неклассифицировано,вымышленный,иное,Разумная,1,Туманность Андромеды
неклассифицировано,вымышленный,иное,Карантин,1,Туманность Андромеды
неклассифицировано,вымышленный,иное,Противоречие,1,Туманность Андромеды
неклассифицировано,вымышленный,иное,Прямой,1,Туманность Андромеды
неклассифицировано,вымышленный,иное,Фаэтона,1,Туманность Андромеды
неклассифицировано,вымышленный,иное,Марсом,1,Туманность Андромеды
неклассифицировано,вымышленный,иное,Юпитером,2,Туманность Андромеды
неклассифицировано,вымышленный,иное,Композиторы,1,Туманность Андромеды
неклассифицировано,вымышленный,иное,Амата,1,Туманность Андромеды
неклассифицировано,вымышленный,иное,Космос,1,Туманность Андромеды
неклассифицировано,вымышленный,иное,Станции,1,Туманность Андромеды
неклассифицировано,вымышленный,иное,Венере,2,Туманность Андромеды
неклассифицировано,вымышленный,иное,Хомру,3,Туманность Андромеды
неклассифицировано,вымышленный,иное,Центральный,1,Туманность Андромеды
неклассифицировано,вымышленный,иное,Северной,2,Туманность Андромеды
неклассифицировано,вымышленный,иное,Симфония,2,Туманность Андромеды
неклассифицировано,вымышленный,иное,Минор,1,Туманность Андромеды
неклассифицировано,вымышленный,иное,Пластины,1,Туманность Андромеды
неклассифицировано,вымышленный,иное,Бледный,2,Туманность Андромеды
неклассифицировано,вымышленный,иное,Пришел,1,Туманность Андромеды
неклассифицировано,вымышленный,иное,Определение,1,Туманность Андромеды
неклассифицировано,вымышленный,иное,Преступные,1,Туманность Андромеды
неклассифицировано,вымышленный,иное,Историк,1,Туманность Андромеды
неклассифицировано,вымышленный,иное,Рассказ,2,Туманность Андромеды
неклассифицировано,вымышленный,иное,Развивать,1,Туманность Андромеды
неклассифицировано,вымышленный,иное,Иначе,1,Туманность Андромеды
неклассифицировано,вымышленный,иное,Согласен,1,Туманность Андромеды
неклассифицировано,вымышленный,иное,Художнику,1,Туманность Андромеды
неклассифицировано,вымышленный,иное,Восстановить,2,Туманность Андромеды
неклассифицировано,вымышленный,иное,Эроса,2,Туманность Андромеды
неклассифицировано,вымышленный,иное,Чару,13,Туманность Андромеды
неклассифицировано,вымышленный,иное,Мечтает,1,Туманность Андромеды
неклассифицировано,вымышленный,иное,Системы,1,Туманность Андромеды
неклассифицировано,вымышленный,иное,Час,1,Туманность Андромеды
неклассифицировано,вымышленный,иное,Гитара,1,Туманность Андромеды
неклассифицировано,вымышленный,иное,Попробую,1,Туманность Андромеды
неклассифицировано,вымышленный,иное,Побежим,1,Туманность Андромеды
неклассифицировано,вымышленный,иное,Шерлис,1,Туманность Андромеды
неклассифицировано,вымышленный,иное,Низшую,1,Туманность Андромеды
неклассифицировано,вымышленный,иное,Высокий,4,Туманность Андромеды
неклассифицировано,вымышленный,иное,Дуэт,1,Туманность Андромеды
неклассифицировано,вымышленный,иное,Чаре,13,Туманность Андромеды
неклассифицировано,вымышленный,иное,Раскаты,1,Туманность Андромеды
неклассифицировано,вымышленный,иное,Мелодия,1,Туманность Андромеды
неклассифицировано,вымышленный,иное,Станцуйте,1,Туманность Андромеды
неклассифицировано,вымышленный,иное,Комнату,1,Туманность Андромеды
неклассифицировано,вымышленный,иное,Города,1,Туманность Андромеды
неклассифицировано,вымышленный,иное,Сторонники,1,Туманность Андромеды
неклассифицировано,вымышленный,иное,Массивы,1,Туманность Андромеды
неклассифицировано,вымышленный,иное,Искрящиеся,1,Туманность Андромеды
неклассифицировано,вымышленный,иное,Улицы,1,Туманность Андромеды
неклассифицировано,вымышленный,иное,Продолжается,1,Туманность Андромеды
неклассифицировано,вымышленный,иное,Проект,1,Туманность Андромеды
неклассифицировано,вымышленный,иное,Главное,1,Туманность Андромеды
неклассифицировано,вымышленный,иное,Книга,2,Туманность Андромеды
неклассифицировано,вымышленный,иное,Крупное,1,Туманность Андромеды
неклассифицировано,вымышленный,иное,Подтверждается,1,Туманность Андромеды
неклассифицировано,вымышленный,иное,Боковым,1,Туманность Андромеды
неклассифицировано,вымышленный,иное,Обострившийся,1,Туманность Андромеды
неклассифицировано,вымышленный,иное,Задержка,1,Туманность Андромеды
неклассифицировано,вымышленный,иное,Потерь,1,Туманность Андромеды
неклассифицировано,вымышленный,иное,Ждите,2,Туманность Андромеды
неклассифицировано,вымышленный,иное,Следовали,1,Туманность Андромеды
неклассифицировано,вымышленный,иное,Приблизился,1,Туманность Андромеды
неклассифицировано,вымышленный,иное,Пойдем,1,Туманность Андромеды
неклассифицировано,вымышленный,иное,Повернувшись,1,Туманность Андромеды
неклассифицировано,вымышленный,иное,Некоторое,1,Туманность Андромеды
неклассифицировано,вымышленный,иное,Следы,1,Туманность Андромеды
неклассифицировано,вымышленный,иное,Посмотрите,1,Туманность Андромеды
неклассифицировано,вымышленный,иное,Идите,3,Туманность Андромеды
неклассифицировано,вымышленный,иное,Чарой,4,Туманность Андромеды
неклассифицировано,вымышленный,иное,Дайте,2,Туманность Андромеды
неклассифицировано,вымышленный,иное,Крутящийся,1,Туманность Андромеды
неклассифицировано,вымышленный,иное,Освеженный,1,Туманность Андромеды
неклассифицировано,вымышленный,иное,Меркурия,1,Туманность Андромеды
неклассифицировано,вымышленный,иное,Сибири,7,Туманность Андромеды
неклассифицировано,вымышленный,иное,Тибет,2,Туманность Андромеды
неклассифицировано,вымышленный,иное,Домом,2,Туманность Андромеды
неклассифицировано,вымышленный,иное,Заболоченная,1,Туманность Андромеды
неклассифицировано,вымышленный,иное,Стальные,1,Туманность Андромеды
неклассифицировано,вымышленный,иное,Глухо,2,Туманность Андромеды
неклассифицировано,вымышленный,иное,Операторы,1,Туманность Андромеды
неклассифицировано,вымышленный,иное,Дом,3,Туманность Андромеды
неклассифицировано,вымышленный,иное,Психофизиологии,2,Туманность Андромеды
неклассифицировано,вымышленный,иное,Пошлите,1,Туманность Андромеды
неклассифицировано,вымышленный,иное,Западная,1,Туманность Андромеды
неклассифицировано,вымышленный,иное,Посылаю,1,Туманность Андромеды
неклассифицировано,вымышленный,иное,Белло,1,Туманность Андромеды
неклассифицировано,вымышленный,иное,Галь,1,Туманность Андромеды
неклассифицировано,вымышленный,иное,Окончив,1,Туманность Андромеды
неклассифицировано,вымышленный,иное,Наружная,1,Туманность Андромеды
неклассифицировано,вымышленный,иное,Легкие,1,Туманность Андромеды
неклассифицировано,вымышленный,иное,Север,1,Туманность Андромеды
неклассифицировано,вымышленный,иное,Берингову,1,Туманность Андромеды
неклассифицировано,вымышленный,иное,Западной,3,Туманность Андромеды
неклассифицировано,вымышленный,иное,Юга,3,Туманность Андромеды
неклассифицировано,вымышленный,иное,Грома,8,Туманность Андромеды
неклассифицировано,вымышленный,иное,Орма,8,Туманность Андромеды
неклассифицировано,вымышленный,иное,Гром,25,Туманность Андромеды
неклассифицировано,вымышленный,иное,Орм,25,Туманность Андромеды
неклассифицировано,вымышленный,иное,Мальчик,2,Туманность Андромеды
неклассифицировано,вымышленный,иное,Дозорной,1,Туманность Андромеды
неклассифицировано,вымышленный,иное,Дозорную,1,Туманность Андромеды
неклассифицировано,вымышленный,иное,Дис,9,Туманность Андромеды
неклассифицировано,вымышленный,иное,Кен,5,Туманность Андромеды
неклассифицировано,вымышленный,иное,Сын,2,Туманность Андромеды
неклассифицировано,вымышленный,иное,Молодежи,1,Туманность Андромеды
неклассифицировано,вымышленный,иное,Далеко,2,Туманность Андромеды
неклассифицировано,вымышленный,иное,Узкий,2,Туманность Андромеды
неклассифицировано,вымышленный,иное,Суровые,1,Туманность Андромеды
неклассифицировано,вымышленный,иное,Мелькнул,1,Туманность Андромеды
неклассифицировано,вымышленный,иное,Жинну,1,Туманность Андромеды
неклассифицировано,вымышленный,иное,Каду,1,Туманность Андромеды
неклассифицировано,вымышленный,иное,Деревья,2,Туманность Андромеды
неклассифицировано,вымышленный,иное,Колоссальные,1,Туманность Андромеды
неклассифицировано,вымышленный,иное,Цереры,1,Туманность Андромеды
неклассифицировано,вымышленный,иное,Десятки,2,Туманность Андромеды
неклассифицировано,вымышленный,иное,Вершины,1,Туманность Андромеды
неклассифицировано,вымышленный,иное,Слева,1,Туманность Андромеды
неклассифицировано,вымышленный,иное,Кении,1,Туманность Андромеды
неклассифицировано,вымышленный,иное,Поезд,1,Туманность Андромеды
неклассифицировано,вымышленный,иное,Экватор,1,Туманность Андромеды
неклассифицировано,вымышленный,иное,Луалабы,1,Туманность Андромеды
неклассифицировано,вымышленный,иное,Народом,1,Туманность Андромеды
неклассифицировано,вымышленный,иное,Обхватив,1,Туманность Андромеды
неклассифицировано,вымышленный,иное,Грому,2,Туманность Андромеды
неклассифицировано,вымышленный,иное,Орму,2,Туманность Андромеды
неклассифицировано,вымышленный,иное,Тор,7,Туманность Андромеды
неклассифицировано,вымышленный,иное,Зига,4,Туманность Андромеды
неклассифицировано,вымышленный,иное,Зора,4,Туманность Андромеды
неклассифицировано,вымышленный,иное,Первичная,1,Туманность Андромеды
неклассифицировано,вымышленный,иное,Моего,1,Туманность Андромеды
неклассифицировано,вымышленный,иное,Расчистить,1,Туманность Андромеды
неклассифицировано,вымышленный,иное,Кон,1,Туманность Андромеды
неклассифицировано,вымышленный,иное,Гут,1,Туманность Андромеды
неклассифицировано,вымышленный,иное,Провести,1,Туманность Андромеды
неклассифицировано,вымышленный,иное,Ментал,1,Туманность Андромеды
неклассифицировано,вымышленный,иное,Аргентине,1,Туманность Андромеды
неклассифицировано,вымышленный,иное,Тринидада,1,Туманность Андромеды
неклассифицировано,вымышленный,иное,Бали,1,Туманность Андромеды
неклассифицировано,вымышленный,иное,Интересное,1,Туманность Андромеды
неклассифицировано,вымышленный,иное,Зиг,1,Туманность Андромеды
неклассифицировано,вымышленный,иное,Зор,3,Туманность Андромеды
неклассифицировано,вымышленный,иное,Нас,3,Туманность Андромеды
неклассифицировано,вымышленный,иное,Зала,1,Туманность Андромеды
неклассифицировано,вымышленный,иное,Гостей,1,Туманность Андромеды
неклассифицировано,вымышленный,иное,Гигантская,2,Туманность Андромеды
неклассифицировано,вымышленный,иное,Добывавшийся,1,Туманность Андромеды
неклассифицировано,вымышленный,иное,Отходы,1,Туманность Андромеды
неклассифицировано,вымышленный,иное,Дальнейший,1,Туманность Андромеды
неклассифицировано,вымышленный,иное,Выше,2,Туманность Андромеды
неклассифицировано,вымышленный,иное,Работники,1,Туманность Андромеды
неклассифицировано,вымышленный,иное,Сложнейший,1,Туманность Андромеды
неклассифицировано,вымышленный,иное,Самой,1,Туманность Андромеды
неклассифицировано,вымышленный,иное,Всю,2,Туманность Андромеды
неклассифицировано,вымышленный,иное,Потянулись,1,Туманность Андромеды
неклассифицировано,вымышленный,иное,Ничто,2,Туманность Андромеды
неклассифицировано,вымышленный,иное,Искровое,1,Туманность Андромеды
неклассифицировано,вымышленный,иное,Наверху,2,Туманность Андромеды
неклассифицировано,вымышленный,иное,Шелестели,1,Туманность Андромеды
неклассифицировано,вымышленный,иное,Усталое,1,Туманность Андромеды
неклассифицировано,вымышленный,иное,Посеешь,3,Туманность Андромеды
неклассифицировано,вымышленный,иное,Случаются,1,Туманность Андромеды
неклассифицировано,вымышленный,иное,Изучение,3,Туманность Андромеды
неклассифицировано,вымышленный,иное,Шорох,1,Туманность Андромеды
неклассифицировано,вымышленный,иное,Сверху,2,Туманность Андромеды
неклассифицировано,вымышленный,иное,Солнечный,1,Туманность Андромеды
неклассифицировано,вымышленный,иное,Дома,4,Туманность Андромеды
неклассифицировано,вымышленный,иное,Высшей,3,Туманность Андромеды
неклассифицировано,вымышленный,иное,Музыки,2,Туманность Андромеды
неклассифицировано,вымышленный,иное,Наш,4,Туманность Андромеды
неклассифицировано,вымышленный,иное,Остаток,1,Туманность Андромеды
неклассифицировано,вымышленный,иное,Оператор,1,Туманность Андромеды
неклассифицировано,вымышленный,иное,Нахлынул,1,Туманность Андромеды
неклассифицировано,вымышленный,иное,Нерезкие,1,Туманность Андромеды
неклассифицировано,вымышленный,иное,Слушатели,2,Туманность Андромеды
неклассифицировано,вымышленный,иное,Вновь,2,Туманность Андромеды
неклассифицировано,вымышленный,иное,Потрясенный,1,Туманность Андромеды
неклассифицировано,вымышленный,иное,Ступени,1,Туманность Андромеды
неклассифицировано,вымышленный,иное,Третья,2,Туманность Андромеды
неклассифицировано,вымышленный,иное,Прилив,1,Туманность Андромеды
неклассифицировано,вымышленный,иное,Печально,1,Туманность Андромеды
неклассифицировано,вымышленный,иное,Высшие,2,Туманность Андромеды
неклассифицировано,вымышленный,иное,Океан,3,Туманность Андромеды
неклассифицировано,вымышленный,иное,Необходима,2,Туманность Андромеды
неклассифицировано,вымышленный,иное,Молодой,1,Туманность Андромеды
неклассифицировано,вымышленный,иное,Погиб,1,Туманность Андромеды
неклассифицировано,вымышленный,иное,Будьте,2,Туманность Андромеды
неклассифицировано,вымышленный,иное,Красные,3,Туманность Андромеды
неклассифицировано,вымышленный,иное,Тибета,1,Туманность Андромеды
неклассифицировано,вымышленный,иное,Великая,2,Туманность Андромеды
неклассифицировано,вымышленный,иное,Возникал,1,Туманность Андромеды
неклассифицировано,вымышленный,иное,Африканцу,1,Туманность Андромеды
неклассифицировано,вымышленный,иное,Бета,5,Туманность Андромеды
неклассифицировано,вымышленный,иное,Лона,5,Туманность Андромеды
неклассифицировано,вымышленный,иное,Бет,14,Туманность Андромеды
неклассифицировано,вымышленный,иное,Лон,14,Туманность Андромеды
неклассифицировано,вымышленный,иное,Академия,9,Туманность Андромеды
неклассифицировано,вымышленный,иное,Сумев,1,Туманность Андромеды
неклассифицировано,вымышленный,иное,Меркурии,1,Туманность Андромеды
неклассифицировано,вымышленный,иное,Забвения,19,Туманность Андромеды
неклассифицировано,вымышленный,иное,История,1,Туманность Андромеды
неклассифицировано,вымышленный,иное,Послезавтра,1,Туманность Андромеды
неклассифицировано,вымышленный,иное,Многих,1,Туманность Андромеды
неклассифицировано,вымышленный,иное,Неяркая,1,Туманность Андромеды
неклассифицировано,вымышленный,иное,Полярная,2,Туманность Андромеды
неклассифицировано,вымышленный,иное,Гамма,1,Туманность Андромеды
неклассифицировано,вымышленный,иное,Цефея,1,Туманность Андромеды
неклассифицировано,вымышленный,иное,Малой,3,Туманность Андромеды
неклассифицировано,вымышленный,иное,Медведице,2,Туманность Андромеды
неклассифицировано,вымышленный,иное,Цефею,1,Туманность Андромеды
неклассифицировано,вымышленный,иное,Распростертый,1,Туманность Андромеды
неклассифицировано,вымышленный,иное,Млечном,1,Туманность Андромеды
неклассифицировано,вымышленный,иное,Пути,1,Туманность Андромеды
неклассифицировано,вымышленный,иное,Лебедь,9,Туманность Андромеды
неклассифицировано,вымышленный,иное,Альбирео,5,Туманность Андромеды
неклассифицировано,вымышленный,иное,Денеб,1,Туманность Андромеды
неклассифицировано,вымышленный,иное,Знаменитый,2,Туманность Андромеды
неклассифицировано,вымышленный,иное,Влихх,2,Туманность Андромеды
неклассифицировано,вымышленный,иное,Ддиз,1,Туманность Андромеды
неклассифицировано,вымышленный,иное,Оокр,1,Туманность Андромеды
неклассифицировано,вымышленный,иное,Земные,1,Туманность Андромеды
неклассифицировано,вымышленный,иное,Эйнштейна,1,Туманность Андромеды
неклассифицировано,вымышленный,иное,Чандрасекара,1,Туманность Андромеды
неклассифицировано,вымышленный,иное,Антарес,1,Туманность Андромеды
неклассифицировано,вымышленный,иное,Бетельгейзе,1,Туманность Андромеды
неклассифицировано,вымышленный,иное,Исполинская,1,Туманность Андромеды
неклассифицировано,вымышленный,иное,Брамы,1,Туманность Андромеды
неклассифицировано,вымышленный,иное,Крабовидная,1,Туманность Андромеды
неклассифицировано,вымышленный,иное,Посылка,1,Туманность Андромеды
неклассифицировано,вымышленный,иное,Возможность,1,Туманность Андромеды
неклассифицировано,вымышленный,иное,Недавно,1,Туманность Андромеды
неклассифицировано,вымышленный,иное,Гаммой,1,Туманность Андромеды
неклассифицировано,вымышленный,иное,Оттуда,3,Туманность Андромеды
неклассифицировано,вымышленный,иное,Подметают,1,Туманность Андромеды
неклассифицировано,вымышленный,иное,Омега,1,Туманность Андромеды
неклассифицировано,вымышленный,иное,Плотный,1,Туманность Андромеды
неклассифицировано,вымышленный,иное,Пояс,1,Туманность Андромеды
неклассифицировано,вымышленный,иное,Вселенную,2,Туманность Андромеды
неклассифицировано,вымышленный,иное,Гончими,1,Туманность Андромеды
неклассифицировано,вымышленный,иное,Псами,1,Туманность Андромеды
неклассифицировано,вымышленный,иное,Волосы,2,Туманность Андромеды
неклассифицировано,вымышленный,иное,Вероники,4,Туманность Андромеды
неклассифицировано,вымышленный,иное,Скульптора,1,Туманность Андромеды
неклассифицировано,вымышленный,иное,Фомальгаут,1,Туманность Андромеды
неклассифицировано,вымышленный,иное,Перпендикулярно,1,Туманность Андромеды
неклассифицировано,вымышленный,иное,Галактика,4,Туманность Андромеды
неклассифицировано,вымышленный,иное,Огни,1,Туманность Андромеды
неклассифицировано,вымышленный,иное,Праздник,5,Туманность Андромеды
неклассифицировано,вымышленный,иное,Пламенных,6,Туманность Андромеды
неклассифицировано,вымышленный,иное,Чаш,6,Туманность Андромеды
неклассифицировано,вымышленный,иное,Метагалактики,1,Туманность Андромеды
неклассифицировано,вымышленный,иное,Закрепив,1,Туманность Андромеды
неклассифицировано,вымышленный,иное,Пищи,1,Туманность Андромеды
неклассифицировано,вымышленный,иное,Пятью,1,Туманность Андромеды
неклассифицировано,вымышленный,иное,Зан,1,Туманность Андромеды
неклассифицировано,вымышленный,иное,Сена,1,Туманность Андромеды
неклассифицировано,вымышленный,иное,Мечи,1,Туманность Андромеды
неклассифицировано,вымышленный,иное,Подвиги,1,Туманность Андромеды
неклассифицировано,вымышленный,иное,Огромная,1,Туманность Андромеды
неклассифицировано,вымышленный,иное,Забота,2,Туманность Андромеды
неклассифицировано,вымышленный,иное,Тонкие,3,Туманность Андромеды
неклассифицировано,вымышленный,иное,Вступившие,1,Туманность Андромеды
неклассифицировано,вымышленный,иное,Впоследствии,1,Туманность Андромеды
неклассифицировано,вымышленный,иное,Прекрасной,1,Туманность Андромеды
неклассифицировано,вымышленный,иное,Полезности,1,Туманность Андромеды
неклассифицировано,вымышленный,иное,Высшего,1,Туманность Андромеды
неклассифицировано,вымышленный,иное,Искусства,1,Туманность Андромеды
неклассифицировано,вымышленный,иное,Научной,1,Туманность Андромеды
неклассифицировано,вымышленный,иное,Смелости,1,Туманность Андромеды
неклассифицировано,вымышленный,иное,Фантазии,1,Туманность Андромеды
неклассифицировано,вымышленный,иное,Солнечном,1,Туманность Андромеды
неклассифицировано,вымышленный,иное,Тирренского,1,Туманность Андромеды
неклассифицировано,вымышленный,иное,Загоравшиеся,1,Туманность Андромеды
неклассифицировано,вымышленный,иное,Америкой,1,Туманность Андромеды
неклассифицировано,вымышленный,иное,Лица,2,Туманность Андромеды
неклассифицировано,вымышленный,иное,Брови,2,Туманность Андромеды
неклассифицировано,вымышленный,иное,Птица,1,Туманность Андромеды
неклассифицировано,вымышленный,иное,Одеяние,1,Туманность Андромеды
неклассифицировано,вымышленный,иное,Крепкие,1,Туманность Андромеды
неклассифицировано,вымышленный,иное,Сзади,1,Туманность Андромеды
неклассифицировано,вымышленный,иное,Никаких,1,Туманность Андромеды
неклассифицировано,вымышленный,иное,Зрители,2,Туманность Андромеды
неклассифицировано,вымышленный,иное,Прозрачный,1,Туманность Андромеды
неклассифицировано,вымышленный,иное,Танцевали,1,Туманность Андромеды
неклассифицировано,вымышленный,иное,Красноватый,1,Туманность Андромеды
неклассифицировано,вымышленный,иное,Позднее,1,Туманность Андромеды
неклассифицировано,вымышленный,иное,Востока,1,Туманность Андромеды
неклассифицировано,вымышленный,иное,Дочери,1,Туманность Андромеды
неклассифицировано,вымышленный,иное,Севере,1,Туманность Андромеды
неклассифицировано,вымышленный,иное,Нежность,1,Туманность Андромеды
неклассифицировано,вымышленный,иное,Стремительный,1,Туманность Андромеды
неклассифицировано,вымышленный,иное,Пробуждение,1,Туманность Андромеды
неклассифицировано,вымышленный,иное,Усталая,2,Туманность Андромеды
неклассифицировано,вымышленный,иное,Распорядители,1,Туманность Андромеды
неклассифицировано,вымышленный,иное,Вечерние,1,Туманность Андромеды
неклассифицировано,вымышленный,иное,Эрос,1,Туманность Андромеды
неклассифицировано,вымышленный,иное,Верное,2,Туманность Андромеды
неклассифицировано,вымышленный,иное,Плоская,1,Туманность Андромеды
неклассифицировано,вымышленный,иное,Пилюли,1,Туманность Андромеды
неклассифицировано,вымышленный,иное,Приблизительно,1,Туманность Андромеды
неклассифицировано,вымышленный,иное,Рена,3,Туманность Андромеды
неклассифицировано,вымышленный,иное,Психология,1,Туманность Андромеды
неклассифицировано,вымышленный,иное,Предстоит,1,Туманность Андромеды
неклассифицировано,вымышленный,иное,Семнадцать,2,Туманность Андромеды
неклассифицировано,вымышленный,иное,Поедем,1,Туманность Андромеды
неклассифицировано,вымышленный,иное,Гончих,2,Туманность Андромеды
неклассифицировано,вымышленный,иное,Псах,1,Туманность Андромеды
неклассифицировано,вымышленный,иное,Волосах,2,Туманность Андромеды
неклассифицировано,вымышленный,иное,Деве,1,Туманность Андромеды
неклассифицировано,вымышленный,иное,Самые,1,Туманность Андромеды
неклассифицировано,вымышленный,иное,Маленькое,1,Туманность Андромеды
неклассифицировано,вымышленный,иное,Памирский,1,Туманность Андромеды
неклассифицировано,вымышленный,иное,Патагонский,1,Туманность Андромеды
неклассифицировано,вымышленный,иное,Сиррах,1,Туманность Андромеды
неклассифицировано,вымышленный,иное,Мирах,1,Туманность Андромеды
неклассифицировано,вымышленный,иное,Альмах,1,Туманность Андромеды
неклассифицировано,вымышленный,иное,Треугольника,1,Туманность Андромеды
неклассифицировано,вымышленный,иное,Псов,1,Туманность Андромеды
неклассифицировано,вымышленный,иное,Ярко,1,Туманность Андромеды
неклассифицировано,вымышленный,иное,Наклоненная,1,Туманность Андромеды
неклассифицировано,вымышленный,иное,Отчетливо,1,Туманность Андромеды
неклассифицировано,вымышленный,иное,Края,1,Туманность Андромеды
неклассифицировано,вымышленный,иное,Девы,1,Туманность Андромеды
неклассифицировано,вымышленный,иное,Какие,1,Туманность Андромеды
неклассифицировано,вымышленный,иное,Неправильная,1,Туманность Андромеды
неклассифицировано,вымышленный,иное,Сроки,1,Туманность Андромеды
неклассифицировано,вымышленный,иное,Невообразимо,1,Туманность Андромеды
неклассифицировано,вымышленный,иное,Свет,4,Туманность Андромеды
неклассифицировано,вымышленный,иное,Пределом,1,Туманность Андромеды
неклассифицировано,вымышленный,иное,Сириуса,1,Туманность Андромеды
неклассифицировано,вымышленный,иное,Школа,3,Туманность Андромеды
неклассифицировано,вымышленный,иное,Четыреста,1,Туманность Андромеды
неклассифицировано,вымышленный,иное,Ирландии,2,Туманность Андромеды
неклассифицировано,вымышленный,иное,Биполярная,2,Туманность Андромеды
неклассифицировано,вымышленный,иное,Подождем,1,Туманность Андромеды
неклассифицировано,вымышленный,иное,Название,1,Туманность Андромеды
неклассифицировано,вымышленный,иное,Преподаватель,1,Туманность Андромеды
неклассифицировано,вымышленный,иное,Многое,2,Туманность Андромеды
неклассифицировано,вымышленный,иное,Другое,2,Туманность Андромеды
неклассифицировано,вымышленный,иное,Усложнение,1,Туманность Андромеды
неклассифицировано,вымышленный,иное,Автоматизация,1,Туманность Андромеды
неклассифицировано,вымышленный,иное,Снежно,1,Туманность Андромеды
неклассифицировано,вымышленный,иное,Ожерелье,1,Туманность Андромеды
неклассифицировано,вымышленный,иное,Индейское,1,Туманность Андромеды
неклассифицировано,вымышленный,иное,Мама,1,Туманность Андромеды
неклассифицировано,вымышленный,иное,Эвде,6,Туманность Андромеды
неклассифицировано,вымышленный,иное,Учительница,3,Туманность Андромеды
неклассифицировано,вымышленный,иное,Лучше,3,Туманность Андромеды
неклассифицировано,вымышленный,иное,Жизненное,1,Туманность Андромеды
неклассифицировано,вымышленный,иное,Занятия,1,Туманность Андромеды
неклассифицировано,вымышленный,иное,Реи,1,Туманность Андромеды
неклассифицировано,вымышленный,иное,Кай,3,Туманность Андромеды
неклассифицировано,вымышленный,иное,Старшие,1,Туманность Андромеды
неклассифицировано,вымышленный,иное,Старое,1,Туманность Андромеды
неклассифицировано,вымышленный,иное,Оберегать,1,Туманность Андромеды
неклассифицировано,вымышленный,иное,Совместная,1,Туманность Андромеды
неклассифицировано,вымышленный,иное,Геркулесовых,1,Туманность Андромеды
неклассифицировано,вымышленный,иное,Тебе,1,Туманность Андромеды
неклассифицировано,вымышленный,иное,Ютландском,1,Туманность Андромеды
неклассифицировано,вымышленный,иное,Затмит,1,Туманность Андромеды
неклассифицировано,вымышленный,иное,Важнейшая,1,Туманность Андромеды
неклассифицировано,вымышленный,иное,Притупление,1,Туманность Андромеды
неклассифицировано,вымышленный,иное,Учитель,1,Туманность Андромеды
неклассифицировано,вымышленный,иное,Юные,1,Туманность Андромеды
неклассифицировано,вымышленный,иное,Вперед,1,Туманность Андромеды
неклассифицировано,вымышленный,иное,Какова,1,Туманность Андромеды
неклассифицировано,вымышленный,иное,Советы,2,Туманность Андромеды
неклассифицировано,вымышленный,иное,Оль,2,Туманность Андромеды
неклассифицировано,вымышленный,иное,Опасный,1,Туманность Андромеды
неклассифицировано,вымышленный,иное,Связанными,1,Туманность Андромеды
неклассифицировано,вымышленный,иное,Советов,2,Туманность Андромеды
неклассифицировано,вымышленный,иное,Экономики,8,Туманность Андромеды
неклассифицировано,вымышленный,иное,Юноши,2,Туманность Андромеды
неклассифицировано,вымышленный,иное,Производительных,1,Туманность Андромеды
неклассифицировано,вымышленный,иное,Сил,1,Туманность Андромеды
неклассифицировано,вымышленный,иное,Стохастики,4,Туманность Андромеды
неклассифицировано,вымышленный,иное,Предсказания,4,Туманность Андромеды
неклассифицировано,вымышленный,иное,Будущего,4,Туманность Андромеды
неклассифицировано,вымышленный,иное,Боковая,1,Туманность Андромеды
неклассифицировано,вымышленный,иное,Исследовательские,1,Туманность Андромеды
неклассифицировано,вымышленный,иное,Главный,1,Туманность Андромеды
неклассифицировано,вымышленный,иное,Приз,1,Туманность Андромеды
неклассифицировано,вымышленный,иное,Придерживая,1,Туманность Андромеды
неклассифицировано,вымышленный,иное,Застежка,1,Туманность Андромеды
неклассифицировано,вымышленный,иное,Круглый,1,Туманность Андромеды
неклассифицировано,вымышленный,иное,Аудитория,1,Туманность Андромеды
неклассифицировано,вымышленный,иное,Орущие,1,Туманность Андромеды
неклассифицировано,вымышленный,иное,Необходимость,1,Туманность Андромеды
неклассифицировано,вымышленный,иное,Ирландского,1,Туманность Андромеды
неклассифицировано,вымышленный,иное,Тайной,1,Туманность Андромеды
неклассифицировано,вымышленный,иное,Двойного,1,Туманность Андромеды
неклассифицировано,вымышленный,иное,Считалось,2,Туманность Андромеды
неклассифицировано,вымышленный,иное,Пятьсот,1,Туманность Андромеды
неклассифицировано,вымышленный,иное,Капля,1,Туманность Андромеды
неклассифицировано,вымышленный,иное,Была,1,Туманность Андромеды
неклассифицировано,вымышленный,иное,Воспитание,1,Туманность Андромеды
неклассифицировано,вымышленный,иное,Безвозвратно,1,Туманность Андромеды
неклассифицировано,вымышленный,иное,Выбор,3,Туманность Андромеды
неклассифицировано,вымышленный,иное,Горе,1,Туманность Андромеды
неклассифицировано,вымышленный,иное,Хочу,1,Туманность Андромеды
неклассифицировано,вымышленный,иное,Метрон,1,Туманность Андромеды
неклассифицировано,вымышленный,иное,Заряженные,1,Туманность Андромеды
неклассифицировано,вымышленный,иное,Общественная,1,Туманность Андромеды
неклассифицировано,вымышленный,иное,Ныне,1,Туманность Андромеды
неклассифицировано,вымышленный,иное,Действительность,1,Туманность Андромеды
неклассифицировано,вымышленный,иное,Мечты,1,Туманность Андромеды
неклассифицировано,вымышленный,иное,Тибетский,1,Туманность Андромеды
неклассифицировано,вымышленный,иное,Установка,1,Туманность Андромеды
неклассифицировано,вымышленный,иное,Высота,1,Туманность Андромеды
неклассифицировано,вымышленный,иное,Светло,1,Туманность Андромеды
неклассифицировано,вымышленный,иное,Поля,1,Туманность Андромеды
неклассифицировано,вымышленный,иное,Вплотную,1,Туманность Андромеды
неклассифицировано,вымышленный,иное,Долину,1,Туманность Андромеды
неклассифицировано,вымышленный,иное,Сооружение,1,Туманность Андромеды
неклассифицировано,вымышленный,иное,Добровольцы,1,Туманность Андромеды
неклассифицировано,вымышленный,иное,Ддиза,1,Туманность Андромеды
неклассифицировано,вымышленный,иное,Высшее,1,Туманность Андромеды
неклассифицировано,вымышленный,иное,Получается,1,Туманность Андромеды
неклассифицировано,вымышленный,иное,Становятся,1,Туманность Андромеды
неклассифицировано,вымышленный,иное,Процесс,1,Туманность Андромеды
неклассифицировано,вымышленный,иное,Пятнадцать,1,Туманность Андромеды
неклассифицировано,вымышленный,иное,Затрудняюсь,1,Туманность Андромеды
неклассифицировано,вымышленный,иное,Большом,2,Туманность Андромеды
неклассифицировано,вымышленный,иное,Магеллановом,1,Туманность Андромеды
неклассифицировано,вымышленный,иное,Тарантул,2,Туманность Андромеды
неклассифицировано,вымышленный,иное,Вообще,1,Туманность Андромеды
неклассифицировано,вымышленный,иное,Ориона,1,Туманность Андромеды
неклассифицировано,вымышленный,иное,Золотой,1,Туманность Андромеды
неклассифицировано,вымышленный,иное,Рыбы,1,Туманность Андромеды
неклассифицировано,вымышленный,иное,Оставим,1,Туманность Андромеды
неклассифицировано,вымышленный,иное,Водолее,1,Туманность Андромеды
неклассифицировано,вымышленный,иное,Лире,1,Туманность Андромеды
неклассифицировано,вымышленный,иное,Кивок,1,Туманность Андромеды
неклассифицировано,вымышленный,иное,Дрожь,1,Туманность Андромеды
неклассифицировано,вымышленный,иное,Установленные,1,Туманность Андромеды
неклассифицировано,вымышленный,иное,Пересматривая,1,Туманность Андромеды
неклассифицировано,вымышленный,иное,Бете,1,Туманность Андромеды
неклассифицировано,вымышленный,иное,Лоне,1,Туманность Андромеды
неклассифицировано,вымышленный,иное,Предупрежденные,1,Туманность Андромеды
неклассифицировано,вымышленный,иное,Наличной,1,Туманность Андромеды
неклассифицировано,вымышленный,иное,Чукотском,1,Туманность Андромеды
неклассифицировано,вымышленный,иное,Лабрадоре,1,Туманность Андромеды
неклассифицировано,вымышленный,иное,Исполинский,1,Туманность Андромеды
неклассифицировано,вымышленный,иное,Индикаторы,1,Туманность Андромеды
неклассифицировано,вымышленный,иное,Сигналы,1,Туманность Андромеды
неклассифицировано,вымышленный,иное,Захлебывающийся,1,Туманность Андромеды
неклассифицировано,вымышленный,иное,Звуки,1,Туманность Андромеды
неклассифицировано,вымышленный,иное,Невыразимый,1,Туманность Андромеды
неклассифицировано,вымышленный,иное,Завеса,1,Туманность Андромеды
неклассифицировано,вымышленный,иное,Необычайно,1,Туманность Андромеды
неклассифицировано,вымышленный,иное,Грудь,1,Туманность Андромеды
неклассифицировано,вымышленный,иное,Оффа,1,Туманность Андромеды
неклассифицировано,вымышленный,иное,Мелодичный,1,Туманность Андромеды
неклассифицировано,вымышленный,иное,Последней,1,Туманность Андромеды
неклассифицировано,вымышленный,иное,Находившиеся,1,Туманность Андромеды
неклассифицировано,вымышленный,иное,Черная,1,Туманность Андромеды
неклассифицировано,вымышленный,иное,Мгновение,1,Туманность Андромеды
неклассифицировано,вымышленный,иное,Здание,2,Туманность Андромеды
неклассифицировано,вымышленный,иное,Борозда,1,Туманность Андромеды
неклассифицировано,вымышленный,иное,Базальт,1,Туманность Андромеды
неклассифицировано,вымышленный,иное,Ручей,1,Туманность Андромеды
неклассифицировано,вымышленный,иное,Камень,1,Туманность Андромеды
неклассифицировано,вымышленный,иное,Погруженные,1,Туманность Андромеды
неклассифицировано,вымышленный,иное,Обступившие,1,Туманность Андромеды
неклассифицировано,вымышленный,иное,Раздроблены,1,Туманность Андромеды
неклассифицировано,вымышленный,иное,Живот,1,Туманность Андромеды
неклассифицировано,вымышленный,иное,Ноги,1,Туманность Андромеды
неклассифицировано,вымышленный,иное,Тиратрон,2,Туманность Андромеды
неклассифицировано,вымышленный,иное,Соединитесь,1,Туманность Андромеды
неклассифицировано,вымышленный,иное,Вызывали,1,Туманность Андромеды
неклассифицировано,вымышленный,иное,Разыщите,1,Туманность Андромеды
неклассифицировано,вымышленный,иное,Машины,1,Туманность Андромеды
неклассифицировано,вымышленный,иное,Ночной,1,Туманность Андромеды
неклассифицировано,вымышленный,иное,Дежурный,4,Туманность Андромеды
неклассифицировано,вымышленный,иное,Ответ,1,Туманность Андромеды
неклассифицировано,вымышленный,иное,Доме,2,Туманность Андромеды
неклассифицировано,вымышленный,иное,Вызвать,1,Туманность Андромеды
неклассифицировано,вымышленный,иное,Вызывайте,1,Туманность Андромеды
неклассифицировано,вымышленный,иное,Дело,2,Туманность Андромеды
неклассифицировано,вымышленный,иное,Случилось,1,Туманность Андромеды
неклассифицировано,вымышленный,иное,Несомненно,2,Туманность Андромеды
неклассифицировано,вымышленный,иное,Узкое,1,Туманность Андромеды
неклассифицировано,вымышленный,иное,Подождите,2,Туманность Андромеды
неклассифицировано,вымышленный,иное,Бозу,4,Туманность Андромеды
неклассифицировано,вымышленный,иное,Нут,16,Туманность Андромеды
неклассифицировано,вымышленный,иное,Потянулось,1,Туманность Андромеды
неклассифицировано,вымышленный,иное,Нута,3,Туманность Андромеды
неклассифицировано,вымышленный,иное,Вопрос,2,Туманность Андромеды
неклассифицировано,вымышленный,иное,Надеясь,1,Туманность Андромеды
неклассифицировано,вымышленный,иное,Доказательств,1,Туманность Андромеды
неклассифицировано,вымышленный,иное,Откровенная,1,Туманность Андромеды
неклассифицировано,вымышленный,иное,Прошу,1,Туманность Андромеды
неклассифицировано,вымышленный,иное,Кого,1,Туманность Андромеды
неклассифицировано,вымышленный,иное,Лучшей,1,Туманность Андромеды
неклассифицировано,вымышленный,иное,Председатель,5,Туманность Андромеды
неклассифицировано,вымышленный,иное,Центром,1,Туманность Андромеды
неклассифицировано,вымышленный,иное,Прибывшие,1,Туманность Андромеды
неклассифицировано,вымышленный,иное,Узнав,2,Туманность Андромеды
неклассифицировано,вымышленный,иное,Точное,1,Туманность Андромеды
неклассифицировано,вымышленный,иное,Разбитые,1,Туманность Андромеды
неклассифицировано,вымышленный,иное,Лопнувшие,1,Туманность Андромеды
неклассифицировано,вымышленный,иное,Малейшее,1,Туманность Андромеды
неклассифицировано,вымышленный,иное,Молниеносным,1,Туманность Андромеды
неклассифицировано,вымышленный,иное,Сделав,1,Туманность Андромеды
неклассифицировано,вымышленный,иное,Очнуться,1,Туманность Андромеды
неклассифицировано,вымышленный,иное,Дней,1,Туманность Андромеды
неклассифицировано,вымышленный,иное,Воспользуюсь,1,Туманность Андромеды
неклассифицировано,вымышленный,иное,Знание,1,Туманность Андромеды
неклассифицировано,вымышленный,иное,Восхищайтесь,1,Туманность Андромеды
неклассифицировано,вымышленный,иное,Какую,1,Туманность Андромеды
неклассифицировано,вымышленный,иное,Поговорите,1,Туманность Андромеды
неклассифицировано,вымышленный,иное,Хирург,1,Туманность Андромеды
неклассифицировано,вымышленный,иное,Правильно,1,Туманность Андромеды
неклассифицировано,вымышленный,иное,Контроль,3,Туманность Андромеды
неклассифицировано,вымышленный,иное,Чести,4,Туманность Андромеды
неклассифицировано,вымышленный,иное,Права,5,Туманность Андромеды
неклассифицировано,вымышленный,иное,Контроля,2,Туманность Андромеды
неклассифицировано,вымышленный,иное,Контролями,1,Туманность Андромеды
неклассифицировано,вымышленный,иное,Сядем,1,Туманность Андромеды
неклассифицировано,вымышленный,иное,Знаете,2,Туманность Андромеды
неклассифицировано,вымышленный,иное,Рену,1,Туманность Андромеды
неклассифицировано,вымышленный,иное,Нутом,1,Туманность Андромеды
неклассифицировано,вымышленный,иное,Рыбьи,1,Туманность Андромеды
неклассифицировано,вымышленный,иное,Изученные,1,Туманность Андромеды
неклассифицировано,вымышленный,иное,Могущественная,1,Туманность Андромеды
неклассифицировано,вымышленный,иное,Чтение,1,Туманность Андромеды
неклассифицировано,вымышленный,иное,Последнее,1,Туманность Андромеды
неклассифицировано,вымышленный,иное,Дворца,1,Туманность Андромеды
неклассифицировано,вымышленный,иное,Косые,1,Туманность Андромеды
неклассифицировано,вымышленный,иное,Целебеса,1,Туманность Андромеды
неклассифицировано,реальный,иное,Атакама,2,Туманность Андромеды
неклассифицировано,вымышленный,иное,Атлантическом,1,Туманность Андромеды
неклассифицировано,вымышленный,иное,Новой,1,Туманность Андромеды
неклассифицировано,вымышленный,иное,Зеландии,1,Туманность Андромеды
неклассифицировано,вымышленный,иное,Усталость,1,Туманность Андромеды
неклассифицировано,вымышленный,иное,Живу,1,Туманность Андромеды
неклассифицировано,вымышленный,иное,Приходит,1,Туманность Андромеды
неклассифицировано,вымышленный,иное,Поймите,1,Туманность Андромеды
неклассифицировано,вымышленный,иное,Большого,11,Туманность Андромеды
неклассифицировано,вымышленный,иное,Родосе,1,Туманность Андромеды
неклассифицировано,вымышленный,иное,Дейр,3,Туманность Андромеды
неклассифицировано,вымышленный,иное,Австралию,1,Туманность Андромеды
неклассифицировано,вымышленный,иное,Новую,1,Туманность Андромеды
неклассифицировано,вымышленный,иное,Зеландию,1,Туманность Андромеды
неклассифицировано,вымышленный,иное,Предвкушаю,1,Туманность Андромеды
неклассифицировано,вымышленный,иное,Параболоидные,1,Туманность Андромеды
неклассифицировано,вымышленный,иное,Дрожавшие,1,Туманность Андромеды
неклассифицировано,вымышленный,иное,Спокойное,1,Туманность Андромеды
неклассифицировано,вымышленный,иное,Архипелага,1,Туманность Андромеды
неклассифицировано,вымышленный,иное,Полосы,1,Туманность Андромеды
неклассифицировано,вымышленный,иное,Восточный,1,Туманность Андромеды
неклассифицировано,вымышленный,иное,Тавр,1,Туманность Андромеды
неклассифицировано,вымышленный,иное,Сирийской,1,Туманность Андромеды
неклассифицировано,вымышленный,иное,Навсегда,1,Туманность Андромеды
неклассифицировано,вымышленный,иное,Зоре,1,Туманность Андромеды
неклассифицировано,реальный,иное,Нефуд,1,Туманность Андромеды
неклассифицировано,вымышленный,иное,Руб,1,Туманность Андромеды
неклассифицировано,вымышленный,иное,Хали,1,Туманность Андромеды
неклассифицировано,вымышленный,иное,Задернутые,1,Туманность Андромеды
неклассифицировано,вымышленный,иное,Недвижно,1,Туманность Андромеды
неклассифицировано,вымышленный,иное,Аравийского,1,Туманность Андромеды
неклассифицировано,вымышленный,иное,Спиролет,1,Туманность Андромеды
неклассифицировано,вымышленный,иное,Индийским,1,Туманность Андромеды
неклассифицировано,вымышленный,иное,Лат,1,Туманность Андромеды
неклассифицировано,вымышленный,иное,Кокосовые,1,Туманность Андромеды
неклассифицировано,вымышленный,иное,Лошадей,1,Туманность Андромеды
неклассифицировано,вымышленный,иное,Остров,3,Туманность Андромеды
неклассифицировано,вымышленный,иное,Глиссер,2,Туманность Андромеды
неклассифицировано,вымышленный,иное,Палкский,1,Туманность Андромеды
неклассифицировано,вымышленный,иное,Адамовым,1,Туманность Андромеды
неклассифицировано,вымышленный,иное,Мостом,1,Туманность Андромеды
неклассифицировано,вымышленный,иное,Новейшие,1,Туманность Андромеды
неклассифицировано,вымышленный,иное,Рай,1,Туманность Андромеды
неклассифицировано,вымышленный,иное,Припадая,1,Туманность Андромеды
неклассифицировано,вымышленный,иное,Матери,1,Туманность Андромеды
неклассифицировано,вымышленный,иное,Страдания,1,Туманность Андромеды
неклассифицировано,вымышленный,иное,Войны,1,Туманность Андромеды
неклассифицировано,вымышленный,иное,Погубил,1,Туманность Андромеды
неклассифицировано,вымышленный,иное,Моторист,4,Туманность Андромеды
неклассифицировано,вымышленный,иное,Мутные,1,Туманность Андромеды
неклассифицировано,вымышленный,иное,Низкие,3,Туманность Андромеды
неклассифицировано,вымышленный,иное,Отправлявшиеся,1,Туманность Андромеды
неклассифицировано,вымышленный,иное,Личность,1,Туманность Андромеды
неклассифицировано,вымышленный,иное,Поворот,2,Туманность Андромеды
неклассифицировано,вымышленный,иное,Отброшенный,1,Туманность Андромеды
неклассифицировано,вымышленный,иное,Новый,2,Туманность Андромеды
неклассифицировано,вымышленный,иное,Иди,3,Туманность Андромеды
неклассифицировано,вымышленный,иное,Рыбак,2,Туманность Андромеды
неклассифицировано,вымышленный,иное,Обитатель,1,Туманность Андромеды
неклассифицировано,вымышленный,иное,Вначале,1,Туманность Андромеды
неклассифицировано,вымышленный,иное,Большому,1,Туманность Андромеды
неклассифицировано,вымышленный,иное,Миру,1,Туманность Андромеды
неклассифицировано,вымышленный,иное,Несчетные,1,Туманность Андромеды
неклассифицировано,вымышленный,иное,Дел,1,Туманность Андромеды
неклассифицировано,вымышленный,иное,Изумительные,1,Туманность Андромеды
неклассифицировано,вымышленный,иное,Стадо,1,Туманность Андромеды
неклассифицировано,вымышленный,иное,Ночь,1,Туманность Андромеды
неклассифицировано,вымышленный,иное,Привычная,1,Туманность Андромеды
неклассифицировано,вымышленный,иное,Тукан,1,Туманность Андромеды
неклассифицировано,вымышленный,иное,Язычки,1,Туманность Андромеды
неклассифицировано,вымышленный,иное,Поблизости,1,Туманность Андромеды
неклассифицировано,вымышленный,иное,Незнания,1,Туманность Андромеды
неклассифицировано,вымышленный,иное,Молодежь,1,Туманность Андромеды
неклассифицировано,вымышленный,иное,День,1,Туманность Андромеды
неклассифицировано,вымышленный,иное,Порывы,1,Туманность Андромеды
неклассифицировано,вымышленный,иное,Дойдя,1,Туманность Андромеды
неклассифицировано,вымышленный,иное,Задумчиво,1,Туманность Андромеды
неклассифицировано,вымышленный,иное,Донесся,1,Туманность Андромеды
неклассифицировано,вымышленный,иное,Острое,1,Туманность Андромеды
неклассифицировано,вымышленный,иное,Наблюдательность,1,Туманность Андромеды
неклассифицировано,вымышленный,иное,Пестрый,1,Туманность Андромеды
неклассифицировано,вымышленный,иное,Печальные,1,Туманность Андромеды
неклассифицировано,вымышленный,иное,Редкие,2,Туманность Андромеды
неклассифицировано,вымышленный,иное,Онар,12,Туманность Андромеды
неклассифицировано,вымышленный,иное,Помощи,1,Туманность Андромеды
неклассифицировано,вымышленный,иное,Неведомая,1,Туманность Андромеды
неклассифицировано,вымышленный,иное,Опасение,1,Туманность Андромеды
неклассифицировано,вымышленный,иное,Учат,1,Туманность Андромеды
неклассифицировано,вымышленный,иное,Цветущая,1,Туманность Андромеды
неклассифицировано,вымышленный,иное,Уходите,1,Туманность Андромеды
неклассифицировано,вымышленный,иное,Стойте,1,Туманность Андромеды
неклассифицировано,вымышленный,иное,Оглушенный,1,Туманность Андромеды
неклассифицировано,вымышленный,иное,Самого,1,Туманность Андромеды
неклассифицировано,вымышленный,иное,Уступая,1,Туманность Андромеды
неклассифицировано,вымышленный,иное,Математик,4,Туманность Андромеды
неклассифицировано,вымышленный,иное,Прочь,1,Туманность Андромеды
неклассифицировано,вымышленный,иное,Наклонив,1,Туманность Андромеды
неклассифицировано,вымышленный,иное,Бетом,1,Туманность Андромеды
неклассифицировано,вымышленный,иное,Лоном,1,Туманность Андромеды
неклассифицировано,вымышленный,иное,Бывший,2,Туманность Андромеды
неклассифицировано,вымышленный,иное,Крепко,2,Туманность Андромеды
неклассифицировано,вымышленный,иное,Раздумывая,1,Туманность Андромеды
неклассифицировано,вымышленный,иное,Двойственность,1,Туманность Андромеды
неклассифицировано,вымышленный,иное,Подчинение,1,Туманность Андромеды
неклассифицировано,вымышленный,иное,Освежившись,1,Туманность Андромеды
неклассифицировано,вымышленный,иное,Одолеть,1,Туманность Андромеды
неклассифицировано,вымышленный,иное,Грозное,1,Туманность Андромеды
неклассифицировано,вымышленный,иное,Тигры,1,Туманность Андромеды
неклассифицировано,вымышленный,иное,Спасаться,1,Туманность Андромеды
неклассифицировано,вымышленный,иное,Сражаться,1,Туманность Андромеды
неклассифицировано,вымышленный,иное,Простертые,1,Туманность Андромеды
неклассифицировано,вымышленный,иное,Полосатые,2,Туманность Андромеды
неклассифицировано,вымышленный,иное,Удлинившиеся,1,Туманность Андромеды
неклассифицировано,вымышленный,иное,Высокая,1,Туманность Андромеды
неклассифицировано,вымышленный,иное,Изумленный,1,Туманность Андромеды
неклассифицировано,вымышленный,иное,Тигр,1,Туманность Андромеды
неклассифицировано,вымышленный,иное,Скорей,1,Туманность Андромеды
неклассифицировано,вымышленный,иное,Бледные,1,Туманность Андромеды
неклассифицировано,вымышленный,иное,Ближайший,1,Туманность Андромеды
неклассифицировано,вымышленный,иное,Стеклянная,1,Туманность Андромеды
неклассифицировано,вымышленный,иное,Рука,1,Туманность Андромеды
неклассифицировано,вымышленный,иное,Слабый,3,Туманность Андромеды
неклассифицировано,вымышленный,иное,Какого,1,Туманность Андромеды
неклассифицировано,вымышленный,иное,Став,1,Туманность Андромеды
неклассифицировано,вымышленный,иное,Громкий,1,Туманность Андромеды
неклассифицировано,вымышленный,иное,Ослепительный,1,Туманность Андромеды
неклассифицировано,вымышленный,иное,Плохо,1,Туманность Андромеды
неклассифицировано,вымышленный,иное,Кони,1,Туманность Андромеды
неклассифицировано,вымышленный,иное,Галле,1,Туманность Андромеды
неклассифицировано,вымышленный,иное,Средиземноморье,1,Туманность Андромеды
неклассифицировано,вымышленный,иное,Поравнявшись,1,Туманность Андромеды
неклассифицировано,вымышленный,иное,Мире,1,Туманность Андромеды
неклассифицировано,вымышленный,иное,Каково,1,Туманность Андромеды
неклассифицировано,вымышленный,иное,Звездах,1,Туманность Андромеды
неклассифицировано,вымышленный,иное,Дух,1,Туманность Андромеды
неклассифицировано,вымышленный,иное,Полностью,1,Туманность Андромеды
неклассифицировано,вымышленный,иное,Легко,1,Туманность Андромеды
неклассифицировано,вымышленный,иное,Самое,1,Туманность Андромеды
неклассифицировано,вымышленный,иное,Вопль,1,Туманность Андромеды
неклассифицировано,вымышленный,иное,Будем,2,Туманность Андромеды
неклассифицировано,вымышленный,иное,Купавшиеся,1,Туманность Андромеды
неклассифицировано,вымышленный,иное,Хороший,1,Туманность Андромеды
неклассифицировано,вымышленный,иное,Стремительной,1,Туманность Андромеды
неклассифицировано,вымышленный,иное,Укор,1,Туманность Андромеды
неклассифицировано,вымышленный,иное,Потому,2,Туманность Андромеды
неклассифицировано,вымышленный,иное,Поразительная,1,Туманность Андромеды
неклассифицировано,вымышленный,иное,Полеты,1,Туманность Андромеды
неклассифицировано,вымышленный,иное,Золотисто,1,Туманность Андромеды
неклассифицировано,вымышленный,иное,Черно,2,Туманность Андромеды
неклассифицировано,вымышленный,иное,Стекла,1,Туманность Андромеды
неклассифицировано,вымышленный,иное,Крупная,1,Туманность Андромеды
неклассифицировано,вымышленный,иное,Захваченная,1,Туманность Андромеды
неклассифицировано,вымышленный,иное,Народу,1,Туманность Андромеды
неклассифицировано,вымышленный,иное,Секретарь,3,Туманность Андромеды
неклассифицировано,вымышленный,иное,Чуткая,1,Туманность Андромеды
неклассифицировано,вымышленный,иное,Спокойный,1,Туманность Андромеды
неклассифицировано,вымышленный,иное,Магелланова,2,Туманность Андромеды
неклассифицировано,вымышленный,иное,Галактикой,1,Туманность Андромеды
неклассифицировано,вымышленный,иное,Глубочайший,1,Туманность Андромеды
неклассифицировано,вымышленный,иное,Плоские,1,Туманность Андромеды
неклассифицировано,вымышленный,иное,Снимок,1,Туманность Андромеды
неклассифицировано,вымышленный,иное,Перейдем,1,Туманность Андромеды
неклассифицировано,вымышленный,иное,Юты,1,Туманность Андромеды
неклассифицировано,вымышленный,иное,Гай,1,Туманность Андромеды
неклассифицировано,вымышленный,иное,Будет,1,Туманность Андромеды
неклассифицировано,вымышленный,иное,Обычно,1,Туманность Андромеды
неклассифицировано,вымышленный,иное,Ива,5,Туманность Андромеды
неклассифицировано,вымышленный,иное,Джан,5,Туманность Андромеды
неклассифицировано,вымышленный,иное,Зеленоглазая,1,Туманность Андромеды
неклассифицировано,вымышленный,иное,Наше,1,Туманность Андромеды
неклассифицировано,вымышленный,иное,Плутон,2,Туманность Андромеды
неклассифицировано,вымышленный,иное,Фигуры,1,Туманность Андромеды
неклассифицировано,вымышленный,иное,Ивы,1,Туманность Андромеды
неклассифицировано,вымышленный,иное,Обменявшись,1,Туманность Андромеды
неклассифицировано,вымышленный,иное,Громом,2,Туманность Андромеды
неклассифицировано,вымышленный,иное,Ормом,2,Туманность Андромеды
неклассифицировано,вымышленный,иное,Гейзенберга,1,Туманность Андромеды
неклассифицировано,вымышленный,иное,Ясен,1,Туманность Андромеды
неклассифицировано,вымышленный,иное,Нажали,1,Туманность Андромеды
неклассифицировано,вымышленный,иное,Отдельная,1,Туманность Андромеды
неклассифицировано,вымышленный,иное,Доверяет,1,Туманность Андромеды
неклассифицировано,вымышленный,иное,Зеленые,2,Туманность Андромеды
неклассифицировано,вымышленный,иное,Ответственности,1,Туманность Андромеды
неклассифицировано,вымышленный,иное,Вниманию,1,Туманность Андромеды
неклассифицировано,вымышленный,иное,Бозе,1,Туманность Андромеды
неклассифицировано,вымышленный,иное,Спокойно,1,Туманность Андромеды
неклассифицировано,вымышленный,иное,Поспешность,1,Туманность Андромеды
неклассифицировано,вымышленный,иное,Ошибкой,1,Туманность Андромеды
неклассифицировано,вымышленный,иное,Случается,1,Туманность Андромеды
неклассифицировано,вымышленный,иное,Изложите,1,Туманность Андромеды
неклассифицировано,вымышленный,иное,Вина,1,Туманность Андромеды
неклассифицировано,вымышленный,иное,Ежегодно,1,Туманность Андромеды
неклассифицировано,вымышленный,иное,Наука,1,Туманность Андромеды
неклассифицировано,вымышленный,иное,Трусам,1,Туманность Андромеды
неклассифицировано,вымышленный,иное,Запись,1,Туманность Андромеды
неклассифицировано,вымышленный,иное,Фстанций,1,Туманность Андромеды
неклассифицировано,вымышленный,иное,Позвольте,1,Туманность Андромеды
неклассифицировано,вымышленный,иное,Подсчет,1,Туманность Андромеды
неклассифицировано,вымышленный,иное,Загорелся,1,Туманность Андромеды
неклассифицировано,вымышленный,иное,Хиссу,2,Туманность Андромеды
неклассифицировано,вымышленный,иное,Ваши,1,Туманность Андромеды
неклассифицировано,вымышленный,иное,Бессмертная,1,Туманность Андромеды
неклассифицировано,вымышленный,иное,Высказывание,1,Туманность Андромеды
неклассифицировано,вымышленный,иное,Ученыйастроном,1,Туманность Андромеды
неклассифицировано,вымышленный,иное,Часто,1,Туманность Андромеды
неклассифицировано,вымышленный,иное,Отбросим,1,Туманность Андромеды
неклассифицировано,вымышленный,иное,Члены,2,Туманность Андромеды
неклассифицировано,вымышленный,иное,Тонкая,1,Туманность Андромеды
неклассифицировано,вымышленный,иное,Обстоятельства,1,Туманность Андромеды
неклассифицировано,вымышленный,иное,Сокрушительная,1,Туманность Андромеды
неклассифицировано,вымышленный,иное,Мудрость,1,Туманность Андромеды
неклассифицировано,вымышленный,иное,Таким,3,Туманность Андромеды
неклассифицировано,вымышленный,иное,Заключение,1,Туманность Андромеды
неклассифицировано,вымышленный,иное,Благоприятный,1,Туманность Андромеды
неклассифицировано,вымышленный,иное,Совете,1,Туманность Андромеды
неклассифицировано,вымышленный,иное,Познания,1,Туманность Андромеды
неклассифицировано,вымышленный,иное,Исчезла,1,Туманность Андромеды
неклассифицировано,вымышленный,иное,Советами,1,Туманность Андромеды
неклассифицировано,вымышленный,иное,Усовершенствование,1,Туманность Андромеды
неклассифицировано,вымышленный,иное,Предполагавшиеся,1,Туманность Андромеды
неклассифицировано,вымышленный,иное,Аэлла,1,Туманность Андромеды
неклассифицировано,вымышленный,иное,Тинтажель,2,Туманность Андромеды
неклассифицировано,вымышленный,иное,Лебедем,1,Туманность Андромеды
неклассифицировано,вымышленный,иное,Попытка,2,Туманность Андромеды
неклассифицировано,вымышленный,иное,Дзеты,1,Туманность Андромеды
неклассифицировано,вымышленный,иное,Кормы,1,Туманность Андромеды
неклассифицировано,вымышленный,иное,Форма,1,Туманность Андромеды
неклассифицировано,вымышленный,иное,Дисковый,1,Туманность Андромеды
неклассифицировано,вымышленный,иное,Ахернар,10,Туманность Андромеды
неклассифицировано,вымышленный,иное,Странным,1,Туманность Андромеды
неклассифицировано,вымышленный,иное,Пятна,1,Туманность Андромеды
неклассифицировано,вымышленный,иное,Диаметром,1,Туманность Андромеды
неклассифицировано,вымышленный,иное,Космический,1,Туманность Андромеды
неклассифицировано,вымышленный,иное,Снимки,1,Туманность Андромеды
неклассифицировано,вымышленный,иное,Малахитовые,1,Туманность Андромеды
неклассифицировано,вымышленный,иное,Альфа,1,Туманность Андромеды
неклассифицировано,вымышленный,иное,Туканом,2,Туманность Андромеды
неклассифицировано,вымышленный,иное,Таковы,2,Туманность Андромеды
неклассифицировано,вымышленный,иное,Высшая,1,Туманность Андромеды
неклассифицировано,вымышленный,иное,Таких,1,Туманность Андромеды
неклассифицировано,вымышленный,иное,Трудность,1,Туманность Андромеды
неклассифицировано,вымышленный,иное,Надир,1,Туманность Андромеды
неклассифицировано,вымышленный,иное,Зеленая,1,Туманность Андромеды
неклассифицировано,вымышленный,иное,Достигнув,1,Туманность Андромеды
неклассифицировано,вымышленный,иное,Ахернару,1,Туманность Андромеды
неклассифицировано,вымышленный,иное,Аризонской,3,Туманность Андромеды
неклассифицировано,вымышленный,иное,Отправить,1,Туманность Андромеды
неклассифицировано,вымышленный,иное,Первоначальный,1,Туманность Андромеды
неклассифицировано,вымышленный,иное,Омикрон,5,Туманность Андромеды
неклассифицировано,вымышленный,иное,Расположенная,1,Туманность Андромеды
неклассифицировано,вымышленный,иное,Размерами,1,Туманность Андромеды
неклассифицировано,вымышленный,иное,Средний,1,Туманность Андромеды
неклассифицировано,вымышленный,иное,Тяготение,1,Туманность Андромеды
неклассифицировано,вымышленный,иное,Близкий,1,Туманность Андромеды
неклассифицировано,вымышленный,иное,Достижение,1,Туманность Андромеды
неклассифицировано,вымышленный,иное,Аэллу,2,Туманность Андромеды
неклассифицировано,вымышленный,иное,Романтика,2,Туманность Андромеды
неклассифицировано,вымышленный,иное,Появляется,1,Туманность Андромеды
неклассифицировано,вымышленный,иное,Продолжаю,1,Туманность Андромеды
неклассифицировано,вымышленный,иное,Понадобится,1,Туманность Андромеды
неклассифицировано,вымышленный,иное,Напомню,1,Туманность Андромеды
неклассифицировано,вымышленный,иное,Человеческая,1,Туманность Андромеды
неклассифицировано,вымышленный,иное,Долголетие,1,Туманность Андромеды
неклассифицировано,вымышленный,иное,Борясь,1,Туманность Андромеды
неклассифицировано,вымышленный,иное,Отправим,1,Туманность Андромеды
неклассифицировано,вымышленный,иное,Лио,1,Туманность Андромеды
неклассифицировано,вымышленный,иное,Ангелы,2,Туманность Андромеды
неклассифицировано,вымышленный,иное,Затаив,1,Туманность Андромеды
неклассифицировано,вымышленный,иное,Обилие,1,Туманность Андромеды
неклассифицировано,вымышленный,иное,Паутина,2,Туманность Андромеды
неклассифицировано,вымышленный,иное,Понадобятся,1,Туманность Андромеды
неклассифицировано,вымышленный,иное,Медузы,1,Туманность Андромеды
неклассифицировано,вымышленный,иное,Связь,1,Туманность Андромеды
неклассифицировано,вымышленный,иное,Надежда,1,Туманность Андромеды
неклассифицировано,вымышленный,иное,Изоляционная,1,Туманность Андромеды
неклассифицировано,вымышленный,иное,Закапсулировались,1,Туманность Андромеды
неклассифицировано,вымышленный,иное,Подобное,1,Туманность Андромеды
неклассифицировано,вымышленный,иное,Долгие,1,Туманность Андромеды
неклассифицировано,вымышленный,иное,Восстановлением,1,Туманность Андромеды
неклассифицировано,вымышленный,иное,Передняя,1,Туманность Андромеды
неклассифицировано,вымышленный,иное,Электроды,1,Туманность Андромеды
неклассифицировано,вымышленный,иное,Плавно,1,Туманность Андромеды
неклассифицировано,вымышленный,иное,Рентгеном,1,Туманность Андромеды
неклассифицировано,вымышленный,иное,Комки,1,Туманность Андромеды
неклассифицировано,вымышленный,иное,Присоедините,1,Туманность Андромеды
неклассифицировано,вымышленный,иное,Близоруко,1,Туманность Андромеды
неклассифицировано,вымышленный,иное,Вскройте,1,Туманность Андромеды
неклассифицировано,вымышленный,иное,Механическая,1,Туманность Андромеды
неклассифицировано,вымышленный,иное,Шланги,1,Туманность Андромеды
неклассифицировано,вымышленный,иное,Дежурные,1,Туманность Андромеды
неклассифицировано,вымышленный,иное,Закройте,1,Туманность Андромеды
неклассифицировано,вымышленный,иное,Перенесите,1,Туманность Андромеды
неклассифицировано,вымышленный,иное,Легкое,1,Туманность Андромеды
неклассифицировано,вымышленный,иное,Увеличьте,1,Туманность Андромеды
неклассифицировано,вымышленный,иное,Резкий,1,Туманность Андромеды
неклассифицировано,вымышленный,иное,Поляризующие,1,Туманность Андромеды
неклассифицировано,вымышленный,иное,Лаборатория,1,Туманность Андромеды
неклассифицировано,вымышленный,иное,Ассистенты,1,Туманность Андромеды
неклассифицировано,вымышленный,иное,Знакомое,2,Туманность Андромеды
неклассифицировано,вымышленный,иное,Внезапным,1,Туманность Андромеды
неклассифицировано,вымышленный,иное,Приборы,2,Туманность Андромеды
неклассифицировано,вымышленный,иное,Дикая,1,Туманность Андромеды
неклассифицировано,вымышленный,иное,Теплый,1,Туманность Андромеды
неклассифицировано,вымышленный,иное,Своя,1,Туманность Андромеды
неклассифицировано,вымышленный,иное,Ветровая,1,Туманность Андромеды
неклассифицировано,вымышленный,иное,Незаметные,1,Туманность Андромеды
неклассифицировано,вымышленный,иное,Запах,1,Туманность Андромеды
неклассифицировано,вымышленный,иное,Яркая,1,Туманность Андромеды
неклассифицировано,вымышленный,иное,Чистое,1,Туманность Андромеды
неклассифицировано,вымышленный,иное,Заповедная,1,Туманность Андромеды
неклассифицировано,вымышленный,иное,Речка,1,Туманность Андромеды
неклассифицировано,вымышленный,иное,Требовалось,2,Туманность Андромеды
неклассифицировано,вымышленный,иное,Привыкшее,1,Туманность Андромеды
неклассифицировано,вымышленный,иное,Астролетчик,1,Туманность Андромеды
неклассифицировано,вымышленный,иное,Прежний,1,Туманность Андромеды
неклассифицировано,вымышленный,иное,Мечтатель,1,Туманность Андромеды
неклассифицировано,вымышленный,иное,Приезжайте,1,Туманность Андромеды
неклассифицировано,вымышленный,иное,Сердце-Камень,1,Туманность Андромеды
неклассифицировано,вымышленный,иное,Исландию,1,Туманность Андромеды
неклассифицировано,вымышленный,иное,Осенние,1,Туманность Андромеды
неклассифицировано,вымышленный,иное,Листья,1,Туманность Андромеды
неклассифицировано,вымышленный,иное,Северного,1,Туманность Андромеды
неклассифицировано,вымышленный,иное,Белая,3,Туманность Андромеды
неклассифицировано,вымышленный,иное,Заря,2,Туманность Андромеды
неклассифицировано,вымышленный,иное,Грахама,1,Туманность Андромеды
неклассифицировано,вымышленный,иное,Хорош,1,Туманность Андромеды
неклассифицировано,вымышленный,иное,Поцелуйте,1,Туманность Андромеды
неклассифицировано,вымышленный,иное,Смотрела,1,Туманность Андромеды
неклассифицировано,вымышленный,иное,Арком,1,Туманность Андромеды
неклассифицировано,вымышленный,иное,Гиром,1,Туманность Андромеды
неклассифицировано,вымышленный,иное,Разлучить,1,Туманность Андромеды
неклассифицировано,вымышленный,иное,Обольстительной,1,Туманность Андромеды
неклассифицировано,вымышленный,иное,Аннабель-Ли,1,Туманность Андромеды
неклассифицировано,вымышленный,иное,Мужчины,3,Туманность Андромеды
неклассифицировано,вымышленный,иное,Электробус,1,Туманность Андромеды
неклассифицировано,вымышленный,иное,Слово,1,Туманность Андромеды
неклассифицировано,вымышленный,иное,Забытое,1,Туманность Андромеды
неклассифицировано,вымышленный,иное,Вестники,1,Туманность Андромеды
неклассифицировано,вымышленный,иное,Субантарктики,1,Туманность Андромеды
неклассифицировано,вымышленный,иное,Бледно,1,Туманность Андромеды
неклассифицировано,вымышленный,иное,Отдать,1,Туманность Андромеды
неклассифицировано,вымышленный,иное,Матерей,1,Туманность Андромеды
неклассифицировано,вымышленный,иное,Ява,1,Туманность Андромеды
неклассифицировано,вымышленный,иное,Угадав,1,Туманность Андромеды
неклассифицировано,вымышленный,иное,Горсточка,1,Туманность Андромеды
неклассифицировано,вымышленный,иное,Оттого,1,Туманность Андромеды
неклассифицировано,вымышленный,иное,Малого,1,Туманность Андромеды
неклассифицировано,вымышленный,иное,Водяной,1,Туманность Андромеды
неклассифицировано,вымышленный,иное,Змеей,1,Туманность Андромеды
неклассифицировано,вымышленный,иное,Четверо,1,Туманность Андромеды
неклассифицировано,вымышленный,иное,Антарктики,1,Туманность Андромеды
неклассифицировано,вымышленный,иное,Прекрасное,1,Туманность Андромеды
неклассифицировано,вымышленный,иное,Холодные,1,Туманность Андромеды
неклассифицировано,вымышленный,иное,Раздевшись,1,Туманность Андромеды
неклассифицировано,вымышленный,иное,Тремя,1,Туманность Андромеды
неклассифицировано,вымышленный,иное,Несколькими,1,Туманность Андромеды
неклассифицировано,вымышленный,иное,Лишенные,1,Туманность Андромеды
неклассифицировано,вымышленный,иное,Горько,1,Туманность Андромеды
неклассифицировано,вымышленный,иное,Эмба,1,Туманность Андромеды
неклассифицировано,вымышленный,иное,Онга,1,Туманность Андромеды
неклассифицировано,вымышленный,иное,Знаний,1,Туманность Андромеды
неклассифицировано,вымышленный,иное,Пишет,1,Туманность Андромеды
неклассифицировано,вымышленный,иное,Тема,1,Туманность Андромеды
неклассифицировано,вымышленный,иное,Кончайте,1,Туманность Андромеды
неклассифицировано,вымышленный,иное,Увидимся,1,Туманность Андромеды
неклассифицировано,вымышленный,иное,Хомра,4,Туманность Андромеды
неклассифицировано,вымышленный,иное,Направо,1,Туманность Андромеды
неклассифицировано,вымышленный,иное,Ночная,1,Туманность Андромеды
неклассифицировано,вымышленный,иное,Слои,1,Туманность Андромеды
неклассифицировано,вымышленный,иное,Покров,1,Туманность Андромеды
неклассифицировано,вымышленный,иное,Всякий,1,Туманность Андромеды
неклассифицировано,вымышленный,иное,Коротковолновые,1,Туманность Андромеды
неклассифицировано,вымышленный,иное,Аллена,1,Туманность Андромеды
неклассифицировано,вымышленный,иное,Кад,1,Туманность Андромеды
неклассифицировано,вымышленный,иное,Лайта,1,Туманность Андромеды
неклассифицировано,вымышленный,иное,Алтая,4,Туманность Андромеды
неклассифицировано,вымышленный,иное,Работавшие,1,Туманность Андромеды
неклассифицировано,вымышленный,иное,Длительная,1,Туманность Андромеды
неклассифицировано,вымышленный,иное,Промежуточная,1,Туманность Андромеды
неклассифицировано,вымышленный,иное,Внешней,1,Туманность Андромеды
неклассифицировано,вымышленный,иное,Атмосферы,1,Туманность Андромеды
неклассифицировано,вымышленный,иное,Каракоруме,1,Туманность Андромеды
неклассифицировано,вымышленный,иное,Дать,1,Туманность Андромеды
неклассифицировано,вымышленный,иное,Барион,2,Туманность Андромеды
неклассифицировано,вымышленный,иное,Решение,1,Туманность Андромеды
неклассифицировано,вымышленный,иное,Планетолет,4,Туманность Андромеды
неклассифицировано,вымышленный,иное,Алтай,2,Туманность Андромеды
неклассифицировано,вымышленный,иное,Длинные,1,Туманность Андромеды
неклассифицировано,вымышленный,иное,Огромный,1,Туманность Андромеды
неклассифицировано,вымышленный,иное,Искусному,1,Туманность Андромеды
неклассифицировано,вымышленный,иное,Распределение,1,Туманность Андромеды
неклассифицировано,вымышленный,иное,Усовершенствованные,1,Туманность Андромеды
неклассифицировано,вымышленный,иное,Постройка,1,Туманность Андромеды
неклассифицировано,вымышленный,иное,Законы,1,Туманность Андромеды
неклассифицировано,вымышленный,иное,Сборка,2,Туманность Андромеды
неклассифицировано,вымышленный,иное,Метки,1,Туманность Андромеды
неклассифицировано,вымышленный,иное,Испытательные,1,Туманность Андромеды
неклассифицировано,вымышленный,иное,Раздалась,1,Туманность Андромеды
неклассифицировано,вымышленный,иное,Вращая,1,Туманность Андромеды
неклассифицировано,вымышленный,иное,Важную,1,Туманность Андромеды
неклассифицировано,вымышленный,иное,Вовремя,1,Туманность Андромеды
неклассифицировано,вымышленный,иное,Куча,1,Туманность Андромеды
неклассифицировано,вымышленный,иное,Буксир,1,Туманность Андромеды
неклассифицировано,вымышленный,иное,Ракеты,1,Туманность Андромеды
неклассифицировано,вымышленный,иное,Малейший,1,Туманность Андромеды
неклассифицировано,вымышленный,иное,Глубочайшая,1,Туманность Андромеды
неклассифицировано,вымышленный,иное,Незримый,1,Туманность Андромеды
неклассифицировано,вымышленный,иное,Ураганные,1,Туманность Андромеды
неклассифицировано,вымышленный,иное,Насыщенная,1,Туманность Андромеды
неклассифицировано,вымышленный,иное,Разминая,1,Туманность Андромеды
неклассифицировано,вымышленный,иное,Искусственная,1,Туманность Андромеды
неклассифицировано,вымышленный,иное,Невыразимо,1,Туманность Андромеды
неклассифицировано,вымышленный,иное,Мягкий,1,Туманность Андромеды
неклассифицировано,вымышленный,иное,Землею,1,Туманность Андромеды
неклассифицировано,вымышленный,иное,Выйдя,1,Туманность Андромеды
неклассифицировано,вымышленный,иное,Каюты,1,Туманность Андромеды
неклассифицировано,вымышленный,иное,Стальная,1,Туманность Андромеды
неклассифицировано,вымышленный,иное,Тележки,1,Туманность Андромеды
неклассифицировано,вымышленный,иное,Ловко,1,Туманность Андромеды
неклассифицировано,вымышленный,иное,Девяносто,1,Туманность Андромеды
неклассифицировано,вымышленный,иное,Ден-Оф-Куль,2,Туманность Андромеды
неклассифицировано,вымышленный,иное,Убежище,2,Туманность Андромеды
неклассифицировано,вымышленный,иное,Воображение,1,Туманность Андромеды
неклассифицировано,вымышленный,иное,Чучела,1,Туманность Андромеды
неклассифицировано,вымышленный,иное,Модели,1,Туманность Андромеды
неклассифицировано,вымышленный,иное,Продолжая,1,Туманность Андромеды
неклассифицировано,вымышленный,иное,Уходивший,1,Туманность Андромеды
неклассифицировано,вымышленный,иное,Зал,1,Туманность Андромеды
неклассифицировано,вымышленный,иное,Воплощая,1,Туманность Андромеды
неклассифицировано,вымышленный,иное,Археологи,3,Туманность Андромеды
неклассифицировано,вымышленный,иное,Сотнями,1,Туманность Андромеды
неклассифицировано,вымышленный,иное,Верная,1,Туманность Андромеды
неклассифицировано,вымышленный,иное,Столб,1,Туманность Андромеды
неклассифицировано,вымышленный,иное,Продвигаясь,1,Туманность Андромеды
неклассифицировано,вымышленный,иное,Жизнь,1,Туманность Андромеды
неклассифицировано,вымышленный,иное,Отправив,1,Туманность Андромеды
неклассифицировано,вымышленный,иное,Прильнув,1,Туманность Андромеды
неклассифицировано,вымышленный,иное,Дальний,1,Туманность Андромеды
неклассифицировано,вымышленный,иное,Закрепить,1,Туманность Андромеды
неклассифицировано,вымышленный,иное,Отказ,1,Туманность Андромеды
неклассифицировано,вымышленный,иное,Запасные,1,Туманность Андромеды
неклассифицировано,вымышленный,иное,Извлекли,1,Туманность Андромеды
неклассифицировано,вымышленный,иное,Оказывается,1,Туманность Андромеды
неклассифицировано,вымышленный,иное,Наследница,1,Туманность Андромеды
неклассифицировано,вымышленный,иное,Бледнолиловый,1,Туманность Андромеды
неклассифицировано,вымышленный,иное,Пронизывающе,1,Туманность Андромеды
неклассифицировано,вымышленный,иное,Спуск,1,Туманность Андромеды
неклассифицировано,вымышленный,иное,Глыбы,1,Туманность Андромеды
неклассифицировано,вымышленный,иное,Достаточно,2,Туманность Андромеды
неклассифицировано,вымышленный,иное,Запор,1,Туманность Андромеды
неклассифицировано,вымышленный,иное,Посовещавшись,1,Туманность Андромеды
неклассифицировано,вымышленный,иное,Механизмы,1,Туманность Андромеды
неклассифицировано,вымышленный,иное,Приходилось,1,Туманность Андромеды
неклассифицировано,вымышленный,иное,Погасив,1,Туманность Андромеды
неклассифицировано,вымышленный,иное,Чертежи,1,Туманность Андромеды
неклассифицировано,вымышленный,иное,Надеюсь,1,Туманность Андромеды
неклассифицировано,вымышленный,иное,Вооружение,1,Туманность Андромеды
неклассифицировано,вымышленный,иное,Маленькая,1,Туманность Андромеды
неклассифицировано,вымышленный,иное,Нужность,1,Туманность Андромеды
неклассифицировано,вымышленный,иное,Индивидуалисты,1,Туманность Андромеды
неклассифицировано,вымышленный,иное,Рискнем,1,Туманность Андромеды
неклассифицировано,вымышленный,иное,Слышите,1,Туманность Андромеды
неклассифицировано,вымышленный,иное,Неясный,1,Туманность Андромеды
неклассифицировано,вымышленный,иное,Отражательный,1,Туманность Андромеды
неклассифицировано,вымышленный,иное,Сильное,1,Туманность Андромеды
неклассифицировано,вымышленный,иное,Спасайтесь,1,Туманность Андромеды
неклассифицировано,вымышленный,иное,Уцепившись,1,Туманность Андромеды
неклассифицировано,вымышленный,иное,Страшный,1,Туманность Андромеды
неклассифицировано,вымышленный,иное,Внутренняя,1,Туманность Андромеды
неклассифицировано,вымышленный,иное,Воздушная,1,Туманность Андромеды
неклассифицировано,вымышленный,иное,Клубы,1,Туманность Андромеды
неклассифицировано,вымышленный,иное,Прежнее,1,Туманность Андромеды
неклассифицировано,вымышленный,иное,Очнувшаяся,1,Туманность Андромеды
неклассифицировано,вымышленный,иное,Двое,1,Туманность Андромеды
неклассифицировано,вымышленный,иное,Неприступная,1,Туманность Андромеды
неклассифицировано,вымышленный,иное,Бездоказательное,1,Туманность Андромеды
неклассифицировано,вымышленный,иное,Истории,2,Туманность Андромеды
неклассифицировано,вымышленный,иное,Американского,1,Туманность Андромеды
неклассифицировано,вымышленный,иное,Комната,1,Туманность Андромеды
неклассифицировано,вымышленный,иное,Машина,1,Туманность Андромеды
неклассифицировано,вымышленный,иное,Утомляясь,1,Туманность Андромеды
неклассифицировано,вымышленный,иное,Исчезли,1,Туманность Андромеды
неклассифицировано,вымышленный,иное,Прекратилось,1,Туманность Андромеды
неклассифицировано,вымышленный,иное,Людой,1,Туманность Андромеды
неклассифицировано,вымышленный,иное,Фир,2,Туманность Андромеды
неклассифицировано,вымышленный,иное,Люде,1,Туманность Андромеды
неклассифицировано,вымышленный,иное,Звенящий,1,Туманность Андромеды
неклассифицировано,вымышленный,иное,Вызов,1,Туманность Андромеды
неклассифицировано,вымышленный,иное,Автоматический,1,Туманность Андромеды
неклассифицировано,вымышленный,иное,Обрадованный,1,Туманность Андромеды
неклассифицировано,вымышленный,иное,Завал,1,Туманность Андромеды
неклассифицировано,вымышленный,иное,Вещему,1,Туманность Андромеды
неклассифицировано,вымышленный,иное,Мозгу,1,Туманность Андромеды
неклассифицировано,вымышленный,иное,Низшей,2,Туманность Андромеды
неклассифицировано,вымышленный,иное,Определенности,3,Туманность Андромеды
неклассифицировано,вымышленный,иное,Данные,1,Туманность Андромеды
неклассифицировано,вымышленный,иное,Мозг,3,Туманность Андромеды
неклассифицировано,вымышленный,иное,Австралийском,1,Туманность Андромеды
неклассифицировано,вымышленный,иное,Индийском,1,Туманность Андромеды
неклассифицировано,вымышленный,иное,Переключаюсь,1,Туманность Андромеды
неклассифицировано,вымышленный,иное,Вещий,1,Туманность Андромеды
неклассифицировано,вымышленный,иное,Можете,1,Туманность Андромеды
неклассифицировано,вымышленный,иное,Устойчивость,1,Туманность Андромеды
неклассифицировано,вымышленный,иное,Могу,1,Туманность Андромеды
неклассифицировано,вымышленный,иное,Соберем,1,Туманность Андромеды
неклассифицировано,вымышленный,иное,Точно,2,Туманность Андромеды
неклассифицировано,вымышленный,иное,Страданьем,1,Туманность Андромеды
неклассифицировано,вымышленный,иное,Усилиями,1,Туманность Андромеды
неклассифицировано,вымышленный,иное,Встретимся,1,Туманность Андромеды
неклассифицировано,вымышленный,иное,Сирт,1,Туманность Андромеды
неклассифицировано,вымышленный,иное,Свист,1,Туманность Андромеды
неклассифицировано,вымышленный,иное,Сахары,1,Туманность Андромеды
неклассифицировано,вымышленный,иное,Аризонскую,1,Туманность Андромеды
неклассифицировано,вымышленный,иное,Шагать,1,Туманность Андромеды
неклассифицировано,вымышленный,иное,Правое,1,Туманность Андромеды
неклассифицировано,вымышленный,иное,Зеркала,1,Туманность Андромеды
неклассифицировано,вымышленный,иное,Круг,1,Туманность Андромеды
неклассифицировано,вымышленный,иное,Тинтажеля,1,Туманность Андромеды
неклассифицировано,вымышленный,иное,Эллипс,1,Туманность Андромеды
неклассифицировано,вымышленный,иное,Аэллы,1,Туманность Андромеды
неклассифицировано,вымышленный,иное,Пепел,1,Туманность Андромеды
неклассифицировано,вымышленный,иное,Обратно,1,Туманность Андромеды
неклассифицировано,вымышленный,иное,Ероша,1,Туманность Андромеды
неклассифицировано,вымышленный,иное,Сеть,1,Туманность Андромеды
неклассифицировано,вымышленный,иное,Узнал,1,Туманность Андромеды
неклассифицировано,вымышленный,иное,Миллионы,1,Туманность Андромеды
неклассифицировано,вымышленный,иное,Ценитель,1,Туманность Андромеды
неклассифицировано,вымышленный,иное,Разные,1,Туманность Андромеды
неклассифицировано,вымышленный,иное,Причесаться,1,Туманность Андромеды
неклассифицировано,вымышленный,иное,Корона,1,Туманность Андромеды
неклассифицировано,вымышленный,иное,Ахернара,1,Туманность Андромеды
неклассифицировано,вымышленный,иное,Лебедю,1,Туманность Андромеды
неклассифицировано,вымышленный,иное,Идя,1,Туманность Андромеды
неклассифицировано,вымышленный,иное,Очаровательный,1,Туманность Андромеды
неклассифицировано,вымышленный,иное,Постоянное,1,Туманность Андромеды
неклассифицировано,вымышленный,иное,Кончился,1,Туманность Андромеды
неклассифицировано,вымышленный,иное,Осенняя,1,Туманность Андромеды
неклассифицировано,вымышленный,иное,Космопорт,1,Туманность Андромеды
неклассифицировано,вымышленный,иное,Ведется,1,Туманность Андромеды
неклассифицировано,вымышленный,иное,Поднимите,3,Туманность Андромеды
неклассифицировано,вымышленный,иное,Средиземное,1,Туманность Андромеды
неклассифицировано,вымышленный,иное,Опытный,1,Туманность Андромеды
неклассифицировано,вымышленный,иное,Огонек,2,Туманность Андромеды
неклассифицировано,вымышленный,иное,Поток,1,Туманность Андромеды
неклассифицировано,вымышленный,иное,Переключаю,1,Туманность Андромеды
неклассифицировано,вымышленный,иное,Разрыв,1,Туманность Андромеды
неклассифицировано,вымышленный,иное,Андромеде,1,Туманность Андромеды
неклассифицировано,вымышленный,иное,Сумеречная,1,Туманность Андромеды
неклассифицировано,вымышленный,иное,Равнина,1,Туманность Андромеды
неклассифицировано,вымышленный,иное,Следует,1,Туманность Андромеды
неклассифицировано,вымышленный,иное,Платформа,1,Туманность Андромеды
неклассифицировано,вымышленный,иное,Киносъемщики,1,Туманность Андромеды
неклассифицировано,вымышленный,иное,Юность,1,Туманность Андромеды
неклассифицировано,вымышленный,иное,Отказавшись,1,Туманность Андромеды
неклассифицировано,вымышленный,иное,Подвиг,1,Туманность Андромеды
неклассифицировано,вымышленный,иное,Подошла,1,Туманность Андромеды
неклассифицировано,вымышленный,иное,Расстаться,1,Туманность Андромеды
неклассифицировано,вымышленный,иное,Девять,1,Туманность Андромеды
неклассифицировано,вымышленный,иное,Нечем,1,Туманность Андромеды
неклассифицировано,вымышленный,иное,Улетавшие,1,Туманность Андромеды
неклассифицировано,вымышленный,иное,Глубокие,1,Туманность Андромеды
неклассифицировано,вымышленный,иное,Хомры,1,Туманность Андромеды
неклассифицировано,вымышленный,иное,Подъемник,1,Туманность Андромеды
неклассифицировано,вымышленный,иное,Секунда,1,Туманность Андромеды
неклассифицировано,вымышленный,иное,Вертикально,1,Туманность Андромеды
неклассифицировано,вымышленный,иное,Грозно,1,Туманность Андромеды
неклассифицировано,вымышленный,иное,Поползли,1,Туманность Андромеды
неклассифицировано,вымышленный,иное,Серый,1,Туманность Андромеды
неклассифицировано,вымышленный,иное,Вибрация,1,Туманность Андромеды
неклассифицировано,вымышленный,иное,Оставшиеся,1,Туманность Андромеды
неклассифицировано,вымышленный,иное,Повернитесь,1,Туманность Андромеды
неклассифицировано,вымышленный,иное,Башня,1,Туманность Андромеды
неклассифицировано,вымышленный,иное,Колокол,1,Туманность Андромеды
неклассифицировано,вымышленный,иное,Большая,1,Туманность Андромеды
неклассифицировано,вымышленный,иное,Гордость,1,Туманность Андромеды
неклассифицировано,вымышленный,иное,Спроси,2,Туманность Андромеды
неклассифицировано,вымышленный,иное,Навстречу,1,Туманность Андромеды
неклассифицировано,вымышленный,иное,Москва,2,Туманность Андромеды
неклассифицировано,вымышленный,иное,Мозжинка,1,Туманность Андромеды
неклассифицировано,вымышленный,иное,Коктебель,1,Туманность Андромеды
неклассифицировано,вымышленный,иное,Туманностью,3,Туманность Андромеды
неклассифицировано,вымышленный,иное,Поэтов,1,Туманность Андромеды
неклассифицировано,вымышленный,иное,Драматурга,1,Туманность Андромеды
неклассифицировано,вымышленный,иное,Существует,1,Туманность Андромеды
неклассифицировано,вымышленный,иное,Желание,1,Туманность Андромеды
неклассифицировано,вымышленный,иное,Рассказы,2,Туманность Андромеды
неклассифицировано,вымышленный,иное,Алмазная,2,Туманность Андромеды
неклассифицировано,вымышленный,иное,Южно-Африканского,1,Туманность Андромеды
неклассифицировано,вымышленный,иное,Средне-Сибирского,1,Туманность Андромеды
неклассифицировано,вымышленный,иное,Некоторые,1,Туманность Андромеды
неклассифицировано,вымышленный,иное,Голец,1,Туманность Андромеды
неклассифицировано,вымышленный,иное,Подлунный,1,Туманность Андромеды
неклассифицировано,вымышленный,иное,Каповой,2,Туманность Андромеды
неклассифицировано,вымышленный,иное,Белой,1,Туманность Андромеды
неклассифицировано,вымышленный,иное,Должен,2,Туманность Андромеды
неклассифицировано,вымышленный,иное,Толстой,1,Туманность Андромеды
неклассифицировано,вымышленный,иное,Толстому,1,Туманность Андромеды
неклассифицировано,вымышленный,иное,Аэлиты,1,Туманность Андромеды
неклассифицировано,вымышленный,иное,Петра,1,Туманность Андромеды
неклассифицировано,вымышленный,иное,Мысль,3,Туманность Андромеды
неклассифицировано,вымышленный,иное,Всей,1,Туманность Андромеды
неклассифицировано,вымышленный,иное,Катти,1,Туманность Андромеды
неклассифицировано,вымышленный,иное,Сарк,1,Туманность Андромеды
неклассифицировано,вымышленный,иное,Путями,1,Туманность Андромеды
неклассифицировано,вымышленный,иное,Ойкумены,2,Туманность Андромеды
неклассифицировано,вымышленный,иное,Звездных,1,Туманность Андромеды
неклассифицировано,вымышленный,иное,Читая,1,Туманность Андромеды
неклассифицировано,вымышленный,иное,Египта,1,Туманность Андромеды
неклассифицировано,вымышленный,иное,Красном,1,Туманность Андромеды
неклассифицировано,вымышленный,иное,Попадется,1,Туманность Андромеды
неклассифицировано,вымышленный,иное,Пошел,1,Туманность Андромеды
неклассифицировано,вымышленный,иное,Жюль,1,Туманность Андромеды
неклассифицировано,вымышленный,иное,Верн,1,Туманность Андромеды
неклассифицировано,вымышленный,иное,Верна,1,Туманность Андромеды
неклассифицировано,вымышленный,иное,Моей,1,Туманность Андромеды
неклассифицировано,вымышленный,иное,Поморья,1,Туманность Андромеды
неклассифицировано,вымышленный,иное,Наоборот,1,Туманность Андромеды
неклассифицировано,вымышленный,иное,Словом,4,Туманность Андромеды
неклассифицировано,вымышленный,иное,Задача,1,Туманность Андромеды
неклассифицировано,вымышленный,иное,Тибетского,1,Туманность Андромеды
неклассифицировано,вымышленный,иное,Змеи,3,Туманность Андромеды
неклассифицировано,вымышленный,иное,Другими,1,Туманность Андромеды
неклассифицировано,вымышленный,иное,Образ,1,Туманность Андромеды
неклассифицировано,вымышленный,иное,Герои,1,Туманность Андромеды
неклассифицировано,вымышленный,иное,Размышляя,1,Туманность Андромеды
неклассифицировано,вымышленный,иное,Уэллса,1,Туманность Андромеды
неклассифицировано,вымышленный,иное,Машиной,1,Туманность Андромеды
неклассифицировано,вымышленный,иное,Уэллсом,1,Туманность Андромеды
неклассифицировано,вымышленный,иное,Автор,1,Туманность Андромеды
неклассифицировано,вымышленный,иное,Поясню,1,Туманность Андромеды
неклассифицировано,вымышленный,иное,Года,1,Туманность Андромеды
неклассифицировано,вымышленный,иное,Китае,1,Туманность Андромеды
неклассифицировано,вымышленный,иное,Нанкинской,1,Туманность Андромеды
неклассифицировано,вымышленный,иное,Магеллана,1,Туманность Андромеды
неклассифицировано,вымышленный,иное,Предание,1,Туманность Андромеды
неклассифицировано,вымышленный,иное,Сложным,1,Туманность Андромеды
неклассифицировано,вымышленный,иное,Тьмы,2,Туманность Андромеды
неклассифицировано,вымышленный,иное,Нечто,1,Туманность Андромеды
неклассифицировано,вымышленный,иное,Писалось,1,Туманность Андромеды
неклассифицировано,вымышленный,иное,Ветров,1,Туманность Андромеды
неклассифицировано,вымышленный,иное,Гоби,2,Туманность Андромеды
неклассифицировано,вымышленный,иное,Монголии,1,Туманность Андромеды
неклассифицировано,вымышленный,иное,Москвой,1,Туманность Андромеды
неклассифицировано,вымышленный,иное,Единственное,1,Туманность Андромеды
неклассифицировано,вымышленный,иное,Вечерами,1,Туманность Андромеды
неклассифицировано,вымышленный,иное,Одним,1,Туманность Андромеды
неклассифицировано,вымышленный,иное,Зрительный,1,Туманность Андромеды
неклассифицировано,вымышленный,иное,Хиросиме,1,Туманность Андромеды
неклассифицировано,вымышленный,иное,Ноор,1,Туманность Андромеды
неклассифицировано,вымышленный,иное,Наблюдая,1,Туманность Андромеды
неклассифицировано,вымышленный,иное,Фантасту,1,Туманность Андромеды
неклассифицировано,вымышленный,иное,Баллада,1,Туманность Андромеды
неклассифицировано,вымышленный,иное,Альтова,1,Туманность Андромеды
неклассифицировано,вымышленный,иное,Журавлевой,1,Туманность Андромеды
неклассифицировано,вымышленный,иное,Герой,1,Туманность Андромеды
неклассифицировано,вымышленный,иное,Чепуха,1,Туманность Андромеды
неклассифицировано,вымышленный,иное,Ойкуменой,1,Туманность Андромеды
неклассифицировано,вымышленный,иное,Маяковского,1,Туманность Андромеды
неклассифицировано,вымышленный,иное,Примечания,1,Туманность Андромеды
неклассифицировано,вымышленный,иное,Спектральный,1,Туманность Андромеды
неклассифицировано,вымышленный,иное,Квантовый,1,Туманность Андромеды
неклассифицировано,вымышленный,иное,Внешняя,1,Туманность Андромеды
неклассифицировано,вымышленный,иное,Изогравы,1,Туманность Андромеды
неклассифицировано,вымышленный,иное,Полусферический,1,Туманность Андромеды
неклассифицировано,вымышленный,иное,Оптимальный,1,Туманность Андромеды
неклассифицировано,вымышленный,иное,Зависит,1,Туманность Андромеды
неклассифицировано,вымышленный,иное,Силиколл,1,Туманность Андромеды
неклассифицировано,вымышленный,иное,Силикобор,1,Туманность Андромеды
неклассифицировано,вымышленный,иное,Андезитовые,1,Туманность Андромеды
неклассифицировано,вымышленный,иное,Хромкатоптрические,1,Туманность Андромеды
неклассифицировано,вымышленный,иное,Сингулярные,1,Туманность Андромеды
неклассифицировано,вымышленный,иное,Кохлеарное,1,Туманность Андромеды
неклассифицировано,вымышленный,иное,Парасимпатическая,1,Туманность Андромеды
неклассифицировано,вымышленный,иное,Парциальное,1,Туманность Андромеды
неклассифицировано,вымышленный,иное,Хроморефлексная,1,Туманность Андромеды
неклассифицировано,вымышленный,иное,Аплит,1,Туманность Андромеды
неклассифицировано,вымышленный,иное,Лейкодендроны,1,Туманность Андромеды
неклассифицировано,вымышленный,иное,Виддрингтония,1,Туманность Андромеды
неклассифицировано,вымышленный,иное,Флюктуативная,1,Туманность Андромеды
неклассифицировано,вымышленный,иное,Обертонные,1,Туманность Андромеды
топоним,реальный,Земля,Земля,7,Час Быка
неклассифицировано,вымышленный,иное,Быка,3,Час Быка
неклассифицировано,вымышленный,иное,Демона,1,Час Быка
неклассифицировано,вымышленный,иное,Старый,1,Час Быка
неклассифицировано,вымышленный,иное,Иннокентия,1,Час Быка
неклассифицировано,вымышленный,иное,Пекин,1,Час Быка
неклассифицировано,вымышленный,иное,Посвящается,1,Час Быка
неклассифицировано,вымышленный,иное,Ефремовой,1,Час Быка
неклассифицировано,вымышленный,иное,Третье,1,Час Быка
неклассифицировано,вымышленный,иное,Туманности,2,Час Быка
неклассифицировано,вымышленный,иное,Андромеды,5,Час Быка
неклассифицировано,вымышленный,иное,Сердца,1,Час Быка
неклассифицировано,вымышленный,иное,Змеи,1,Час Быка
неклассифицировано,вымышленный,иное,Час,2,Час Быка
неклассифицировано,вымышленный,иное,Подобные,2,Час Быка
неклассифицировано,вымышленный,иное,Другим,1,Час Быка
неклассифицировано,вымышленный,иное,Счастливое,2,Час Быка
неклассифицировано,вымышленный,иное,Оба,2,Час Быка
неклассифицировано,вымышленный,иное,Своим,1,Час Быка
неклассифицировано,вымышленный,иное,Ленина,2,Час Быка
неклассифицировано,вымышленный,иное,Земле,18,Час Быка
неклассифицировано,вымышленный,иное,Невообразимая,1,Час Быка
неклассифицировано,вымышленный,иное,Переход,1,Час Быка
неклассифицировано,вымышленный,иное,Богданову,1,Час Быка
неклассифицировано,вымышленный,иное,Часе,1,Час Быка
неклассифицировано,вымышленный,иное,Америки,2,Час Быка
неклассифицировано,вымышленный,иное,Неимоверно,1,Час Быка
неклассифицировано,вымышленный,иное,Государственный,1,Час Быка
неклассифицировано,вымышленный,иное,Америке,1,Час Быка
неклассифицировано,вымышленный,иное,Понятно,1,Час Быка
неклассифицировано,вымышленный,иное,Люди,12,Час Быка
неклассифицировано,вымышленный,иное,Земли,80,Час Быка
неклассифицировано,вымышленный,иное,Август,1,Час Быка
неклассифицировано,вымышленный,иное,Главные,1,Час Быка
неклассифицировано,вымышленный,иное,Экипаж,3,Час Быка
неклассифицировано,вымышленный,иное,Темное,30,Час Быка
неклассифицировано,вымышленный,иное,Начальник,2,Час Быка
неклассифицировано,вымышленный,иное,Фай,156,Час Быка
антропоним,вымышленный,Земля,Родис,208,Час Быка
неклассифицировано,вымышленный,иное,Командир,2,Час Быка
неклассифицировано,вымышленный,иное,Гриф,72,Час Быка
неклассифицировано,вымышленный,иное,Рифт,60,Час Быка
неклассифицировано,вымышленный,иное,Астронавигатор,2,Час Быка
неклассифицировано,вымышленный,иное,Вир,17,Час Быка
неклассифицировано,вымышленный,иное,Нори,1,Час Быка
неклассифицировано,вымышленный,иное,Мента,12,Час Быка
неклассифицировано,вымышленный,иное,Кор,11,Час Быка
неклассифицировано,вымышленный,иное,Инженер,14,Час Быка
неклассифицировано,вымышленный,иное,Див,26,Час Быка
неклассифицировано,вымышленный,иное,Симбел,23,Час Быка
неклассифицировано,вымышленный,иное,Гэн,18,Час Быка
неклассифицировано,вымышленный,иное,Атал,13,Час Быка
неклассифицировано,вымышленный,иное,Нея,12,Час Быка
неклассифицировано,вымышленный,иное,Холли,13,Час Быка
неклассифицировано,вымышленный,иное,Соль,21,Час Быка
неклассифицировано,вымышленный,иное,Саин,17,Час Быка
неклассифицировано,вымышленный,иное,Олла,45,Час Быка
неклассифицировано,вымышленный,иное,Дез,41,Час Быка
неклассифицировано,вымышленный,иное,Врач,2,Час Быка
неклассифицировано,вымышленный,иное,Звездного,2,Час Быка
неклассифицировано,вымышленный,иное,Флота,2,Час Быка
неклассифицировано,вымышленный,иное,Эвиза,23,Час Быка
неклассифицировано,вымышленный,иное,Танет,12,Час Быка
неклассифицировано,вымышленный,иное,Биолог,1,Час Быка
неклассифицировано,вымышленный,иное,Тиви,1,Час Быка
неклассифицировано,вымышленный,иное,Хенако,8,Час Быка
неклассифицировано,вымышленный,иное,Социолог,2,Час Быка
неклассифицировано,вымышленный,иное,Чеди,137,Час Быка
неклассифицировано,вымышленный,иное,Даан,37,Час Быка
неклассифицировано,вымышленный,иное,Астрофизик,2,Час Быка
неклассифицировано,вымышленный,иное,Тор,14,Час Быка
неклассифицировано,вымышленный,иное,Лик,13,Час Быка
неклассифицировано,вымышленный,иное,Персонажи,1,Час Быка
топоним,вымышленный,Торманс,Торманс,25,Час Быка
неклассифицировано,вымышленный,иное,Председатель,4,Час Быка
неклассифицировано,вымышленный,иное,Совета,15,Час Быка
неклассифицировано,вымышленный,иное,Четырех,13,Час Быка
неклассифицировано,вымышленный,иное,Владыка,4,Час Быка
неклассифицировано,вымышленный,иное,Чойо,31,Час Быка
неклассифицировано,вымышленный,иное,Чагас,18,Час Быка
неклассифицировано,вымышленный,иное,Его,10,Час Быка
неклассифицировано,вымышленный,иное,Ген,3,Час Быка
неклассифицировано,вымышленный,иное,Зет,7,Час Быка
неклассифицировано,вымышленный,иное,Луф,2,Час Быка
неклассифицировано,вымышленный,иное,Жена,1,Час Быка
неклассифицировано,вымышленный,иное,Чагаса,12,Час Быка
неклассифицировано,вымышленный,иное,Янтре,1,Час Быка
неклассифицировано,вымышленный,иное,Яхах,1,Час Быка
неклассифицировано,вымышленный,иное,Любовница,1,Час Быка
неклассифицировано,вымышленный,иное,Биа,1,Час Быка
неклассифицировано,вымышленный,иное,Хонтээ,1,Час Быка
неклассифицировано,вымышленный,иное,Толло,1,Час Быка
неклассифицировано,вымышленный,иное,Фраэ,1,Час Быка
неклассифицировано,вымышленный,иное,Таэ,1,Час Быка
неклассифицировано,вымышленный,иное,Гао-Юар,1,Час Быка
неклассифицировано,вымышленный,иное,Янгар,1,Час Быка
неклассифицировано,вымышленный,иное,Девушка,1,Час Быка
неклассифицировано,вымышленный,иное,Торманса,68,Час Быка
неклассифицировано,вымышленный,иное,Предводитель,1,Час Быка
неклассифицировано,вымышленный,иное,Гзер,1,Час Быка
неклассифицировано,вымышленный,иное,Пролог,1,Час Быка
неклассифицировано,вымышленный,иное,Геркулеса,4,Час Быка
неклассифицировано,вымышленный,иное,Готовя,1,Час Быка
неклассифицировано,вымышленный,иное,Самым,2,Час Быка
неклассифицировано,вымышленный,иное,История,1,Час Быка
неклассифицировано,вымышленный,иное,Великого,13,Час Быка
неклассифицировано,вымышленный,иное,Кольца,16,Час Быка
неклассифицировано,вымышленный,иное,Голубые,1,Час Быка
неклассифицировано,вымышленный,иное,Тишина,2,Час Быка
неклассифицировано,вымышленный,иное,Учитель,11,Час Быка
неклассифицировано,вымышленный,иное,Бесшумно,1,Час Быка
неклассифицировано,вымышленный,иное,Многие,4,Час Быка
неклассифицировано,вымышленный,иное,Туманность,3,Час Быка
неклассифицировано,вымышленный,иное,Сомнения,1,Час Быка
неклассифицировано,вымышленный,иное,Эры,4,Час Быка
неклассифицировано,вымышленный,иное,Разобщенного,1,Час Быка
неклассифицировано,вымышленный,иное,Мира,1,Час Быка
неклассифицировано,вымышленный,иное,Молодые,2,Час Быка
неклассифицировано,вымышленный,иное,Встретившихся,4,Час Быка
неклассифицировано,вымышленный,иное,Рук,4,Час Быка
неклассифицировано,вымышленный,иное,Мысли,1,Час Быка
неклассифицировано,вымышленный,иное,Правильно,3,Час Быка
неклассифицировано,вымышленный,иное,Ларк,4,Час Быка
неклассифицировано,вымышленный,иное,Зирдой,1,Час Быка
неклассифицировано,вымышленный,иное,Пуна,5,Час Быка
неклассифицировано,вымышленный,иное,Мыслящая,1,Час Быка
неклассифицировано,вымышленный,иное,Айода,3,Час Быка
неклассифицировано,вымышленный,иное,Южной,1,Час Быка
неклассифицировано,вымышленный,иное,Азии,2,Час Быка
неклассифицировано,вымышленный,иное,Галактики,5,Час Быка
неклассифицировано,вымышленный,иное,Иногда,4,Час Быка
неклассифицировано,вымышленный,иное,Исследование,1,Час Быка
неклассифицировано,вымышленный,иное,Мне,8,Час Быка
неклассифицировано,вымышленный,иное,Кажется,2,Час Быка
неклассифицировано,вымышленный,иное,Следует,1,Час Быка
неклассифицировано,вымышленный,иное,Формулировка,1,Час Быка
неклассифицировано,вымышленный,иное,Кими,18,Час Быка
неклассифицировано,вымышленный,иное,Нельзя,1,Час Быка
неклассифицировано,вымышленный,иное,Кольцу,8,Час Быка
неклассифицировано,вымышленный,иное,Бывали,1,Час Быка
неклассифицировано,вымышленный,иное,Начиналось,1,Час Быка
неклассифицировано,вымышленный,иное,Эту,1,Час Быка
неклассифицировано,вымышленный,иное,Тогда,13,Час Быка
неклассифицировано,вымышленный,иное,Известны,1,Час Быка
неклассифицировано,вымышленный,иное,Много,2,Час Быка
неклассифицировано,вымышленный,иное,Удивительная,1,Час Быка
неклассифицировано,вымышленный,иное,Немало,1,Час Быка
неклассифицировано,вымышленный,иное,Пламя,29,Час Быка
неклассифицировано,вымышленный,иное,Тринадцать,1,Час Быка
неклассифицировано,вымышленный,иное,Реват,4,Час Быка
неклассифицировано,вымышленный,иное,Аудитория,1,Час Быка
неклассифицировано,вымышленный,иное,Ученики,5,Час Быка
неклассифицировано,вымышленный,иное,Надо,7,Час Быка
неклассифицировано,вымышленный,иное,Миран,1,Час Быка
неклассифицировано,вымышленный,иное,Иначе,4,Час Быка
неклассифицировано,вымышленный,иное,Мыслящий,1,Час Быка
неклассифицировано,вымышленный,иное,Эти,4,Час Быка
неклассифицировано,вымышленный,иное,Великому,2,Час Быка
неклассифицировано,вымышленный,иное,Рыцарей,1,Час Быка
неклассифицировано,вымышленный,иное,Счастья,1,Час Быка
неклассифицировано,вымышленный,иное,Кунти,1,Час Быка
неклассифицировано,вымышленный,иное,Тормансе,19,Час Быка
неклассифицировано,вымышленный,иное,Дома,2,Час Быка
неклассифицировано,вымышленный,иное,Истории,2,Час Быка
неклассифицировано,вымышленный,иное,Договоритесь,1,Час Быка
неклассифицировано,вымышленный,иное,Темного,19,Час Быка
неклассифицировано,вымышленный,иное,Пламени,20,Час Быка
неклассифицировано,вымышленный,иное,Затем,7,Час Быка
неклассифицировано,вымышленный,иное,Спиральной,2,Час Быка
неклассифицировано,вымышленный,иное,Дороги,2,Час Быка
неклассифицировано,вымышленный,иное,Едва,4,Час Быка
неклассифицировано,вымышленный,иное,Послышались,1,Час Быка
неклассифицировано,вымышленный,иное,Декана,1,Час Быка
неклассифицировано,вымышленный,иное,Юноша,4,Час Быка
неклассифицировано,вымышленный,иное,Подумайте,1,Час Быка
неклассифицировано,вымышленный,иное,Попробуйте,1,Час Быка
неклассифицировано,вымышленный,иное,Антимир,1,Час Быка
неклассифицировано,вымышленный,иное,Тамасом,3,Час Быка
неклассифицировано,вымышленный,иное,Только,14,Час Быка
неклассифицировано,вымышленный,иное,Шакти,11,Час Быка
неклассифицировано,вымышленный,иное,Тамаса,19,Час Быка
неклассифицировано,вымышленный,иное,Тамасе,2,Час Быка
неклассифицировано,вымышленный,иное,Трудно,4,Час Быка
неклассифицировано,вымышленный,иное,Рэр,1,Час Быка
неклассифицировано,вымышленный,иное,Иветты,1,Час Быка
неклассифицировано,вымышленный,иное,Оказалось,3,Час Быка
неклассифицировано,вымышленный,иное,Получили,1,Час Быка
неклассифицировано,вымышленный,иное,Разгадали,1,Час Быка
неклассифицировано,вымышленный,иное,Лоренцево,1,Час Быка
неклассифицировано,вымышленный,иное,Еще,12,Час Быка
неклассифицировано,вымышленный,иное,Нуль,1,Час Быка
неклассифицировано,вымышленный,иное,Напрасно,1,Час Быка
неклассифицировано,вымышленный,иное,Давно,3,Час Быка
неклассифицировано,вымышленный,иное,Тамас,2,Час Быка
неклассифицировано,вымышленный,иное,Происходит,1,Час Быка
неклассифицировано,вымышленный,иное,Теперь,10,Час Быка
неклассифицировано,вымышленный,иное,Звездолеты,1,Час Быка
неклассифицировано,вымышленный,иное,Прямого,1,Час Быка
неклассифицировано,вымышленный,иное,Луча,1,Час Быка
неклассифицировано,вымышленный,иное,Возможность,1,Час Быка
неклассифицировано,вымышленный,иное,Великом,1,Час Быка
неклассифицировано,вымышленный,иное,Кольце,1,Час Быка
неклассифицировано,вымышленный,иное,Экранах,1,Час Быка
неклассифицировано,вымышленный,иное,Внешних,1,Час Быка
неклассифицировано,вымышленный,иное,Станций,1,Час Быка
неклассифицировано,вымышленный,иное,Триста,1,Час Быка
неклассифицировано,вымышленный,иное,Эру,1,Час Быка
неклассифицировано,вымышленный,иное,Осуществилась,1,Час Быка
неклассифицировано,вымышленный,иное,Необходимо,1,Час Быка
неклассифицировано,вымышленный,иное,Опаловый,1,Час Быка
неклассифицировано,вымышленный,иное,Внезапно,3,Час Быка
неклассифицировано,вымышленный,иное,Широко,1,Час Быка
неклассифицировано,вымышленный,иное,Ярко,1,Час Быка
неклассифицировано,вымышленный,иное,Индийского,1,Час Быка
неклассифицировано,вымышленный,иное,Далекий,1,Час Быка
неклассифицировано,вымышленный,иное,Трава,1,Час Быка
неклассифицировано,вымышленный,иное,Восходящие,1,Час Быка
неклассифицировано,вымышленный,иное,Взобравшись,1,Час Быка
неклассифицировано,вымышленный,иное,Неожиданная,1,Час Быка
неклассифицировано,вымышленный,иное,Тридцать,1,Час Быка
неклассифицировано,вымышленный,иное,Суровая,2,Час Быка
неклассифицировано,вымышленный,иное,Модель,2,Час Быка
неклассифицировано,вымышленный,иное,Площадка,1,Час Быка
неклассифицировано,вымышленный,иное,Число,1,Час Быка
неклассифицировано,вымышленный,иное,Землю,5,Час Быка
неклассифицировано,вымышленный,иное,Вернувшиеся,1,Час Быка
неклассифицировано,вымышленный,иное,Остальные,1,Час Быка
неклассифицировано,вымышленный,иное,Рядом,3,Час Быка
неклассифицировано,вымышленный,иное,Легкие,1,Час Быка
неклассифицировано,вымышленный,иное,Сама,1,Час Быка
неклассифицировано,вымышленный,иное,Казалось,2,Час Быка
неклассифицировано,вымышленный,иное,Тивиса,13,Час Быка
неклассифицировано,вымышленный,иное,Смотрите,1,Час Быка
неклассифицировано,вымышленный,иное,Тивисы,2,Час Быка
неклассифицировано,вымышленный,иное,Отвернувшись,1,Час Быка
неклассифицировано,вымышленный,иное,Норин,12,Час Быка
неклассифицировано,вымышленный,иное,Атала,5,Час Быка
неклассифицировано,вымышленный,иное,Статуи,1,Час Быка
неклассифицировано,вымышленный,иное,Скульптуры,1,Час Быка
неклассифицировано,вымышленный,иное,Почти,3,Час Быка
неклассифицировано,вымышленный,иное,Одна,3,Час Быка
неклассифицировано,вымышленный,иное,Рифта,13,Час Быка
неклассифицировано,вымышленный,иное,Массивная,1,Час Быка
неклассифицировано,вымышленный,иное,Правая,1,Час Быка
неклассифицировано,вымышленный,иное,Три,2,Час Быка
неклассифицировано,вымышленный,иное,Второй,3,Час Быка
неклассифицировано,вымышленный,иное,Тонкое,1,Час Быка
неклассифицировано,вымышленный,иное,Очевидно,3,Час Быка
неклассифицировано,вымышленный,иное,Резко,2,Час Быка
неклассифицировано,вымышленный,иное,Ноги,1,Час Быка
неклассифицировано,вымышленный,иное,Небрежные,1,Час Быка
неклассифицировано,вымышленный,иное,Старинная,1,Час Быка
неклассифицировано,вымышленный,иное,Всезнающая,1,Час Быка
неклассифицировано,вымышленный,иное,Одно,3,Час Быка
неклассифицировано,вымышленный,иное,Может,20,Час Быка
неклассифицировано,вымышленный,иное,Оллой,2,Час Быка
неклассифицировано,вымышленный,иное,Высунувшись,1,Час Быка
неклассифицировано,вымышленный,иное,Солнце,1,Час Быка
неклассифицировано,вымышленный,иное,Несколько,5,Час Быка
неклассифицировано,вымышленный,иное,Другие,2,Час Быка
неклассифицировано,вымышленный,иное,Большинство,1,Час Быка
неклассифицировано,вымышленный,иное,Мир,2,Час Быка
неклассифицировано,вымышленный,иное,Молодым,1,Час Быка
неклассифицировано,вымышленный,иное,Неохотно,1,Час Быка
неклассифицировано,вымышленный,иное,Слабым,1,Час Быка
неклассифицировано,вымышленный,иное,Путники,1,Час Быка
неклассифицировано,вымышленный,иное,Привычная,1,Час Быка
неклассифицировано,вымышленный,иное,Вопрос,2,Час Быка
неклассифицировано,вымышленный,иное,Вовсе,1,Час Быка
неклассифицировано,вымышленный,иное,Зачем,6,Час Быка
неклассифицировано,вымышленный,иное,Дальве,1,Час Быка
неклассифицировано,вымышленный,иное,Неи,3,Час Быка
неклассифицировано,вымышленный,иное,Симбела,2,Час Быка
неклассифицировано,вымышленный,иное,Увидим,2,Час Быка
неклассифицировано,вымышленный,иное,Завтра,1,Час Быка
неклассифицировано,вымышленный,иное,Понимаю,3,Час Быка
неклассифицировано,вымышленный,иное,Нет,11,Час Быка
неклассифицировано,вымышленный,иное,Независимость,1,Час Быка
неклассифицировано,вымышленный,иное,Потом,3,Час Быка
неклассифицировано,вымышленный,иное,Оллу,3,Час Быка
неклассифицировано,вымышленный,иное,Почему,4,Час Быка
неклассифицировано,вымышленный,иное,Видишь,1,Час Быка
неклассифицировано,вымышленный,иное,Пора,2,Час Быка
неклассифицировано,вымышленный,иное,Помни,1,Час Быка
неклассифицировано,вымышленный,иное,Глава,5,Час Быка
неклассифицировано,вымышленный,иное,Миф,1,Час Быка
неклассифицировано,вымышленный,иное,Предчувствие,2,Час Быка
неклассифицировано,вымышленный,иное,Доме,1,Час Быка
неклассифицировано,вымышленный,иное,Искусств,1,Час Быка
неклассифицировано,вымышленный,иное,Короткая,1,Час Быка
неклассифицировано,вымышленный,иное,Последняя,1,Час Быка
неклассифицировано,вымышленный,иное,Низко,1,Час Быка
неклассифицировано,вымышленный,иное,Художник,1,Час Быка
неклассифицировано,вымышленный,иное,Погибнут,1,Час Быка
неклассифицировано,вымышленный,иное,Женщина,3,Час Быка
неклассифицировано,вымышленный,иное,Мужчина,1,Час Быка
неклассифицировано,вымышленный,иное,Настроения,1,Час Быка
неклассифицировано,вымышленный,иное,Моралисты,1,Час Быка
неклассифицировано,вымышленный,иное,Примером,1,Час Быка
неклассифицировано,вымышленный,иное,Артура,1,Час Быка
неклассифицировано,вымышленный,иное,Линдсея,1,Час Быка
неклассифицировано,вымышленный,иное,Арктур,1,Час Быка
неклассифицировано,вымышленный,иное,Мрачная,1,Час Быка
неклассифицировано,вымышленный,иное,Планета,3,Час Быка
неклассифицировано,вымышленный,иное,Рыси,4,Час Быка
неклассифицировано,вымышленный,иное,Историк,1,Час Быка
неклассифицировано,вымышленный,иное,Кин,15,Час Быка
неклассифицировано,вымышленный,иное,Рух,8,Час Быка
неклассифицировано,вымышленный,иное,Тормансом,4,Час Быка
неклассифицировано,вымышленный,иное,Глубокий,1,Час Быка
неклассифицировано,вымышленный,иное,Звездоплавания,3,Час Быка
неклассифицировано,вымышленный,иное,Рен,2,Час Быка
неклассифицировано,вымышленный,иное,Боза,1,Час Быка
неклассифицировано,вымышленный,иное,Бозу,1,Час Быка
неклассифицировано,вымышленный,иное,Вел,2,Час Быка
неклассифицировано,вымышленный,иное,Хэг,2,Час Быка
неклассифицировано,вымышленный,иное,Вычисления,1,Час Быка
неклассифицировано,вымышленный,иное,Представим,1,Час Быка
неклассифицировано,вымышленный,иное,Поэтому,6,Час Быка
неклассифицировано,вымышленный,иное,Солнца,2,Час Быка
неклассифицировано,вымышленный,иное,Описания,1,Час Быка
неклассифицировано,вымышленный,иное,Экспедиция,2,Час Быка
неклассифицировано,вымышленный,иное,Цефея,2,Час Быка
неклассифицировано,вымышленный,иное,Уже,1,Час Быка
неклассифицировано,вымышленный,иное,Машина,2,Час Быка
неклассифицировано,вымышленный,иное,Общего,1,Час Быка
неклассифицировано,вымышленный,иное,Раздумья,1,Час Быка
неклассифицировано,вымышленный,иное,Академия,1,Час Быка
неклассифицировано,вымышленный,иное,Горя,1,Час Быка
неклассифицировано,вымышленный,иное,Радости,1,Час Быка
неклассифицировано,вымышленный,иное,Совету,1,Час Быка
неклассифицировано,вымышленный,иное,Сплошное,1,Час Быка
неклассифицировано,вымышленный,иное,Совет,8,Час Быка
неклассифицировано,вымышленный,иное,Самое,1,Час Быка
неклассифицировано,вымышленный,иное,Управление,1,Час Быка
неклассифицировано,вымышленный,иное,Пять,1,Час Быка
неклассифицировано,вымышленный,иное,Каждый,9,Час Быка
неклассифицировано,вымышленный,иное,Поднялся,1,Час Быка
неклассифицировано,вымышленный,иное,Вам,3,Час Быка
неклассифицировано,вымышленный,иное,Юпитера,2,Час Быка
неклассифицировано,вымышленный,иное,Совете,2,Час Быка
неклассифицировано,вымышленный,иное,Напоминаю,1,Час Быка
неклассифицировано,вымышленный,иное,Заставить,1,Час Быка
неклассифицировано,вымышленный,иное,Обратитесь,1,Час Быка
неклассифицировано,вымышленный,иное,Академию,1,Час Быка
неклассифицировано,вымышленный,иное,Предсказания,1,Час Быка
неклассифицировано,вымышленный,иное,Будущего,1,Час Быка
неклассифицировано,вымышленный,иное,Нам,2,Час Быка
неклассифицировано,вымышленный,иное,Имя,1,Час Быка
неклассифицировано,вымышленный,иное,Руха,6,Час Быка
неклассифицировано,вымышленный,иное,Молодежь,1,Час Быка
неклассифицировано,вымышленный,иное,Место,3,Час Быка
неклассифицировано,вымышленный,иное,Степная,1,Час Быка
неклассифицировано,вымышленный,иное,Индии,1,Час Быка
неклассифицировано,вымышленный,иное,Неуклюжая,1,Час Быка
неклассифицировано,вымышленный,иное,Приходилось,1,Час Быка
неклассифицировано,вымышленный,иное,Двурогие,1,Час Быка
неклассифицировано,вымышленный,иное,Собравшиеся,1,Час Быка
неклассифицировано,вымышленный,иное,Зеленый,1,Час Быка
неклассифицировано,вымышленный,иное,Бледно,1,Час Быка
неклассифицировано,вымышленный,иное,Неожиданность,1,Час Быка
неклассифицировано,вымышленный,иное,Гигантские,1,Час Быка
неклассифицировано,вымышленный,иное,Провожавшие,1,Час Быка
неклассифицировано,вымышленный,иное,Далеко,1,Час Быка
неклассифицировано,вымышленный,иное,Человеческий,1,Час Быка
неклассифицировано,вымышленный,иное,Пользуясь,1,Час Быка
неклассифицировано,вымышленный,иное,Отсчет,1,Час Быка
неклассифицировано,вымышленный,иное,Ловкими,1,Час Быка
неклассифицировано,вымышленный,иное,Финнегана,1,Час Быка
неклассифицировано,вымышленный,иное,Наконец,1,Час Быка
неклассифицировано,вымышленный,иное,Здесь,6,Час Быка
неклассифицировано,вымышленный,иное,Саином,1,Час Быка
неклассифицировано,вымышленный,иное,Точность,1,Час Быка
неклассифицировано,вымышленный,иное,Первый,1,Час Быка
неклассифицировано,вымышленный,иное,Нооген,1,Час Быка
неклассифицировано,вымышленный,иное,Вероятность,1,Час Быка
неклассифицировано,вымышленный,иное,Ноогена,2,Час Быка
неклассифицировано,вымышленный,иное,Созданные,1,Час Быка
неклассифицировано,вымышленный,иное,Работали,1,Час Быка
неклассифицировано,вымышленный,иное,Рифтом,3,Час Быка
неклассифицировано,вымышленный,иное,Присутствие,1,Час Быка
неклассифицировано,вымышленный,иное,Месяцами,1,Час Быка
неклассифицировано,вымышленный,иное,Пока,3,Час Быка
неклассифицировано,вымышленный,иное,Толстая,1,Час Быка
неклассифицировано,вымышленный,иное,Слабо,1,Час Быка
неклассифицировано,вымышленный,иное,Уцепившись,1,Час Быка
неклассифицировано,вымышленный,иное,Угрюмая,1,Час Быка
неклассифицировано,вымышленный,иное,Эта,2,Час Быка
неклассифицировано,вымышленный,иное,Тех,2,Час Быка
неклассифицировано,вымышленный,иное,Очень,3,Час Быка
неклассифицировано,вымышленный,иное,Подлинные,1,Час Быка
неклассифицировано,вымышленный,иное,Исчезновение,1,Час Быка
неклассифицировано,вымышленный,иное,Нередко,1,Час Быка
неклассифицировано,вымышленный,иное,Дезинформация,1,Час Быка
неклассифицировано,вымышленный,иное,Весь,4,Час Быка
неклассифицировано,вымышленный,иное,Ученый,2,Час Быка
неклассифицировано,вымышленный,иное,Начинающая,1,Час Быка
неклассифицировано,вымышленный,иное,Недостаток,1,Час Быка
неклассифицировано,вымышленный,иное,Сохранившиеся,1,Час Быка
неклассифицировано,вымышленный,иное,Впервые,2,Час Быка
неклассифицировано,вымышленный,иное,Сейчас,3,Час Быка
неклассифицировано,вымышленный,иное,Прослеживание,1,Час Быка
неклассифицировано,вымышленный,иное,Взять,1,Час Быка
неклассифицировано,вымышленный,иное,Коротко,1,Час Быка
неклассифицировано,вымышленный,иное,Ожили,1,Час Быка
неклассифицировано,вымышленный,иное,Тихо,2,Час Быка
неклассифицировано,вымышленный,иное,Звездолет,13,Час Быка
неклассифицировано,вымышленный,иное,Выжидательная,1,Час Быка
неклассифицировано,вымышленный,иное,Дракона,2,Час Быка
неклассифицировано,вымышленный,иное,Красное,1,Час Быка
неклассифицировано,вымышленный,иное,Никому,1,Час Быка
неклассифицировано,вымышленный,иное,Узкие,1,Час Быка
неклассифицировано,вымышленный,иное,Антропологи,1,Час Быка
неклассифицировано,вымышленный,иное,Поверхность,1,Час Быка
неклассифицировано,вымышленный,иное,Зеленого,1,Час Быка
неклассифицировано,вымышленный,иное,Показатель,1,Час Быка
неклассифицировано,вымышленный,иное,Алое,1,Час Быка
неклассифицировано,вымышленный,иное,Говорили,1,Час Быка
неклассифицировано,вымышленный,иное,Орбитальные,1,Час Быка
неклассифицировано,вымышленный,иное,Оборот,1,Час Быка
неклассифицировано,вымышленный,иное,Избежать,2,Час Быка
неклассифицировано,вымышленный,иное,Великим,1,Час Быка
неклассифицировано,вымышленный,иное,Кольцом,1,Час Быка
неклассифицировано,вымышленный,иное,Никто,4,Час Быка
неклассифицировано,вымышленный,иное,Огромное,1,Час Быка
неклассифицировано,вымышленный,иное,Подобными,1,Час Быка
неклассифицировано,вымышленный,иное,Рухом,1,Час Быка
неклассифицировано,вымышленный,иное,Теория,2,Час Быка
неклассифицировано,вымышленный,иное,Эрф,7,Час Быка
неклассифицировано,вымышленный,иное,Ром,5,Час Быка
неклассифицировано,вымышленный,иное,Став,1,Час Быка
неклассифицировано,вымышленный,иное,Кого,1,Час Быка
неклассифицировано,вымышленный,иное,Тора,1,Час Быка
неклассифицировано,вымышленный,иное,Благодарю,3,Час Быка
неклассифицировано,вымышленный,иное,Показать,1,Час Быка
неклассифицировано,вымышленный,иное,Тормансу,3,Час Быка
неклассифицировано,вымышленный,иное,Двадцать,2,Час Быка
неклассифицировано,вымышленный,иное,Встречных,1,Час Быка
неклассифицировано,вымышленный,иное,Напевая,1,Час Быка
неклассифицировано,вымышленный,иное,Вспаханного,1,Час Быка
неклассифицировано,вымышленный,иное,Рая,1,Час Быка
неклассифицировано,вымышленный,иное,Вхожу,1,Час Быка
неклассифицировано,вымышленный,иное,Вспаханный,1,Час Быка
неклассифицировано,вымышленный,иное,Рай,1,Час Быка
неклассифицировано,вымышленный,иное,Дейра,1,Час Быка
неклассифицировано,вымышленный,иное,Хорошие,1,Час Быка
неклассифицировано,вымышленный,иное,Внутреннюю,1,Час Быка
неклассифицировано,вымышленный,иное,Часто,1,Час Быка
неклассифицировано,вымышленный,иное,Такое,1,Час Быка
неклассифицировано,вымышленный,иное,Зыбкого,1,Час Быка
неклассифицировано,вымышленный,иное,Миг,4,Час Быка
неклассифицировано,вымышленный,иное,День,1,Час Быка
неклассифицировано,вымышленный,иное,Вся,2,Час Быка
неклассифицировано,вымышленный,иное,Песни,1,Час Быка
неклассифицировано,вымышленный,иное,Зеленом,1,Час Быка
неклассифицировано,вымышленный,иное,Равнодушной,1,Час Быка
неклассифицировано,вымышленный,иное,Богини,1,Час Быка
неклассифицировано,вымышленный,иное,Прекрасная,1,Час Быка
неклассифицировано,вымышленный,иное,Запомнилась,1,Час Быка
неклассифицировано,вымышленный,иное,Нередкое,1,Час Быка
неклассифицировано,вымышленный,иное,Идемте,1,Час Быка
неклассифицировано,вымышленный,иное,Сегодня,2,Час Быка
неклассифицировано,вымышленный,иное,Хорошо,2,Час Быка
неклассифицировано,вымышленный,иное,Видимо,3,Час Быка
неклассифицировано,вымышленный,иное,Наши,4,Час Быка
неклассифицировано,вымышленный,иное,Мудрость,1,Час Быка
неклассифицировано,вымышленный,иное,Верандой,1,Час Быка
неклассифицировано,вымышленный,иное,Там,5,Час Быка
неклассифицировано,вымышленный,иное,Заполненный,1,Час Быка
неклассифицировано,вымышленный,иное,Говорят,1,Час Быка
неклассифицировано,вымышленный,иное,Материя,1,Час Быка
неклассифицировано,вымышленный,иное,Змея,1,Час Быка
неклассифицировано,вымышленный,иное,Пойдемте,1,Час Быка
неклассифицировано,вымышленный,иное,Пластическая,1,Час Быка
неклассифицировано,вымышленный,иное,Молодая,2,Час Быка
неклассифицировано,вымышленный,иное,Выпуклый,1,Час Быка
неклассифицировано,вымышленный,иное,Высокая,1,Час Быка
неклассифицировано,вымышленный,иное,Легкая,1,Час Быка
неклассифицировано,вымышленный,иное,Весны,1,Час Быка
неклассифицировано,вымышленный,иное,Суметь,1,Час Быка
неклассифицировано,вымышленный,иное,Судить,1,Час Быка
неклассифицировано,вымышленный,иное,Слева,1,Час Быка
неклассифицировано,вымышленный,иное,Скулы,1,Час Быка
неклассифицировано,вымышленный,иное,Внешне,1,Час Быка
неклассифицировано,вымышленный,иное,Эвизы,2,Час Быка
неклассифицировано,вымышленный,иное,Пылкое,1,Час Быка
неклассифицировано,вымышленный,иное,Саину,1,Час Быка
неклассифицировано,вымышленный,иное,Пение,1,Час Быка
неклассифицировано,вымышленный,иное,Спутанные,1,Час Быка
неклассифицировано,вымышленный,иное,Медленно,2,Час Быка
неклассифицировано,вымышленный,иное,Лебеде,1,Час Быка
неклассифицировано,вымышленный,иное,Чернота,1,Час Быка
неклассифицировано,вымышленный,иное,Нижние,1,Час Быка
неклассифицировано,вымышленный,иное,Обе,2,Час Быка
неклассифицировано,вымышленный,иное,Четыре,4,Час Быка
неклассифицировано,вымышленный,иное,Циферблаты,1,Час Быка
неклассифицировано,вымышленный,иное,Стрелки,1,Час Быка
неклассифицировано,вымышленный,иное,Нечто,1,Час Быка
неклассифицировано,вымышленный,иное,Чувство,2,Час Быка
неклассифицировано,вымышленный,иное,Несказанно,1,Час Быка
неклассифицировано,вымышленный,иное,Струйки,1,Час Быка
неклассифицировано,вымышленный,иное,Налево,1,Час Быка
неклассифицировано,вымышленный,иное,Малейшее,1,Час Быка
неклассифицировано,вымышленный,иное,Прозвучал,1,Час Быка
неклассифицировано,вымышленный,иное,Арктура,1,Час Быка
неклассифицировано,вымышленный,иное,Альтаира,1,Час Быка
неклассифицировано,вымышленный,иное,Действительно,3,Час Быка
неклассифицировано,вымышленный,иное,Вертикальная,1,Час Быка
неклассифицировано,вымышленный,иное,Соскользнуть,1,Час Быка
неклассифицировано,вымышленный,иное,Можно,1,Час Быка
неклассифицировано,вымышленный,иное,Корни,1,Час Быка
неклассифицировано,вымышленный,иное,Интересно,2,Час Быка
неклассифицировано,вымышленный,иное,Ощущения,1,Час Быка
неклассифицировано,вымышленный,иное,Быстро,1,Час Быка
неклассифицировано,вымышленный,иное,Канады,1,Час Быка
неклассифицировано,вымышленный,иное,Просторная,1,Час Быка
неклассифицировано,вымышленный,иное,Теплый,1,Час Быка
неклассифицировано,вымышленный,иное,Особенно,1,Час Быка
неклассифицировано,вымышленный,иное,Однажды,1,Час Быка
неклассифицировано,вымышленный,иное,Гриб,1,Час Быка
неклассифицировано,вымышленный,иное,Пожилые,1,Час Быка
неклассифицировано,вымышленный,иное,Девяносто,1,Час Быка
неклассифицировано,вымышленный,иное,Чудовищная,1,Час Быка
неклассифицировано,вымышленный,иное,Страх,1,Час Быка
неклассифицировано,вымышленный,иное,Эра,2,Час Быка
неклассифицировано,вымышленный,иное,Уравновешивание,1,Час Быка
неклассифицировано,вымышленный,иное,Падение,1,Час Быка
неклассифицировано,вымышленный,иное,Растягивание,1,Час Быка
неклассифицировано,вымышленный,иное,Исчезли,1,Час Быка
неклассифицировано,вымышленный,иное,Потеряв,1,Час Быка
неклассифицировано,вымышленный,иное,Однотонные,1,Час Быка
неклассифицировано,вымышленный,иное,Сознание,1,Час Быка
неклассифицировано,вымышленный,иное,Вернувшись,1,Час Быка
неклассифицировано,вымышленный,иное,Впереди,1,Час Быка
неклассифицировано,вымышленный,иное,Пяти,1,Час Быка
неклассифицировано,вымышленный,иное,Красных,2,Час Быка
неклассифицировано,вымышленный,иное,Солнц,2,Час Быка
неклассифицировано,вымышленный,иное,Радость,1,Час Быка
неклассифицировано,вымышленный,иное,Рифту,4,Час Быка
неклассифицировано,вымышленный,иное,Скоро,2,Час Быка
неклассифицировано,вымышленный,иное,Какое,1,Час Быка
неклассифицировано,вымышленный,иное,Будет,1,Час Быка
неклассифицировано,вымышленный,иное,Эвизу,1,Час Быка
неклассифицировано,вымышленный,иное,Трое,2,Час Быка
неклассифицировано,вымышленный,иное,Саина,1,Час Быка
неклассифицировано,вымышленный,иное,Историки,1,Час Быка
неклассифицировано,вымышленный,иное,Положительно,1,Час Быка
неклассифицировано,вымышленный,иное,Сколько,3,Час Быка
неклассифицировано,вымышленный,иное,Опершись,1,Час Быка
неклассифицировано,вымышленный,иное,Безотрадный,1,Час Быка
неклассифицировано,вымышленный,иное,Низкое,1,Час Быка
неклассифицировано,вымышленный,иное,Спереди,1,Час Быка
неклассифицировано,вымышленный,иное,Верхняя,1,Час Быка
неклассифицировано,вымышленный,иное,Предкавказья,1,Час Быка
неклассифицировано,вымышленный,иное,Подбадривая,1,Час Быка
неклассифицировано,вымышленный,иное,Победно,1,Час Быка
неклассифицировано,вымышленный,иное,Сначала,1,Час Быка
неклассифицировано,вымышленный,иное,Достигнув,1,Час Быка
неклассифицировано,вымышленный,иное,Солнцем,1,Час Быка
неклассифицировано,вымышленный,иное,Вскоре,2,Час Быка
неклассифицировано,вымышленный,иное,Вторая,1,Час Быка
неклассифицировано,вымышленный,иное,Солнцу,1,Час Быка
неклассифицировано,вымышленный,иное,Астронавты,1,Час Быка
неклассифицировано,вымышленный,иное,Более,3,Час Быка
неклассифицировано,вымышленный,иное,Темно,1,Час Быка
неклассифицировано,вымышленный,иное,Первая,1,Час Быка
неклассифицировано,вымышленный,иное,Меркурием,1,Час Быка
неклассифицировано,вымышленный,иное,Звезда,1,Час Быка
неклассифицировано,вымышленный,иное,Язык,1,Час Быка
неклассифицировано,вымышленный,иное,Тотчас,1,Час Быка
неклассифицировано,вымышленный,иное,Какие,4,Час Быка
неклассифицировано,вымышленный,иное,Кам,2,Час Быка
неклассифицировано,вымышленный,иное,Аматом,1,Час Быка
неклассифицировано,вымышленный,иное,Кольцо,1,Час Быка
неклассифицировано,вымышленный,иное,Товарищи,1,Час Быка
неклассифицировано,вымышленный,иное,Оллы,3,Час Быка
неклассифицировано,вымышленный,иное,Бег,1,Час Быка
неклассифицировано,вымышленный,иное,Жесткий,2,Час Быка
неклассифицировано,вымышленный,иное,Всем,4,Час Быка
неклассифицировано,вымышленный,иное,Передается,2,Час Быка
неклассифицировано,вымышленный,иное,Слушайте,1,Час Быка
неклассифицировано,вымышленный,иное,Предупреждение,1,Час Быка
неклассифицировано,вымышленный,иное,Планету,1,Час Быка
неклассифицировано,вымышленный,иное,Исправно,1,Час Быка
неклассифицировано,вымышленный,иное,Молодцы,1,Час Быка
неклассифицировано,вымышленный,иное,Вообще,2,Час Быка
неклассифицировано,вымышленный,иное,Нас,1,Час Быка
неклассифицировано,вымышленный,иное,Прошу,3,Час Быка
неклассифицировано,вымышленный,иное,Каков,2,Час Быка
неклассифицировано,вымышленный,иное,Мимас,1,Час Быка
неклассифицировано,вымышленный,иное,Сатурна,1,Час Быка
неклассифицировано,вымышленный,иное,Мощные,1,Час Быка
неклассифицировано,вымышленный,иное,Ленты,1,Час Быка
неклассифицировано,вымышленный,иное,Перекрестный,1,Час Быка
неклассифицировано,вымышленный,иное,Отыскали,1,Час Быка
неклассифицировано,вымышленный,иное,Продолжение,1,Час Быка
неклассифицировано,вымышленный,иное,Будем,1,Час Быка
неклассифицировано,вымышленный,иное,Успеем,1,Час Быка
неклассифицировано,вымышленный,иное,Подкрадываемся,1,Час Быка
неклассифицировано,вымышленный,иное,Тут,3,Час Быка
неклассифицировано,вымышленный,иное,Цефеяне,1,Час Быка
неклассифицировано,вымышленный,иное,Методы,1,Час Быка
неклассифицировано,вымышленный,иное,Было,1,Час Быка
неклассифицировано,вымышленный,иное,Никакого,1,Час Быка
неклассифицировано,вымышленный,иное,Экваториальная,1,Час Быка
неклассифицировано,вымышленный,иное,Широкая,1,Час Быка
неклассифицировано,вымышленный,иное,Автоматы,1,Час Быка
неклассифицировано,вымышленный,иное,Удивляет,1,Час Быка
неклассифицировано,вымышленный,иное,Похоже,1,Час Быка
неклассифицировано,вымышленный,иное,Оранжерейный,1,Час Быка
неклассифицировано,вымышленный,иное,Климат,1,Час Быка
неклассифицировано,вымышленный,иное,Экватор,1,Час Быка
неклассифицировано,вымышленный,иное,Земным,1,Час Быка
неклассифицировано,вымышленный,иное,Нехватка,1,Час Быка
неклассифицировано,вымышленный,иное,Само,1,Час Быка
неклассифицировано,вымышленный,иное,Больших,1,Час Быка
неклассифицировано,вымышленный,иное,Пронизывая,1,Час Быка
неклассифицировано,вымышленный,иное,Облачный,1,Час Быка
неклассифицировано,вымышленный,иное,Наблюдатели,1,Час Быка
неклассифицировано,вымышленный,иное,Землей,2,Час Быка
неклассифицировано,вымышленный,иное,Моря,1,Час Быка
неклассифицировано,вымышленный,иное,Разделенные,1,Час Быка
неклассифицировано,вымышленный,иное,Южную,1,Час Быка
неклассифицировано,вымышленный,иное,Америку,1,Час Быка
неклассифицировано,вымышленный,иное,Издалека,1,Час Быка
неклассифицировано,вымышленный,иное,Большие,1,Час Быка
неклассифицировано,вымышленный,иное,Ничего,1,Час Быка
неклассифицировано,вымышленный,иное,Симметрия,1,Час Быка
неклассифицировано,вымышленный,иное,Обогащение,1,Час Быка
неклассифицировано,вымышленный,иное,Слишком,2,Час Быка
неклассифицировано,вымышленный,иное,Раз,1,Час Быка
неклассифицировано,вымышленный,иное,Нашей,1,Час Быка
неклассифицировано,вымышленный,иное,Амата,1,Час Быка
неклассифицировано,вымышленный,иное,Разумно,1,Час Быка
неклассифицировано,вымышленный,иное,Молодой,1,Час Быка
неклассифицировано,вымышленный,иное,Синийским,1,Час Быка
неклассифицировано,вымышленный,иное,Планетолог,1,Час Быка
неклассифицировано,вымышленный,иное,Восточной,1,Час Быка
неклассифицировано,вымышленный,иное,Полушарие,1,Час Быка
неклассифицировано,вымышленный,иное,Северным,1,Час Быка
неклассифицировано,вымышленный,иное,Южным,1,Час Быка
неклассифицировано,вымышленный,иное,Жизни,1,Час Быка
неклассифицировано,вымышленный,иное,Смерти,2,Час Быка
неклассифицировано,вымышленный,иное,Всеобщность,1,Час Быка
неклассифицировано,вымышленный,иное,Неизбежно,2,Час Быка
неклассифицировано,вымышленный,иное,Означает,1,Час Быка
неклассифицировано,вымышленный,иное,Телевидение,1,Час Быка
неклассифицировано,вымышленный,иное,Странное,1,Час Быка
неклассифицировано,вымышленный,иное,Самые,1,Час Быка
неклассифицировано,вымышленный,иное,Вдали,1,Час Быка
неклассифицировано,вымышленный,иное,Тяжелые,1,Час Быка
неклассифицировано,вымышленный,иное,Земные,1,Час Быка
неклассифицировано,вымышленный,иное,Время,2,Час Быка
неклассифицировано,вымышленный,иное,Узнали,1,Час Быка
неклассифицировано,вымышленный,иное,Средоточие,1,Час Быка
неклассифицировано,вымышленный,иное,Мудрости,7,Час Быка
неклассифицировано,вымышленный,иное,Новые,1,Час Быка
неклассифицировано,вымышленный,иное,Темном,1,Час Быка
неклассифицировано,вымышленный,иное,Украсили,1,Час Быка
неклассифицировано,вымышленный,иное,Тексты,1,Час Быка
неклассифицировано,вымышленный,иное,Всеобщих,1,Час Быка
неклассифицировано,вымышленный,иное,Усовершенствований,1,Час Быка
неклассифицировано,вымышленный,иное,Консерваторы,1,Час Быка
неклассифицировано,вымышленный,иное,Сложное,1,Час Быка
неклассифицировано,вымышленный,иное,Вряд,2,Час Быка
неклассифицировано,вымышленный,иное,Сочетание,1,Час Быка
неклассифицировано,вымышленный,иное,Вернее,1,Час Быка
неклассифицировано,вымышленный,иное,Наш,2,Час Быка
неклассифицировано,вымышленный,иное,Эмоциональной,1,Час Быка
неклассифицировано,вымышленный,иное,Расходимся,1,Час Быка
неклассифицировано,вымышленный,иное,Невероятно,1,Час Быка
неклассифицировано,вымышленный,иное,Ошибка,1,Час Быка
неклассифицировано,вымышленный,иное,Резкое,1,Час Быка
неклассифицировано,вымышленный,иное,Возьмем,1,Час Быка
неклассифицировано,вымышленный,иное,Внутренние,1,Час Быка
неклассифицировано,вымышленный,иное,Стеклянная,1,Час Быка
неклассифицировано,вымышленный,иное,Уступ,1,Час Быка
неклассифицировано,вымышленный,иное,Легкий,2,Час Быка
неклассифицировано,вымышленный,иное,Некоторые,2,Час Быка
неклассифицировано,вымышленный,иное,Камера,2,Час Быка
неклассифицировано,вымышленный,иное,Продолжая,1,Час Быка
неклассифицировано,вымышленный,иное,Вызывающий,1,Час Быка
неклассифицировано,вымышленный,иное,Щелкнул,1,Час Быка
неклассифицировано,вымышленный,иное,Высшая,1,Час Быка
неклассифицировано,вымышленный,иное,Последний,1,Час Быка
неклассифицировано,вымышленный,иное,Белых,4,Час Быка
неклассифицировано,вымышленный,иное,Звезд,4,Час Быка
неклассифицировано,вымышленный,иное,Этих,1,Час Быка
неклассифицировано,вымышленный,иное,Храм,1,Час Быка
неклассифицировано,вымышленный,иное,Нежной,1,Час Быка
неклассифицировано,вымышленный,иное,Потому,1,Час Быка
неклассифицировано,вымышленный,иное,Раньше,1,Час Быка
неклассифицировано,вымышленный,иное,Долгая,1,Час Быка
неклассифицировано,вымышленный,иное,Умиравших,1,Час Быка
неклассифицировано,вымышленный,иное,Умирают,1,Час Быка
неклассифицировано,вымышленный,иное,Естественно,3,Час Быка
неклассифицировано,вымышленный,иное,Взвизгивающие,1,Час Быка
неклассифицировано,вымышленный,иное,Начинался,1,Час Быка
неклассифицировано,вымышленный,иное,Верхом,1,Час Быка
неклассифицировано,вымышленный,иное,Всадники,1,Час Быка
неклассифицировано,вымышленный,иное,Земляне,5,Час Быка
неклассифицировано,вымышленный,иное,Неясным,1,Час Быка
неклассифицировано,вымышленный,иное,Фильмов,1,Час Быка
неклассифицировано,вымышленный,иное,Яростные,1,Час Быка
неклассифицировано,вымышленный,иное,Повсюду,1,Час Быка
неклассифицировано,вымышленный,иное,Драчливость,1,Час Быка
неклассифицировано,вымышленный,иное,Такой,1,Час Быка
неклассифицировано,вымышленный,иное,Повторялась,1,Час Быка
неклассифицировано,вымышленный,иное,Пионеры,1,Час Быка
неклассифицировано,вымышленный,иное,Средоточия,6,Час Быка
неклассифицировано,вымышленный,иное,Природа,1,Час Быка
неклассифицировано,вымышленный,иное,Самыми,1,Час Быка
неклассифицировано,вымышленный,иное,Колоссальные,2,Час Быка
неклассифицировано,вымышленный,иное,Отсутствие,1,Час Быка
неклассифицировано,вымышленный,иное,Отраднее,1,Час Быка
неклассифицировано,вымышленный,иное,Подавляющее,1,Час Быка
неклассифицировано,вымышленный,иное,Труднее,1,Час Быка
неклассифицировано,вымышленный,иное,Эроса,1,Час Быка
неклассифицировано,вымышленный,иное,Женщины,1,Час Быка
неклассифицировано,вымышленный,иное,Одежда,1,Час Быка
неклассифицировано,вымышленный,иное,Красивые,1,Час Быка
неклассифицировано,вымышленный,иное,Мужчины,2,Час Быка
неклассифицировано,вымышленный,иное,Часть,1,Час Быка
неклассифицировано,вымышленный,иное,Бесцеремонная,1,Час Быка
неклассифицировано,вымышленный,иное,Стоило,1,Час Быка
неклассифицировано,вымышленный,иное,Толпа,1,Час Быка
неклассифицировано,вымышленный,иное,Повозки,1,Час Быка
неклассифицировано,вымышленный,иное,Тормансиане,5,Час Быка
неклассифицировано,вымышленный,иное,Тысячи,3,Час Быка
неклассифицировано,вымышленный,иное,Постепенно,3,Час Быка
неклассифицировано,вымышленный,иное,Ничтожное,1,Час Быка
неклассифицировано,вымышленный,иное,Советами,2,Час Быка
неклассифицировано,вымышленный,иное,Множество,1,Час Быка
неклассифицировано,вымышленный,иное,Людям,1,Час Быка
неклассифицировано,вымышленный,иное,Слабые,1,Час Быка
неклассифицировано,вымышленный,иное,Похожее,1,Час Быка
неклассифицировано,вымышленный,иное,Положение,2,Час Быка
неклассифицировано,вымышленный,иное,Выступать,1,Час Быка
неклассифицировано,вымышленный,иное,Чаще,3,Час Быка
неклассифицировано,вымышленный,иное,Странным,1,Час Быка
неклассифицировано,вымышленный,иное,Чагасом,1,Час Быка
неклассифицировано,вымышленный,иное,Тормансианские,2,Час Быка
неклассифицировано,вымышленный,иное,Гентло,1,Час Быка
неклассифицировано,вымышленный,иное,Кандо,1,Час Быка
неклассифицировано,вымышленный,иное,Лелуф,1,Час Быка
неклассифицировано,вымышленный,иное,Зетрино,3,Час Быка
неклассифицировано,вымышленный,иное,Умрог,3,Час Быка
неклассифицировано,вымышленный,иное,Имена,1,Час Быка
неклассифицировано,вымышленный,иное,Больше,4,Час Быка
неклассифицировано,вымышленный,иное,Ими,1,Час Быка
неклассифицировано,вымышленный,иное,Любой,1,Час Быка
неклассифицировано,вымышленный,иное,Дискуссии,1,Час Быка
неклассифицировано,вымышленный,иное,Ночной,1,Час Быка
неклассифицировано,вымышленный,иное,Грифа,2,Час Быка
неклассифицировано,вымышленный,иное,Переводная,1,Час Быка
неклассифицировано,вымышленный,иное,Сообщение,1,Час Быка
неклассифицировано,вымышленный,иное,Хвоста,1,Час Быка
неклассифицировано,вымышленный,иное,Орбита,1,Час Быка
неклассифицировано,вымышленный,иное,Размеры,1,Час Быка
неклассифицировано,вымышленный,иное,Век,3,Час Быка
неклассифицировано,вымышленный,иное,Мудрого,3,Час Быка
неклассифицировано,вымышленный,иное,Отказа,3,Час Быка
неклассифицировано,вымышленный,иное,Срочное,1,Час Быка
неклассифицировано,вымышленный,иное,Слушать,1,Час Быка
неклассифицировано,вымышленный,иное,Тормансианин,3,Час Быка
неклассифицировано,вымышленный,иное,Говорить,1,Час Быка
неклассифицировано,вымышленный,иное,Уга,4,Час Быка
неклассифицировано,вымышленный,иное,Наступил,1,Час Быка
неклассифицировано,вымышленный,иное,Сигнальные,1,Час Быка
неклассифицировано,вымышленный,иное,Оттененные,1,Час Быка
неклассифицировано,вымышленный,иное,Тщательно,1,Час Быка
неклассифицировано,вымышленный,иное,Приглушенное,1,Час Быка
неклассифицировано,вымышленный,иное,Гулкие,1,Час Быка
неклассифицировано,вымышленный,иное,Некоторое,1,Час Быка
неклассифицировано,вымышленный,иное,Нездоровая,1,Час Быка
неклассифицировано,вымышленный,иное,Народ,1,Час Быка
неклассифицировано,вымышленный,иное,Великий,1,Час Быка
неклассифицировано,вымышленный,иное,Управляемый,1,Час Быка
неклассифицировано,вымышленный,иное,Последуем,1,Час Быка
неклассифицировано,вымышленный,иное,Ино,1,Час Быка
неклассифицировано,вымышленный,иное,Кау,1,Час Быка
неклассифицировано,вымышленный,иное,Изображение,1,Час Быка
неклассифицировано,вымышленный,иное,Случай,1,Час Быка
неклассифицировано,вымышленный,иное,Экран,2,Час Быка
неклассифицировано,вымышленный,иное,Передачу,1,Час Быка
неклассифицировано,вымышленный,иное,Нагнувшись,1,Час Быка
неклассифицировано,вымышленный,иное,Вызывает,1,Час Быка
неклассифицировано,вымышленный,иное,Повторяем,1,Час Быка
неклассифицировано,вымышленный,иное,Просим,1,Час Быка
неклассифицировано,вымышленный,иное,Ждем,2,Час Быка
неклассифицировано,вымышленный,иное,Загорелся,1,Час Быка
неклассифицировано,вымышленный,иное,Хороши,1,Час Быка
неклассифицировано,вымышленный,иное,Того,1,Час Быка
неклассифицировано,вымышленный,иное,Боятся,1,Час Быка
неклассифицировано,вымышленный,иное,Попытаюсь,1,Час Быка
неклассифицировано,вымышленный,иное,Синий,3,Час Быка
неклассифицировано,вымышленный,иное,Везде,1,Час Быка
неклассифицировано,вымышленный,иное,Задавался,1,Час Быка
неклассифицировано,вымышленный,иное,Долой,1,Час Быка
неклассифицировано,вымышленный,иное,Диктор,1,Час Быка
неклассифицировано,вымышленный,иное,Стражей,3,Час Быка
неклассифицировано,вымышленный,иное,Неба,4,Час Быка
неклассифицировано,вымышленный,иное,Человек,4,Час Быка
неклассифицировано,вымышленный,иное,Внезапная,1,Час Быка
неклассифицировано,вымышленный,иное,Норином,1,Час Быка
неклассифицировано,вымышленный,иное,Тивисой,1,Час Быка
неклассифицировано,вымышленный,иное,Неей,1,Час Быка
неклассифицировано,вымышленный,иное,Нашли,1,Час Быка
неклассифицировано,вымышленный,иное,Ругань,1,Час Быка
неклассифицировано,вымышленный,иное,Страшный,1,Час Быка
неклассифицировано,вымышленный,иное,Гитлер,1,Час Быка
неклассифицировано,вымышленный,иное,Китая,1,Час Быка
неклассифицировано,вымышленный,иное,Мировая,1,Час Быка
неклассифицировано,вымышленный,иное,Сеть,1,Час Быка
неклассифицировано,вымышленный,иное,Подбором,1,Час Быка
неклассифицировано,вымышленный,иное,Группы,1,Час Быка
неклассифицировано,вымышленный,иное,Должна,1,Час Быка
неклассифицировано,вымышленный,иное,Правители,2,Час Быка
неклассифицировано,вымышленный,иное,Есть,1,Час Быка
неклассифицировано,вымышленный,иное,Помните,1,Час Быка
неклассифицировано,вымышленный,иное,Проплывали,1,Час Быка
неклассифицировано,вымышленный,иное,Совсем,1,Час Быка
неклассифицировано,вымышленный,иное,Подумать,1,Час Быка
неклассифицировано,вымышленный,иное,Кому,1,Час Быка
неклассифицировано,вымышленный,иное,Цоама,1,Час Быка
неклассифицировано,вымышленный,иное,Довольно,1,Час Быка
неклассифицировано,вымышленный,иное,Глаз,1,Час Быка
неклассифицировано,вымышленный,иное,Необычайное,1,Час Быка
неклассифицировано,вымышленный,иное,Тысячелетия,1,Час Быка
неклассифицировано,вымышленный,иное,Пришельцам,2,Час Быка
неклассифицировано,вымышленный,иное,Вступайте,1,Час Быка
неклассифицировано,вымышленный,иное,Техник,2,Час Быка
неклассифицировано,вымышленный,иное,Темный,1,Час Быка
неклассифицировано,вымышленный,иное,Приготовьтесь,1,Час Быка
неклассифицировано,вымышленный,иное,Выберите,1,Час Быка
неклассифицировано,вымышленный,иное,Переключаю,1,Час Быка
неклассифицировано,вымышленный,иное,Обитель,1,Час Быка
неклассифицировано,вымышленный,иное,Человечество,1,Час Быка
неклассифицировано,вымышленный,иное,Население,1,Час Быка
неклассифицировано,вымышленный,иное,Понятие,1,Час Быка
неклассифицировано,вымышленный,иное,Неспособную,1,Час Быка
неклассифицировано,вымышленный,иное,Законно,1,Час Быка
неклассифицировано,вымышленный,иное,Результаты,1,Час Быка
неклассифицировано,вымышленный,иное,Мелкие,1,Час Быка
неклассифицировано,вымышленный,иное,Советов,2,Час Быка
неклассифицировано,вымышленный,иное,Экономики,1,Час Быка
неклассифицировано,вымышленный,иное,Здоровья,1,Час Быка
неклассифицировано,вымышленный,иное,Чести,2,Час Быка
неклассифицировано,вымышленный,иное,Права,2,Час Быка
неклассифицировано,вымышленный,иное,Звездоплаванья,1,Час Быка
неклассифицировано,вымышленный,иное,Распоряжения,1,Час Быка
неклассифицировано,вымышленный,иное,Академиями,1,Час Быка
неклассифицировано,вымышленный,иное,Наша,1,Час Быка
неклассифицировано,вымышленный,иное,Возвращайтесь,1,Час Быка
неклассифицировано,вымышленный,иное,Побледнев,1,Час Быка
неклассифицировано,вымышленный,иное,Чагасу,1,Час Быка
неклассифицировано,вымышленный,иное,Смотря,1,Час Быка
неклассифицировано,вымышленный,иное,Спутники,1,Час Быка
неклассифицировано,вымышленный,иное,Короткие,1,Час Быка
неклассифицировано,вымышленный,иное,Четверо,1,Час Быка
неклассифицировано,вымышленный,иное,Недостойный,1,Час Быка
неклассифицировано,вымышленный,иное,Перевожу,1,Час Быка
неклассифицировано,вымышленный,иное,Уважаемые,1,Час Быка
неклассифицировано,вымышленный,иное,Ложь,1,Час Быка
неклассифицировано,вымышленный,иное,Члены,1,Час Быка
неклассифицировано,вымышленный,иное,Шло,1,Час Быка
неклассифицировано,вымышленный,иное,Неслыханно,1,Час Быка
неклассифицировано,вымышленный,иное,Следом,1,Час Быка
неклассифицировано,вымышленный,иное,Буду,1,Час Быка
неклассифицировано,вымышленный,иное,Стойте,1,Час Быка
неклассифицировано,вымышленный,иное,Жду,1,Час Быка
неклассифицировано,вымышленный,иное,Могущество,1,Час Быка
неклассифицировано,вымышленный,иное,Представление,1,Час Быка
неклассифицировано,вымышленный,иное,Недостойно,1,Час Быка
неклассифицировано,вымышленный,иное,Стыдно,1,Час Быка
неклассифицировано,вымышленный,иное,Никогда,1,Час Быка
неклассифицировано,вымышленный,иное,Взгляд,1,Час Быка
неклассифицировано,вымышленный,иное,Мнения,1,Час Быка
неклассифицировано,вымышленный,иное,Опять,1,Час Быка
неклассифицировано,вымышленный,иное,Преступны,1,Час Быка
неклассифицировано,вымышленный,иное,Фанатик,1,Час Быка
неклассифицировано,вымышленный,иное,Шаг,1,Час Быка
неклассифицировано,вымышленный,иное,Две,1,Час Быка
неклассифицировано,вымышленный,иное,Дарвин,1,Час Быка
неклассифицировано,вымышленный,иное,Вернадский,1,Час Быка
неклассифицировано,вымышленный,иное,Убедительно,1,Час Быка
неклассифицировано,вымышленный,иное,Бросим,1,Час Быка
неклассифицировано,вымышленный,иное,Нечего,1,Час Быка
неклассифицировано,вымышленный,иное,Зерно,1,Час Быка
неклассифицировано,вымышленный,иное,Засветились,1,Час Быка
неклассифицировано,вымышленный,иное,Обители,1,Час Быка
неклассифицировано,вымышленный,иное,Спешить,1,Час Быка
неклассифицировано,вымышленный,иное,Думаю,1,Час Быка
неклассифицировано,вымышленный,иное,Путешественники,1,Час Быка
неклассифицировано,вымышленный,иное,Стражи,1,Час Быка
неклассифицировано,вымышленный,иное,Отзвук,1,Час Быка
неклассифицировано,вымышленный,иное,Громада,1,Час Быка
неклассифицировано,вымышленный,иное,Скорость,1,Час Быка
неклассифицировано,вымышленный,иное,Оказывается,1,Час Быка
неклассифицировано,вымышленный,иное,Усилители,1,Час Быка
неклассифицировано,вымышленный,иное,Аналитические,1,Час Быка
неклассифицировано,вымышленный,иное,Иммунизацию,1,Час Быка
неклассифицировано,вымышленный,иное,Лика,1,Час Быка
неклассифицировано,вымышленный,иное,Менту,1,Час Быка
неклассифицировано,вымышленный,иное,Немного,2,Час Быка
неклассифицировано,вымышленный,иное,Необходимая,1,Час Быка
неклассифицировано,вымышленный,иное,Хочется,1,Час Быка
неклассифицировано,вымышленный,иное,Всегда,1,Час Быка
неклассифицировано,вымышленный,иное,Выходишь,1,Час Быка
неклассифицировано,вымышленный,иное,Буйное,1,Час Быка
неклассифицировано,вымышленный,иное,Анализ,1,Час Быка
неклассифицировано,вымышленный,иное,Первое,1,Час Быка
неклассифицировано,вымышленный,иное,Простите,2,Час Быка
неклассифицировано,вымышленный,иное,Простим,1,Час Быка
неклассифицировано,вымышленный,иное,Догадка,1,Час Быка
неклассифицировано,вымышленный,иное,Скафандр,1,Час Быка
неклассифицировано,вымышленный,иное,Смотреть,1,Час Быка
неклассифицировано,вымышленный,иное,Обладая,1,Час Быка
неклассифицировано,вымышленный,иное,Ослепительная,1,Час Быка
неклассифицировано,вымышленный,иное,Включенные,1,Час Быка
неклассифицировано,вымышленный,иное,Зазвенели,1,Час Быка
неклассифицировано,вымышленный,иное,Нападение,1,Час Быка
неклассифицировано,вымышленный,иное,Предвидя,1,Час Быка
неклассифицировано,вымышленный,иное,Аталом,1,Час Быка
неклассифицировано,вымышленный,иное,Никак,1,Час Быка
неклассифицировано,вымышленный,иное,Сделаем,1,Час Быка
неклассифицировано,вымышленный,иное,Убеждена,1,Час Быка
неклассифицировано,вымышленный,иное,Шлемов,1,Час Быка
неклассифицировано,вымышленный,иное,Нападения,1,Час Быка
неклассифицировано,вымышленный,иное,Биологические,1,Час Быка
неклассифицировано,вымышленный,иное,Личные,1,Час Быка
неклассифицировано,вымышленный,иное,Название,1,Час Быка
неклассифицировано,вымышленный,иное,Выбирая,1,Час Быка
неклассифицировано,вымышленный,иное,Черный,1,Час Быка
неклассифицировано,вымышленный,иное,Произведения,2,Час Быка
неклассифицировано,вымышленный,иное,Наследство,1,Час Быка
неклассифицировано,вымышленный,иное,Изобилие,1,Час Быка
неклассифицировано,вымышленный,иное,Синие,1,Час Быка
неклассифицировано,вымышленный,иное,Дальше,1,Час Быка
неклассифицировано,вымышленный,иное,Зеленых,1,Час Быка
неклассифицировано,вымышленный,иное,Норина,1,Час Быка
неклассифицировано,вымышленный,иное,Глаза,1,Час Быка
неклассифицировано,вымышленный,иное,Начнем,1,Час Быка
неклассифицировано,вымышленный,иное,Процесс,1,Час Быка
неклассифицировано,вымышленный,иное,Прошло,1,Час Быка
неклассифицировано,вымышленный,иное,Воздух,1,Час Быка
неклассифицировано,вымышленный,иное,Попробуем,1,Час Быка
неклассифицировано,вымышленный,иное,Шорты,1,Час Быка
неклассифицировано,вымышленный,иное,Эвизой,1,Час Быка
неклассифицировано,вымышленный,иное,Тончайшая,1,Час Быка
неклассифицировано,вымышленный,иное,Увеличенные,1,Час Быка
неклассифицировано,вымышленный,иное,Безлюдье,1,Час Быка
неклассифицировано,вымышленный,иное,Могли,1,Час Быка
неклассифицировано,вымышленный,иное,Подойдут,1,Час Быка
неклассифицировано,вымышленный,иное,Будут,1,Час Быка
неклассифицировано,вымышленный,иное,Представьте,1,Час Быка
неклассифицировано,вымышленный,иное,Умилостивить,1,Час Быка
неклассифицировано,вымышленный,иное,Главное,1,Час Быка
неклассифицировано,вымышленный,иное,Расскажите,1,Час Быка
неклассифицировано,вымышленный,иное,Инферно,1,Час Быка
неклассифицировано,вымышленный,иное,Данте,1,Час Быка
неклассифицировано,вымышленный,иное,Надпись,1,Час Быка
неклассифицировано,вымышленный,иное,Оставь,1,Час Быка
неклассифицировано,вымышленный,иное,Пресловутый,1,Час Быка
неклассифицировано,вымышленный,иное,Жестокий,1,Час Быка
неклассифицировано,вымышленный,иное,Происходило,1,Час Быка
неклассифицировано,вымышленный,иное,Проходя,1,Час Быка
неклассифицировано,вымышленный,иное,Ему,1,Час Быка
неклассифицировано,вымышленный,иное,Религиозные,1,Час Быка
неклассифицировано,вымышленный,иное,Сатаны,1,Час Быка
неклассифицировано,вымышленный,иное,Ученые,1,Час Быка
неклассифицировано,вымышленный,иное,Маркс,1,Час Быка
неклассифицировано,вымышленный,иное,Изучая,1,Час Быка
неклассифицировано,вымышленный,иное,Мани,1,Час Быка
неклассифицировано,вымышленный,иное,Рома,2,Час Быка
неклассифицировано,вымышленный,иное,Эре,1,Час Быка
неклассифицировано,вымышленный,иное,Мирового,1,Час Быка
неклассифицировано,вымышленный,иное,Воссоединения,1,Час Быка
неклассифицировано,вымышленный,иное,Знакомый,1,Час Быка
неклассифицировано,вымышленный,иное,Алдис,2,Час Быка
неклассифицировано,вымышленный,иное,Беру,1,Час Быка
неклассифицировано,вымышленный,иное,Эйнштейнов,1,Час Быка
неклассифицировано,вымышленный,иное,Видите,1,Час Быка
неклассифицировано,вымышленный,иное,Вначале,1,Час Быка
неклассифицировано,вымышленный,иное,Приспособление,1,Час Быка
неклассифицировано,вымышленный,иное,Загорались,1,Час Быка
неклассифицировано,вымышленный,иное,Многотысячные,1,Час Быка
неклассифицировано,вымышленный,иное,Черепахи,1,Час Быка
неклассифицировано,вымышленный,иное,Выше,1,Час Быка
неклассифицировано,вымышленный,иное,Инфернальность,1,Час Быка
неклассифицировано,вымышленный,иное,Простая,1,Час Быка
неклассифицировано,вымышленный,иное,Мотивация,1,Час Быка
неклассифицировано,вымышленный,иное,Шепнув,1,Час Быка
неклассифицировано,вымышленный,иное,Впечатление,1,Час Быка
неклассифицировано,вымышленный,иное,Зная,1,Час Быка
неклассифицировано,вымышленный,иное,Сопротивление,1,Час Быка
неклассифицировано,вымышленный,иное,Одиночество,1,Час Быка
неклассифицировано,вымышленный,иное,Унижение,1,Час Быка
неклассифицировано,вымышленный,иное,Гордое,1,Час Быка
неклассифицировано,вымышленный,иное,Советом,1,Час Быка
неклассифицировано,вымышленный,иное,Полная,1,Час Быка
неклассифицировано,вымышленный,иное,Глубоко,1,Час Быка
неклассифицировано,вымышленный,иное,Цоам,1,Час Быка
неклассифицировано,вымышленный,иное,Снижение,1,Час Быка
неклассифицировано,вымышленный,иное,Открыли,1,Час Быка
неклассифицировано,вымышленный,иное,Преобладающий,1,Час Быка
неклассифицировано,вымышленный,иное,Тибета,1,Час Быка
неклассифицировано,вымышленный,иное,Параллельные,1,Час Быка
неклассифицировано,вымышленный,иное,Местами,1,Час Быка
неклассифицировано,вымышленный,иное,Симметричные,1,Час Быка
неклассифицировано,вымышленный,иное,Облака,1,Час Быка
неклассифицировано,вымышленный,иное,Окутанный,1,Час Быка
неклассифицировано,вымышленный,иное,Горячий,1,Час Быка
неклассифицировано,вымышленный,иное,Бешено,1,Час Быка
неклассифицировано,вымышленный,иное,Застигнутые,1,Час Быка
неклассифицировано,вымышленный,иное,Пришлось,1,Час Быка
неклассифицировано,вымышленный,иное,Непосредственно,1,Час Быка
неклассифицировано,вымышленный,иное,Выпуклые,1,Час Быка
неклассифицировано,вымышленный,иное,Оттуда,1,Час Быка
неклассифицировано,вымышленный,иное,Нечеловечески,1,Час Быка
неклассифицировано,вымышленный,иное,Спиральное,1,Час Быка
неклассифицировано,вымышленный,иное,Ветер,1,Час Быка
неклассифицировано,вымышленный,иное,Выдвинулась,1,Час Быка
неклассифицировано,вымышленный,иное,Затаив,1,Час Быка
неклассифицировано,вымышленный,иное,Металлические,1,Час Быка
неклассифицировано,вымышленный,иное,Один,1,Час Быка
неклассифицировано,вымышленный,иное,Металл,1,Час Быка
неклассифицировано,вымышленный,иное,Жители,1,Час Быка
неклассифицировано,вымышленный,иное,Двое,1,Час Быка
неклассифицировано,вымышленный,иное,Родичи,1,Час Быка
неклассифицировано,вымышленный,иное,Украшенные,1,Час Быка
неклассифицировано,вымышленный,иное,Старший,1,Час Быка
неклассифицировано,вымышленный,иное,Склонив,1,Час Быка
неклассифицировано,вымышленный,иное,Говорит,1,Час Быка
неклассифицировано,вымышленный,иное,Поживите,1,Час Быка
неклассифицировано,вымышленный,иное,Оратор,1,Час Быка
неклассифицировано,вымышленный,иное,Дверь,1,Час Быка
неклассифицировано,вымышленный,иное,Робот,1,Час Быка
неклассифицировано,вымышленный,иное,Мгновенно,1,Час Быка
неклассифицировано,вымышленный,иное,Предостерегающий,1,Час Быка
неклассифицировано,вымышленный,иное,Лица,1,Час Быка
неклассифицировано,вымышленный,иное,Конец,1,Час Быка
неклассифицировано,вымышленный,иное,Текст,1,Час Быка
неклассифицировано,вымышленный,иное,Литрес,2,Час Быка
неклассифицировано,вымышленный,иное,Прочитайте,1,Час Быка
неклассифицировано,вымышленный,иное,Безопасно,1,Час Быка
неклассифицировано,вымышленный,иное,Связной,1,Час Быка
неклассифицировано,вымышленный,иное,Яндекс,1,Час Быка
неклассифицировано,вымышленный,иное,Деньги,1,Час Быка
неклассифицировано,вымышленный,иное,Кошелек,1,Час Быка
неклассифицировано,вымышленный,иное,Сноски,1,Час Быка
неклассифицировано,вымышленный,иное,Иван,1,Сердце Змеи
неклассифицировано,вымышленный,иное,Ефремов,1,Сердце Змеи
неклассифицировано,вымышленный,иное,Сердце,3,Сердце Змеи
неклассифицировано,вымышленный,иное,Змеи,5,Сердце Змеи
неклассифицировано,вымышленный,иное,Равнодушие,1,Сердце Змеи
неклассифицировано,вымышленный,иное,Энтропии,1,Сердце Змеи
неклассифицировано,вымышленный,иное,Слова,1,Сердце Змеи
неклассифицировано,вымышленный,иное,Жизнь,1,Сердце Змеи
неклассифицировано,вымышленный,иное,Громадный,2,Сердце Змеи
неклассифицировано,вымышленный,иное,Вихри,1,Сердце Змеи
неклассифицировано,вымышленный,иное,Несколько,1,Сердце Змеи
неклассифицировано,вымышленный,иное,Два,2,Сердце Змеи
неклассифицировано,вымышленный,иное,Третий,1,Сердце Змеи
неклассифицировано,вымышленный,иное,Вышли,1,Сердце Змеи
неклассифицировано,вымышленный,иное,Кари,25,Сердце Змеи
неклассифицировано,вымышленный,иное,Идеальное,1,Сердце Змеи
неклассифицировано,вымышленный,иное,Рам,14,Сердце Змеи
неклассифицировано,вымышленный,иное,Теллур,8,Сердце Змеи
неклассифицировано,вымышленный,иное,Мут,21,Сердце Змеи
неклассифицировано,вымышленный,иное,Анг,19,Сердце Змеи
неклассифицировано,вымышленный,иное,Двадцать,2,Сердце Змеи
неклассифицировано,вымышленный,иное,Новые,1,Сердце Змеи
неклассифицировано,вымышленный,иное,Можно,1,Сердце Змеи
неклассифицировано,вымышленный,иное,Тэй,13,Сердце Змеи
неклассифицировано,вымышленный,иное,Центральный,1,Сердце Змеи
неклассифицировано,вымышленный,иное,Выше,1,Сердце Змеи
неклассифицировано,вымышленный,иное,Впереди,1,Сердце Змеи
неклассифицировано,вымышленный,иное,Огромный,1,Сердце Змеи
неклассифицировано,вымышленный,иное,Колоссальное,1,Сердце Змеи
неклассифицировано,вымышленный,иное,Его,1,Сердце Змеи
неклассифицировано,вымышленный,иное,Еще,4,Сердце Змеи
неклассифицировано,вымышленный,иное,Больше,1,Сердце Змеи
неклассифицировано,вымышленный,иное,Гораздо,1,Сердце Змеи
неклассифицировано,вымышленный,иное,Эрон,8,Сердце Змеи
неклассифицировано,вымышленный,иное,Мне,4,Сердце Змеи
неклассифицировано,вымышленный,иное,Миг,1,Сердце Змеи
неклассифицировано,вымышленный,иное,Земле,7,Сердце Змеи
неклассифицировано,вымышленный,иное,Лучше,1,Сердце Змеи
неклассифицировано,вымышленный,иное,Многие,1,Сердце Змеи
неклассифицировано,вымышленный,иное,Теллуре,1,Сердце Змеи
неклассифицировано,вымышленный,иное,Кор,2,Сердце Змеи
неклассифицировано,вымышленный,иное,Серпентис,2,Сердце Змеи
неклассифицировано,вымышленный,иное,Унук,1,Сердце Змеи
неклассифицировано,вымышленный,иное,Хай,1,Сердце Змеи
неклассифицировано,вымышленный,иное,Потому,1,Сердце Змеи
неклассифицировано,вымышленный,иное,Скрыт,1,Сердце Змеи
неклассифицировано,вымышленный,иное,Видите,1,Сердце Змеи
неклассифицировано,вымышленный,иное,Раздвиньте,1,Сердце Змеи
неклассифицировано,вымышленный,иное,Млечный,1,Сердце Змеи
неклассифицировано,вымышленный,иное,Путь,1,Сердце Змеи
неклассифицировано,вымышленный,иное,Только,3,Сердце Змеи
неклассифицировано,вымышленный,иное,Эпсилон,1,Сердце Змеи
неклассифицировано,вымышленный,иное,Молодой,2,Сердце Змеи
неклассифицировано,вымышленный,иное,Туда,1,Сердце Змеи
неклассифицировано,вымышленный,иное,Солнце,2,Сердце Змеи
неклассифицировано,вымышленный,иное,Альфекка,1,Сердце Змеи
неклассифицировано,вымышленный,иное,Северной,1,Сердце Змеи
неклассифицировано,вымышленный,иное,Короне,1,Сердце Змеи
неклассифицировано,вымышленный,иное,Гемма,1,Сердце Змеи
неклассифицировано,вымышленный,иное,Будить,1,Сердце Змеи
неклассифицировано,вымышленный,иное,Зачем,2,Сердце Змеи
неклассифицировано,вымышленный,иное,Включайте,1,Сердце Змеи
неклассифицировано,вымышленный,иное,Пока,1,Сердце Змеи
неклассифицировано,вымышленный,иное,Дайте,1,Сердце Змеи
неклассифицировано,вымышленный,иное,Звездолет,2,Сердце Змеи
неклассифицировано,вымышленный,иное,Млечного,1,Сердце Змеи
неклассифицировано,вымышленный,иное,Пути,1,Сердце Змеи
неклассифицировано,вымышленный,иное,Надо,1,Сердце Змеи
неклассифицировано,вымышленный,иное,Звездолетчики,1,Сердце Змеи
неклассифицировано,вымышленный,иное,Астронавигатор,2,Сердце Змеи
неклассифицировано,вымышленный,иное,Огненное,1,Сердце Змеи
неклассифицировано,вымышленный,иное,Диск,1,Сердце Змеи
неклассифицировано,вымышленный,иное,Расчеты,1,Сердце Змеи
неклассифицировано,вымышленный,иное,Земли,12,Сердце Змеи
неклассифицировано,вымышленный,иное,Сюда,1,Сердце Змеи
неклассифицировано,вымышленный,иное,Галактики,4,Сердце Змеи
неклассифицировано,вымышленный,иное,Пульсационные,1,Сердце Змеи
неклассифицировано,вымышленный,иное,Люди,1,Сердце Змеи
неклассифицировано,вымышленный,иное,Геркулеса,1,Сердце Змеи
неклассифицировано,вымышленный,иное,Теллура,9,Сердце Змеи
неклассифицировано,вымышленный,иное,Подозревалось,1,Сердце Змеи
неклассифицировано,вымышленный,иное,Ученые,2,Сердце Змеи
неклассифицировано,вымышленный,иное,Солнца,4,Сердце Змеи
неклассифицировано,вымышленный,иное,Недалеко,1,Сердце Змеи
неклассифицировано,вымышленный,иное,Далеко,1,Сердце Змеи
топоним,реальный,Земля,Земля,1,Сердце Змеи
неклассифицировано,вымышленный,иное,Луны,1,Сердце Змеи
неклассифицировано,вымышленный,иное,Венеры,1,Сердце Змеи
неклассифицировано,вымышленный,иное,Марса,1,Сердце Змеи
неклассифицировано,вымышленный,иное,Едва,3,Сердце Змеи
неклассифицировано,вымышленный,иное,Юпитера,1,Сердце Змеи
неклассифицировано,вымышленный,иное,Земные,1,Сердце Змеи
неклассифицировано,вымышленный,иное,Альфу,1,Сердце Змеи
неклассифицировано,вымышленный,иное,Проксиму,1,Сердце Змеи
неклассифицировано,вымышленный,иное,Центавра,1,Сердце Змеи
неклассифицировано,вымышленный,иное,Барнарда,1,Сердце Змеи
неклассифицировано,вымышленный,иное,Сириус,2,Сердце Змеи
неклассифицировано,вымышленный,иное,Эту,1,Сердце Змеи
неклассифицировано,вымышленный,иное,Эридана,1,Сердце Змеи
неклассифицировано,вымышленный,иное,Тау,1,Сердце Змеи
неклассифицировано,вымышленный,иное,Кита,1,Сердце Змеи
неклассифицировано,вымышленный,иное,Землю,2,Сердце Змеи
неклассифицировано,вымышленный,иное,Человечество,1,Сердце Змеи
неклассифицировано,вымышленный,иное,Мирами,1,Сердце Змеи
неклассифицировано,вымышленный,иное,Законы,1,Сердце Змеи
неклассифицировано,вымышленный,иное,Галактике,1,Сердце Змеи
неклассифицировано,вымышленный,иное,Пульсационный,2,Сердце Змеи
неклассифицировано,вымышленный,иное,Задумавшись,1,Сердце Змеи
неклассифицировано,вымышленный,иное,Вдруг,1,Сердце Змеи
неклассифицировано,вымышленный,иное,Анга,2,Сердце Змеи
неклассифицировано,вымышленный,иное,Другая,1,Сердце Змеи
неклассифицировано,вымышленный,иное,Этому,1,Сердце Змеи
неклассифицировано,вымышленный,иное,Командир,5,Сердце Змеи
неклассифицировано,вымышленный,иное,Знал,1,Сердце Змеи
неклассифицировано,вымышленный,иное,Кажущаяся,1,Сердце Змеи
неклассифицировано,вымышленный,иное,Фомальгаут,1,Сердце Змеи
неклассифицировано,вымышленный,иное,Капеллу,1,Сердце Змеи
неклассифицировано,вымышленный,иное,Арктур,1,Сердце Змеи
неклассифицировано,вымышленный,иное,Фомальгаутская,1,Сердце Змеи
неклассифицировано,вымышленный,иное,Арктура,1,Сердце Змеи
неклассифицировано,вымышленный,иное,Капеллы,1,Сердце Змеи
неклассифицировано,вымышленный,иное,Арктуре,1,Сердце Змеи
неклассифицировано,вымышленный,иное,Тогда,4,Сердце Змеи
неклассифицировано,вымышленный,иное,Развитие,1,Сердце Змеи
неклассифицировано,вымышленный,иное,Иначе,1,Сердце Змеи
неклассифицировано,вымышленный,иное,Представьте,1,Сердце Змеи
неклассифицировано,вымышленный,иное,Вселенной,2,Сердце Змеи
неклассифицировано,вымышленный,иное,Каждое,1,Сердце Змеи
неклассифицировано,вымышленный,иное,Идите,1,Сердце Змеи
неклассифицировано,вымышленный,иное,Помощник,1,Сердце Змеи
неклассифицировано,вымышленный,иное,Хочется,1,Сердце Змеи
неклассифицировано,вымышленный,иное,Вогнутая,1,Сердце Змеи
неклассифицировано,вымышленный,иное,Стрелки,1,Сердце Змеи
неклассифицировано,вымышленный,иное,Увлеченный,1,Сердце Змеи
неклассифицировано,вымышленный,иное,Товарищи,1,Сердце Змеи
неклассифицировано,вымышленный,иное,Веселый,1,Сердце Змеи
неклассифицировано,вымышленный,иное,Удачно,1,Сердце Змеи
неклассифицировано,вымышленный,иное,Вторая,1,Сердце Змеи
неклассифицировано,вымышленный,иное,Нет,2,Сердце Змеи
неклассифицировано,вымышленный,иное,Отбросим,1,Сердце Змеи
неклассифицировано,вымышленный,иное,Готовьте,1,Сердце Змеи
неклассифицировано,вымышленный,иное,Снова,1,Сердце Змеи
неклассифицировано,вымышленный,иное,Автоматы,1,Сердце Змеи
неклассифицировано,вымышленный,иное,Пора,1,Сердце Змеи
неклассифицировано,вымышленный,иное,Трое,1,Сердце Змеи
неклассифицировано,вымышленный,иное,Глаза,1,Сердце Змеи
неклассифицировано,вымышленный,иное,Бесшумно,1,Сердце Змеи
неклассифицировано,вымышленный,иное,Теперь,2,Сердце Змеи
неклассифицировано,вымышленный,иное,Меркурия,1,Сердце Змеи
неклассифицировано,вымышленный,иное,Колоссальная,1,Сердце Змеи
неклассифицировано,вымышленный,иное,Подобные,1,Сердце Змеи
неклассифицировано,вымышленный,иное,Атмосфера,1,Сердце Змеи
неклассифицировано,вымышленный,иное,Обогащение,1,Сердце Змеи
неклассифицировано,вымышленный,иное,Экипаж,2,Сердце Змеи
неклассифицировано,вымышленный,иное,Движение,1,Сердце Змеи
неклассифицировано,вымышленный,иное,Зет,1,Сердце Змеи
неклассифицировано,вымышленный,иное,Пройдет,1,Сердце Змеи
неклассифицировано,вымышленный,иное,Мафусаилы,1,Сердце Змеи
неклассифицировано,вымышленный,иное,Таковой,1,Сердце Змеи
неклассифицировано,вымышленный,иное,Этим,1,Сердце Змеи
неклассифицировано,вымышленный,иное,Пробуждение,1,Сердце Змеи
неклассифицировано,вымышленный,иное,Астролетчики,1,Сердце Змеи
неклассифицировано,вымышленный,иное,Средиземного,1,Сердце Змеи
неклассифицировано,вымышленный,иное,Высокая,1,Сердце Змеи
неклассифицировано,вымышленный,иное,Тайна,7,Сердце Змеи
неклассифицировано,вымышленный,иное,Дан,2,Сердце Змеи
неклассифицировано,вымышленный,иное,Тайны,2,Сердце Змеи
неклассифицировано,вымышленный,иное,Слева,2,Сердце Змеи
неклассифицировано,вымышленный,иное,Афра,5,Сердце Змеи
неклассифицировано,вымышленный,иное,Деви,3,Сердце Змеи
неклассифицировано,вымышленный,иное,Афре,2,Сердце Змеи
неклассифицировано,вымышленный,иное,Раскачиваясь,1,Сердце Змеи
неклассифицировано,вымышленный,иное,Рука,1,Сердце Змеи
неклассифицировано,вымышленный,иное,Зеленые,1,Сердце Змеи
неклассифицировано,вымышленный,иное,Иногда,1,Сердце Змеи
неклассифицировано,вымышленный,иное,Хорошо,1,Сердце Змеи
неклассифицировано,вымышленный,иное,Указатели,1,Сердце Змеи
неклассифицировано,вымышленный,иное,Девушка,1,Сердце Змеи
неклассифицировано,вымышленный,иное,Тень,1,Сердце Змеи
неклассифицировано,вымышленный,иное,Незнакомое,1,Сердце Змеи
неклассифицировано,вымышленный,иное,Механик,1,Сердце Змеи
неклассифицировано,вымышленный,иное,Пойдемте,1,Сердце Змеи
неклассифицировано,вымышленный,иное,Библиотека,1,Сердце Змеи
неклассифицировано,вымышленный,иное,Оба,1,Сердце Змеи
неклассифицировано,вымышленный,иное,Рассеянный,1,Сердце Змеи
неклассифицировано,вымышленный,иное,Свет,5,Сердце Змеи
неклассифицировано,вымышленный,иное,Сима,1,Сердце Змеи
неклассифицировано,вымышленный,иное,Тина,1,Сердце Змеи
неклассифицировано,вымышленный,иное,Усилители,1,Сердце Змеи
неклассифицировано,вымышленный,иное,Гармонично,1,Сердце Змеи
неклассифицировано,вымышленный,иное,Противоречия,1,Сердце Змеи
неклассифицировано,вымышленный,иное,Удар,1,Сердце Змеи
неклассифицировано,вымышленный,иное,Неожиданно,1,Сердце Змеи
неклассифицировано,вымышленный,иное,Сим,4,Сердце Змеи
неклассифицировано,вымышленный,иное,Врач,1,Сердце Змеи
неклассифицировано,вымышленный,иное,Современная,1,Сердце Змеи
неклассифицировано,вымышленный,иное,Тридцать,1,Сердце Змеи
неклассифицировано,вымышленный,иное,Каждый,1,Сердце Змеи
неклассифицировано,вымышленный,иное,Легкий,1,Сердце Змеи
неклассифицировано,вымышленный,иное,Засветился,1,Сердце Змеи
неклассифицировано,вымышленный,иное,Легкая,1,Сердце Змеи
неклассифицировано,вымышленный,иное,Здесь,1,Сердце Змеи
неклассифицировано,вымышленный,иное,Членистый,1,Сердце Змеи
неклассифицировано,вымышленный,иное,Гной,1,Сердце Змеи
неклассифицировано,вымышленный,иное,Последовало,1,Сердце Змеи
неклассифицировано,вымышленный,иное,Больной,1,Сердце Змеи
неклассифицировано,вымышленный,иное,Операция,1,Сердце Змеи
неклассифицировано,вымышленный,иное,Ничего,1,Сердце Змеи
неклассифицировано,вымышленный,иное,Командиру,1,Сердце Змеи
неклассифицировано,вымышленный,иное,Четвертое,1,Сердце Змеи
неклассифицировано,вымышленный,иное,Семьсот,1,Сердце Змеи
неклассифицировано,вымышленный,иное,Трудно,1,Сердце Змеи
неклассифицировано,вымышленный,иное,Арктики,1,Сердце Змеи
неклассифицировано,вымышленный,иное,Антарктики,1,Сердце Змеи
неклассифицировано,вымышленный,иное,Миллионы,1,Сердце Змеи
неклассифицировано,вымышленный,иное,Конец,1,Сердце Змеи
неклассифицировано,вымышленный,иное,Текст,1,Сердце Змеи
неклассифицировано,вымышленный,иное,Литрес,2,Сердце Змеи
неклассифицировано,вымышленный,иное,Прочитайте,1,Сердце Змеи
неклассифицировано,вымышленный,иное,Безопасно,1,Сердце Змеи
неклассифицировано,вымышленный,иное,Связной,1,Сердце Змеи
неклассифицировано,вымышленный,иное,Яндекс,1,Сердце Змеи
неклассифицировано,вымышленный,иное,Деньги,1,Сердце Змеи
неклассифицировано,вымышленный,иное,Кошелек,1,Сердце Змеи
неклассифицировано,вымышленный,иное,Вам,1,Сердце Змеи
