novel,onym,origin,internal_form,traits,semantic_links,myth_ref
Туманность Андромеды,Академию Стохастики,не определено,,,"{'мифология': 0.55, 'знание': 0.529}",False
Туманность Андромеды,Эрга Ноора,не определено,,мифологизация,"{'мифология': 0.717, 'знание': 0.564}",True
Туманность Андромеды,Комната,не определено,,,"{'мифология': 0.427, 'знание': 0.401}",False
Туманность Андромеды,Петра,не определено,,,"{'мифология': 0.5, 'знание': 0.423}",False
Туманность Андромеды,Мозг,не определено,,,"{'знание': 0.413, 'мифология': 0.405}",False
Туманность Андромеды,Афродита,не определено,,мифологизация,"{'мифология': 0.582, 'экология': 0.467}",True
Туманность Андромеды,Биолог,не определено,,,"{'экология': 0.51, 'знание': 0.438}",False
Туманность Андромеды,Шорох,не определено,,мифологизация,"{'мифология': 0.728, 'экология': 0.611}",True
Туманность Андромеды,Форма,не определено,,,"{'мифология': 0.51, 'знание': 0.464}",False
Туманность Андромеды,Дуэт,не определено,,мифологизация,"{'мифология': 0.761, 'знание': 0.666}",True
Туманность Андромеды,Воля,не определено,,мифологизация,"{'мифология': 0.765, 'знание': 0.618}",True
Туманность Андромеды,Контроля Чести,не определено,,,"{'тирания': 0.522, 'сила': 0.502}",False
Туманность Андромеды,Краны,не определено,,мифологизация,"{'мифология': 0.732, 'сила': 0.633}",True
Туманность Андромеды,"Совет
Экономики",не определено,,,{'сила': 0.439},False
Туманность Андромеды,Галактикой,не определено,,,{},False
Туманность Андромеды,Школа,не определено,,,"{'знание': 0.503, 'мифология': 0.477}",False
Туманность Андромеды,Тор Ан,не определено,,мифологизация,"{'мифология': 0.668, 'сила': 0.543}",True
Туманность Андромеды,Постройки,не определено,,,"{'сила': 0.476, 'мифология': 0.446}",False
Туманность Андромеды,Учительница,не определено,,,{'знание': 0.462},False
Туманность Андромеды,Наблюдательность,не определено,,мифологизация,"{'знание': 0.583, 'мифология': 0.567}",True
Туманность Андромеды,Опыт,не определено,,мифологизация,"{'знание': 0.679, 'мифология': 0.566}",True
Туманность Андромеды,Африканцу,не определено,,,"{'мифология': 0.512, 'экология': 0.417}",False
Туманность Андромеды,Планетолет,не определено,,мифологизация,"{'мифология': 0.552, 'экология': 0.474}",True
Туманность Андромеды,Свисток,не определено,,мифологизация,"{'мифология': 0.778, 'знание': 0.623}",True
Туманность Андромеды,Горе,не определено,,мифологизация,"{'сила': 0.557, 'мифология': 0.551}",True
Туманность Андромеды,Ловко,не определено,,мифологизация,"{'мифология': 0.727, 'знание': 0.595}",True
Туманность Андромеды,"Веду
Конг",не определено,,мифологизация,"{'мифология': 0.596, 'знание': 0.46}",True
Туманность Андромеды,Врач Лума,не определено,,,"{'мифология': 0.428, 'знание': 0.401}",False
Туманность Андромеды,Андромеды,не определено,,,{},False
Туманность Андромеды,Космос,не определено,,,"{'мифология': 0.52, 'экология': 0.48}",False
Туманность Андромеды,Симфония,не определено,,,{},False
Туманность Андромеды,Академии Пределов,не определено,,,"{'знание': 0.489, 'мифология': 0.486}",False
Туманность Андромеды,Даже Эрг,не определено,,мифологизация,"{'мифология': 0.6, 'сила': 0.503}",True
Туманность Андромеды,Разрыв,не определено,,,"{'мифология': 0.54, 'знание': 0.46}",False
Туманность Андромеды,Рисунки,не определено,,,"{'мифология': 0.498, 'сила': 0.406}",False
Туманность Андромеды,Вооружение,не определено,,,"{'сила': 0.565, 'мифология': 0.467}",False
Туманность Андромеды,Эвду Наль,не определено,,мифологизация,"{'мифология': 0.58, 'знание': 0.428}",True
Туманность Андромеды,Море,не определено,,,"{'мифология': 0.496, 'экология': 0.422}",False
Туманность Андромеды,Физик Рен,не определено,,мифологизация,"{'мифология': 0.592, 'знание': 0.574}",True
Туманность Андромеды,Волла Хода,не определено,,мифологизация,"{'мифология': 0.643, 'знание': 0.495}",True
Туманность Андромеды,Юния Анта,не определено,,мифологизация,"{'мифология': 0.618, 'экология': 0.502}",True
Туманность Андромеды,Аудитория,не определено,,,"{'мифология': 0.461, 'сила': 0.416}",False
Туманность Андромеды,Действие,не определено,,мифологизация,"{'мифология': 0.691, 'сила': 0.664}",True
Туманность Андромеды,Запах,не определено,,мифологизация,"{'мифология': 0.739, 'знание': 0.583}",True
Туманность Андромеды,Грим,не определено,,мифологизация,"{'мифология': 0.666, 'экология': 0.601}",True
Туманность Андромеды,Союза Стран,не определено,,,"{'сила': 0.438, 'мифология': 0.433}",False
Туманность Андромеды,Ощущение,не определено,,мифологизация,"{'мифология': 0.599, 'знание': 0.587}",True
Туманность Андромеды,М-33,не определено,,,{},False
Туманность Андромеды,Эру Разобщенного,не определено,,мифологизация,"{'мифология': 0.689, 'знание': 0.58}",True
Туманность Андромеды,Малой Медведице,не определено,,,{},False
Туманность Андромеды,Праздник Пламенных,не определено,,,{'мифология': 0.451},False
Туманность Андромеды,Юнием Антом,не определено,,,"{'мифология': 0.545, 'знание': 0.427}",False
Туманность Андромеды,Эону,не определено,,мифологизация,"{'мифология': 0.681, 'знание': 0.554}",True
Туманность Андромеды,Экватор,не определено,,,{},False
Туманность Андромеды,Наконец Эрг,не определено,,мифологизация,"{'мифология': 0.578, 'сила': 0.462}",True
Туманность Андромеды,Ведь Фрит,не определено,,мифологизация,"{'мифология': 0.704, 'знание': 0.623}",True
Туманность Андромеды,Видов,не определено,,мифологизация,"{'мифология': 0.767, 'экология': 0.648}",True
Туманность Андромеды,Плоты,не определено,,мифологизация,"{'мифология': 0.746, 'знание': 0.619}",True
Туманность Андромеды,Посейдона,не определено,,мифологизация,"{'мифология': 0.673, 'знание': 0.522}",True
Туманность Андромеды,Мозгу,не определено,,,"{'мифология': 0.459, 'знание': 0.451}",False
Туманность Андромеды,М-31,не определено,,,{},False
Туманность Андромеды,Оффа,не определено,,мифологизация,"{'мифология': 0.671, 'знание': 0.541}",True
Туманность Андромеды,Эона Тала,не определено,,мифологизация,"{'мифология': 0.568, 'знание': 0.437}",True
Туманность Андромеды,Совета Звездоплавания,не определено,,,"{'мифология': 0.464, 'сила': 0.405}",False
Туманность Андромеды,Станция,не определено,,,{},False
Туманность Андромеды,Кровь,не определено,,,{},False
Туманность Андромеды,Успею,не определено,,мифологизация,"{'сила': 0.61, 'знание': 0.602}",True
Туманность Андромеды,"Ефремов

Глава",не определено,,,{'мифология': 0.452},False
Туманность Андромеды,Курс,не определено,,мифологизация,"{'знание': 0.604, 'мифология': 0.559}",True
Туманность Андромеды,Сахары,не определено,,,{},False
Туманность Андромеды,Искусства,не определено,,,"{'мифология': 0.549, 'знание': 0.516}",False
Туманность Андромеды,Летчик,не определено,,,"{'мифология': 0.53, 'сила': 0.468}",False
Туманность Андромеды,Вот Дар,не определено,,мифологизация,"{'мифология': 0.64, 'знание': 0.523}",True
Туманность Андромеды,Страх,не определено,,,"{'тирания': 0.441, 'мифология': 0.403}",False
Туманность Андромеды,Необходимость,не определено,,,"{'знание': 0.573, 'мифология': 0.512}",False
Туманность Андромеды,Псами,не определено,,мифологизация,"{'мифология': 0.685, 'знание': 0.573}",True
Туманность Андромеды,Академии Направленных,не определено,,,"{'знание': 0.44, 'сила': 0.407}",False
Туманность Андромеды,Веги,не определено,,мифологизация,"{'мифология': 0.77, 'знание': 0.649}",True
Туманность Андромеды,Звездолет,не определено,,мифологизация,"{'мифология': 0.583, 'экология': 0.433}",True
Туманность Андромеды,Веду,не определено,,мифологизация,"{'мифология': 0.649, 'экология': 0.562}",True
Туманность Андромеды,Средней Сибири,не определено,,,{},False
Туманность Андромеды,Тзвезды,не определено,,мифологизация,"{'мифология': 0.6, 'сила': 0.463}",True
Туманность Андромеды,Пределом,не определено,,мифологизация,"{'мифология': 0.73, 'сила': 0.648}",True
Туманность Андромеды,Эрга,не определено,,мифологизация,"{'мифология': 0.666, 'знание': 0.518}",True
Туманность Андромеды,Пространство,не определено,,,"{'мифология': 0.546, 'экология': 0.492}",False
Туманность Андромеды,Вращение,не определено,,мифологизация,"{'мифология': 0.628, 'сила': 0.591}",True
Туманность Андромеды,Конструкция,не определено,,,"{'мифология': 0.521, 'сила': 0.514}",False
Туманность Андромеды,"Тайной
Двойного",не определено,,,"{'мифология': 0.532, 'знание': 0.52}",False
Туманность Андромеды,Mac,не определено,,,{},False
Туманность Андромеды,Космоса,не определено,,мифологизация,"{'мифология': 0.623, 'экология': 0.539}",True
Туманность Андромеды,Пищи,не определено,,мифологизация,"{'мифология': 0.711, 'знание': 0.601}",True
Туманность Андромеды,Эвде,не определено,,мифологизация,"{'мифология': 0.654, 'знание': 0.555}",True
Туманность Андромеды,Множество,не определено,,мифологизация,"{'мифология': 0.641, 'знание': 0.566}",True
Туманность Андромеды,Альфа,не определено,,мифологизация,"{'мифология': 0.602, 'сила': 0.529}",True
Туманность Андромеды,Зрелище,не определено,,мифологизация,"{'мифология': 0.773, 'знание': 0.634}",True
Туманность Андромеды,Высота,не определено,,мифологизация,"{'мифология': 0.709, 'сила': 0.619}",True
Туманность Андромеды,Глиссер,не определено,,мифологизация,"{'мифология': 0.723, 'знание': 0.591}",True
Туманность Андромеды,Сибири,не определено,,,{'мифология': 0.416},False
Туманность Андромеды,Зала Гостей,не определено,,мифологизация,"{'мифология': 0.608, 'знание': 0.517}",True
Туманность Андромеды,Дома,не определено,,,"{'мифология': 0.436, 'сила': 0.432}",False
Туманность Андромеды,Лайта,не определено,,мифологизация,"{'мифология': 0.654, 'знание': 0.512}",True
Туманность Андромеды,Замедление,не определено,,,{},False
Туманность Андромеды,Сердце Змеи,не определено,,,{},False
Туманность Андромеды,Число,не определено,,мифологизация,"{'мифология': 0.561, 'сила': 0.507}",True
Туманность Андромеды,Изумленный Мвен,не определено,,мифологизация,"{'мифология': 0.675, 'сила': 0.556}",True
Туманность Андромеды,Энергию,не определено,,,"{'сила': 0.652, 'экология': 0.42}",False
Туманность Андромеды,Восточной Африке,не определено,,,{},False
Туманность Андромеды,Сахара,не определено,,,{},False
Туманность Андромеды,Люде,не определено,,мифологизация,"{'мифология': 0.63, 'знание': 0.576}",True
Туманность Андромеды,Большой Медведице,не определено,,,{'экология': 0.41},False
Туманность Андромеды,Дворце,не определено,,,"{'мифология': 0.476, 'сила': 0.454}",False
Туманность Андромеды,Песок,не определено,,,{'мифология': 0.491},False
Туманность Андромеды,Люде Фир,не определено,,мифологизация,"{'мифология': 0.658, 'сила': 0.596}",True
Туманность Андромеды,Веда,слав./индоевр.,ведать = знать,"мифологизация, история, знание, дипломатия","{'мифология': 0.722, 'сила': 0.591}",True
Туманность Андромеды,Змееносца,не определено,,,"{'мифология': 0.536, 'экология': 0.481}",False
Туманность Андромеды,Долг Земли,не определено,,,{'экология': 0.458},False
Туманность Андромеды,Аф Нут,не определено,,мифологизация,"{'мифология': 0.703, 'знание': 0.578}",True
Туманность Андромеды,Людой,не определено,,мифологизация,"{'мифология': 0.64, 'знание': 0.583}",True
Туманность Андромеды,Ассирии,не определено,,,{'мифология': 0.539},False
Туманность Андромеды,Страдания,не определено,,,"{'мифология': 0.549, 'знание': 0.513}",False
Туманность Андромеды,Миико,не определено,,мифологизация,"{'мифология': 0.564, 'знание': 0.424}",True
Туманность Андромеды,Боза,не определено,,мифологизация,"{'мифология': 0.666, 'знание': 0.524}",True
Туманность Андромеды,Степь,не определено,,мифологизация,"{'мифология': 0.741, 'экология': 0.617}",True
Туманность Андромеды,Мечты,не определено,,,{'мифология': 0.504},False
Туманность Андромеды,Пепел,не определено,,,{'мифология': 0.425},False
Туманность Андромеды,Чудовище,не определено,,мифологизация,"{'мифология': 0.678, 'экология': 0.565}",True
Туманность Андромеды,Поэтов,не определено,,,"{'мифология': 0.523, 'знание': 0.458}",False
Туманность Андромеды,Большому Миру,не определено,,,"{'мифология': 0.504, 'экология': 0.481}",False
Туманность Андромеды,Спиролет,не определено,,мифологизация,"{'мифология': 0.594, 'экология': 0.486}",True
Туманность Андромеды,Воображение,не определено,,мифологизация,"{'мифология': 0.632, 'знание': 0.567}",True
Туманность Андромеды,Цефею,не определено,,мифологизация,"{'мифология': 0.661, 'знание': 0.538}",True
Туманность Андромеды,Низу,не определено,,мифологизация,"{'мифология': 0.672, 'знание': 0.516}",True
Туманность Андромеды,Низы,не определено,,мифологизация,"{'мифология': 0.713, 'знание': 0.549}",True
Туманность Андромеды,Подъемник,не определено,,мифологизация,"{'мифология': 0.731, 'сила': 0.608}",True
Туманность Андромеды,Сердце,не определено,,,{},False
Туманность Андромеды,"Солнц
Из",не определено,,мифологизация,"{'мифология': 0.646, 'сила': 0.495}",True
Туманность Андромеды,Советов,не определено,,,"{'знание': 0.551, 'мифология': 0.473}",False
Туманность Андромеды,Экран,не определено,,мифологизация,"{'мифология': 0.673, 'знание': 0.541}",True
Туманность Андромеды,Кении,не определено,,,{},False
Туманность Андромеды,Художник Карт,не определено,,мифологизация,"{'мифология': 0.607, 'знание': 0.499}",True
Туманность Андромеды,Ветров,не определено,,,"{'сила': 0.437, 'экология': 0.404}",False
Туманность Андромеды,Солнца,не определено,,,{},False
Туманность Андромеды,Потолка,не определено,,мифологизация,"{'мифология': 0.66, 'сила': 0.581}",True
Туманность Андромеды,"Эргу
Ноору",не определено,,мифологизация,"{'мифология': 0.684, 'знание': 0.521}",True
Туманность Андромеды,Столб,не определено,,мифологизация,"{'мифология': 0.673, 'знание': 0.563}",True
Туманность Андромеды,Цепи,не определено,,мифологизация,"{'мифология': 0.723, 'знание': 0.606}",True
Туманность Андромеды,Голец Подлунный,не определено,,мифологизация,"{'мифология': 0.606, 'экология': 0.504}",True
Туманность Андромеды,Губы,не определено,,мифологизация,"{'мифология': 0.761, 'знание': 0.612}",True
Туманность Андромеды,Пальцы,не определено,,,{'мифология': 0.407},False
Туманность Андромеды,Медведицы,не определено,,,{},False
Туманность Андромеды,Подчинение,не определено,,мифологизация,"{'знание': 0.693, 'мифология': 0.678}",True
Туманность Андромеды,Верна,не определено,,мифологизация,"{'мифология': 0.619, 'знание': 0.504}",True
Туманность Андромеды,Рев,не определено,,мифологизация,"{'мифология': 0.662, 'знание': 0.563}",True
Туманность Андромеды,Антарктики,не определено,,,{},False
Туманность Андромеды,Бозом,не определено,,мифологизация,"{'мифология': 0.622, 'знание': 0.504}",True
Туманность Андромеды,Земли,не определено,,мифологизация,"{'мифология': 0.663, 'экология': 0.653}",True
Туманность Андромеды,"Водяной
Змеей",не определено,,,{},False
Туманность Андромеды,Млечном Пути,не определено,,,"{'мифология': 0.546, 'экология': 0.506}",False
Туманность Андромеды,Кай,не определено,,мифологизация,"{'мифология': 0.67, 'знание': 0.552}",True
Туманность Андромеды,Комнату,не определено,,,"{'мифология': 0.51, 'знание': 0.454}",False
Туманность Андромеды,Альфы,не определено,,мифологизация,"{'мифология': 0.66, 'экология': 0.537}",True
Туманность Андромеды,Веде,не определено,,мифологизация,"{'мифология': 0.753, 'сила': 0.639}",True
Туманность Андромеды,Винт,не определено,,мифологизация,"{'мифология': 0.753, 'знание': 0.648}",True
Туманность Андромеды,Паруса,не определено,,мифологизация,"{'мифология': 0.716, 'знание': 0.571}",True
Туманность Андромеды,Оль,не определено,,мифологизация,"{'мифология': 0.714, 'знание': 0.604}",True
Туманность Андромеды,Поясню,не определено,,мифологизация,"{'мифология': 0.729, 'знание': 0.667}",True
Туманность Андромеды,Ура,не определено,,мифологизация,"{'мифология': 0.709, 'знание': 0.564}",True
Туманность Андромеды,Водолее,не определено,,мифологизация,"{'мифология': 0.691, 'сила': 0.627}",True
Туманность Андромеды,Вибрация,не определено,,,"{'мифология': 0.523, 'сила': 0.508}",False
Туманность Андромеды,Обольстительной Аннабель,не определено,,мифологизация,"{'мифология': 0.735, 'сила': 0.584}",True
Туманность Андромеды,Хебом,не определено,,,"{'мифология': 0.541, 'знание': 0.425}",False
Туманность Андромеды,Зан Сена,не определено,,мифологизация,"{'мифология': 0.617, 'знание': 0.481}",True
Туманность Андромеды,Череп,не определено,,мифологизация,"{'мифология': 0.744, 'сила': 0.63}",True
Туманность Андромеды,"Мвен
Мас",не определено,,мифологизация,"{'мифология': 0.646, 'сила': 0.569}",True
Туманность Андромеды,Кэй Бэр,не определено,,мифологизация,"{'мифология': 0.674, 'знание': 0.571}",True
Туманность Андромеды,Мне Рен,не определено,,мифологизация,"{'мифология': 0.654, 'знание': 0.504}",True
Туманность Андромеды,Тема,не определено,,мифологизация,"{'мифология': 0.686, 'знание': 0.627}",True
Туманность Андромеды,Тон,не определено,,мифологизация,"{'мифология': 0.687, 'знание': 0.588}",True
Туманность Андромеды,Южной Африке,не определено,,,{'мифология': 0.424},False
Туманность Андромеды,Токов,не определено,,мифологизация,"{'мифология': 0.735, 'знание': 0.623}",True
Туманность Андромеды,Осмотр,не определено,,мифологизация,"{'мифология': 0.734, 'знание': 0.642}",True
Туманность Андромеды,Галь,не определено,,мифологизация,"{'мифология': 0.698, 'знание': 0.567}",True
Туманность Андромеды,Академией,не определено,,,"{'знание': 0.489, 'мифология': 0.451}",False
Туманность Андромеды,Эону Талу,не определено,,мифологизация,"{'мифология': 0.645, 'знание': 0.512}",True
Туманность Андромеды,Зал,не определено,,мифологизация,"{'мифология': 0.574, 'сила': 0.489}",True
Туманность Андромеды,Осенние,не определено,,мифологизация,"{'мифология': 0.634, 'экология': 0.58}",True
Туманность Андромеды,Попытка,не определено,,,"{'знание': 0.544, 'сила': 0.517}",False
Туманность Андромеды,Только Веда,не определено,,,"{'мифология': 0.51, 'сила': 0.418}",False
Туманность Андромеды,Вопль,не определено,,мифологизация,"{'мифология': 0.751, 'сила': 0.623}",True
Туманность Андромеды,Дороге,не определено,,,"{'мифология': 0.453, 'сила': 0.417}",False
Туманность Андромеды,Дорога Ветров,не определено,,,"{'сила': 0.527, 'мифология': 0.524}",False
Туманность Андромеды,Переход,не определено,,,"{'мифология': 0.549, 'сила': 0.507}",False
Туманность Андромеды,Гончих Псов,не определено,,мифологизация,"{'мифология': 0.625, 'сила': 0.558}",True
Туманность Андромеды,Конь,не определено,,,{},False
Туманность Андромеды,Будущего,не определено,,,{'мифология': 0.439},False
Туманность Андромеды,Академию,не определено,,,"{'знание': 0.521, 'мифология': 0.479}",False
Туманность Андромеды,Края,не определено,,мифологизация,"{'мифология': 0.724, 'знание': 0.592}",True
Туманность Андромеды,Вегу,не определено,,мифологизация,"{'мифология': 0.757, 'знание': 0.635}",True
Туманность Андромеды,Хода,не определено,,мифологизация,"{'мифология': 0.719, 'знание': 0.587}",True
Туманность Андромеды,Картина,не определено,,мифологизация,"{'мифология': 0.683, 'знание': 0.572}",True
Туманность Андромеды,Светильники,не определено,,,{'мифология': 0.427},False
Туманность Андромеды,Дежурный,не определено,,мифологизация,"{'мифология': 0.73, 'знание': 0.643}",True
Туманность Андромеды,Усталость,не определено,,,{},False
Туманность Андромеды,Монголии,не определено,,,{'мифология': 0.419},False
Туманность Андромеды,Ноора,не определено,,мифологизация,"{'мифология': 0.736, 'знание': 0.586}",True
Туманность Андромеды,Язычки,не определено,,мифологизация,"{'мифология': 0.69, 'экология': 0.584}",True
Туманность Андромеды,Кольца,не определено,,,"{'мифология': 0.507, 'знание': 0.424}",False
Туманность Андромеды,Hoop,не определено,,,"{'мифология': 0.457, 'сила': 0.431}",False
Туманность Андромеды,Путями,не определено,,мифологизация,"{'мифология': 0.602, 'знание': 0.567}",True
Туманность Андромеды,Венеры,не определено,,,{'мифология': 0.434},False
Туманность Андромеды,Плутона,не определено,,,{'мифология': 0.44},False
Туманность Андромеды,Наль,не определено,,мифологизация,"{'мифология': 0.628, 'знание': 0.485}",True
Туманность Андромеды,"Мозг
Низшей",не определено,,,{},False
Туманность Андромеды,Десятки,не определено,,мифологизация,"{'мифология': 0.608, 'экология': 0.547}",True
Туманность Андромеды,Орму,не определено,,мифологизация,"{'мифология': 0.629, 'знание': 0.503}",True
Туманность Андромеды,Скелеты,не определено,,мифологизация,"{'мифология': 0.693, 'экология': 0.55}",True
Туманность Андромеды,Астролетчик,не определено,,,{'мифология': 0.504},False
Туманность Андромеды,Эон Тал,не определено,,мифологизация,"{'мифология': 0.618, 'сила': 0.506}",True
Туманность Андромеды,История,не определено,,мифологизация,"{'мифология': 0.661, 'знание': 0.585}",True
Туманность Андромеды,Забота,не определено,,мифологизация,"{'мифология': 0.743, 'знание': 0.665}",True
Туманность Андромеды,"Академия
Горя",не определено,,,"{'мифология': 0.468, 'знание': 0.439}",False
Туманность Андромеды,Нанди,не определено,,мифологизация,"{'мифология': 0.622, 'знание': 0.462}",True
Туманность Андромеды,Борьба,не определено,,,"{'сила': 0.495, 'мифология': 0.46}",False
Туманность Андромеды,Эвды,не определено,,мифологизация,"{'мифология': 0.77, 'знание': 0.633}",True
Туманность Андромеды,Эргу Ноору,не определено,,мифологизация,"{'мифология': 0.684, 'знание': 0.521}",True
Туманность Андромеды,Города,не определено,,,"{'сила': 0.418, 'мифология': 0.413}",False
Туманность Андромеды,Опыт Рен,не определено,,мифологизация,"{'знание': 0.571, 'мифология': 0.561}",True
Туманность Андромеды,Зоре,не определено,,мифологизация,"{'мифология': 0.747, 'знание': 0.598}",True
Туманность Андромеды,Туманности Андромеды,не определено,,,{'мифология': 0.415},False
Туманность Андромеды,Чары Нанди,не определено,,мифологизация,"{'мифология': 0.626, 'экология': 0.434}",True
Туманность Андромеды,Институт,не определено,,мифологизация,"{'мифология': 0.623, 'знание': 0.598}",True
Туманность Андромеды,Рену,не определено,,мифологизация,"{'мифология': 0.662, 'знание': 0.526}",True
Туманность Андромеды,Гиром,не определено,,мифологизация,"{'мифология': 0.752, 'сила': 0.618}",True
Туманность Андромеды,Тинтажеля,не определено,,мифологизация,"{'мифология': 0.708, 'знание': 0.561}",True
Туманность Андромеды,Эру Общего,не определено,,мифологизация,"{'мифология': 0.668, 'сила': 0.586}",True
Туманность Андромеды,Предложение Хеба,не определено,,,{'мифология': 0.425},False
Туманность Андромеды,Глава,не определено,,,"{'мифология': 0.524, 'знание': 0.415}",False
Туманность Андромеды,Совета Мвена,не определено,,,"{'мифология': 0.52, 'сила': 0.506}",False
Туманность Андромеды,Земля Великому,не определено,,,"{'экология': 0.503, 'мифология': 0.496}",False
Туманность Андромеды,Бэра,не определено,,мифологизация,"{'мифология': 0.635, 'знание': 0.561}",True
Туманность Андромеды,Основание,не определено,,мифологизация,"{'мифология': 0.655, 'знание': 0.608}",True
Туманность Андромеды,Шара,не определено,,мифологизация,"{'мифология': 0.682, 'знание': 0.514}",True
Туманность Андромеды,Рен Боза,не определено,,мифологизация,"{'мифология': 0.657, 'знание': 0.518}",True
Туманность Андромеды,Занятия,не определено,,мифологизация,"{'знание': 0.689, 'мифология': 0.642}",True
Туманность Андромеды,Поля,не определено,,мифологизация,"{'мифология': 0.746, 'сила': 0.618}",True
Туманность Андромеды,География Земли,не определено,,,{},False
Туманность Андромеды,Обрадованный Мвен,не определено,,мифологизация,"{'мифология': 0.627, 'сила': 0.58}",True
Туманность Андромеды,Онга,не определено,,мифологизация,"{'мифология': 0.74, 'знание': 0.591}",True
Туманность Андромеды,Туманность,не определено,,мифологизация,"{'мифология': 0.637, 'экология': 0.566}",True
Туманность Андромеды,Свет,не определено,,мифологизация,"{'мифология': 0.754, 'экология': 0.668}",True
Туманность Андромеды,Ряды,не определено,,мифологизация,"{'мифология': 0.591, 'экология': 0.523}",True
Туманность Андромеды,Зиг,не определено,,мифологизация,"{'мифология': 0.641, 'знание': 0.511}",True
Туманность Андромеды,Рассказы Толстому,не определено,,,{'мифология': 0.413},False
Туманность Андромеды,Солнцем,не определено,,,{'мифология': 0.416},False
Туманность Андромеды,"Академией
Направленных",не определено,,,"{'знание': 0.449, 'сила': 0.426}",False
Туманность Андромеды,Дом,не определено,,,"{'мифология': 0.454, 'сила': 0.442}",False
Туманность Андромеды,Аэлла,не определено,,мифологизация,"{'мифология': 0.687, 'знание': 0.542}",True
Туманность Андромеды,Бина Лед,не определено,,мифологизация,"{'мифология': 0.733, 'знание': 0.586}",True
Туманность Андромеды,Атлантике,не определено,,,"{'мифология': 0.463, 'экология': 0.418}",False
Туманность Андромеды,Пелу,не определено,,,{'мифология': 0.538},False
Туманность Андромеды,Анта,не определено,,мифологизация,"{'мифология': 0.599, 'знание': 0.487}",True
Туманность Андромеды,Горсточка,не определено,,мифологизация,"{'мифология': 0.763, 'сила': 0.622}",True
Туманность Андромеды,Земле,не определено,,мифологизация,"{'мифология': 0.741, 'экология': 0.685}",True
Туманность Андромеды,Лебедя,не определено,,мифологизация,"{'мифология': 0.694, 'знание': 0.537}",True
Туманность Андромеды,Половина,не определено,,,{},False
Туманность Андромеды,Робот,не определено,,,"{'тирания': 0.488, 'мифология': 0.443}",False
Туманность Андромеды,Многих,не определено,,,"{'мифология': 0.54, 'знание': 0.49}",False
Туманность Андромеды,Движение,не определено,,мифологизация,"{'сила': 0.579, 'мифология': 0.558}",True
Туманность Андромеды,"Эры
Разобщенного",не определено,,мифологизация,"{'мифология': 0.659, 'знание': 0.588}",True
Туманность Андромеды,Летом,не определено,,,"{'мифология': 0.455, 'знание': 0.413}",False
Туманность Андромеды,Лоне,не определено,,мифологизация,"{'мифология': 0.762, 'знание': 0.632}",True
Туманность Андромеды,Отказ,не определено,,мифологизация,"{'мифология': 0.665, 'сила': 0.597}",True
Туманность Андромеды,Работники,не определено,,,{},False
Туманность Андромеды,Марсе,не определено,,,{},False
Туманность Андромеды,Чаре,не определено,,мифологизация,"{'мифология': 0.713, 'знание': 0.556}",True
Туманность Андромеды,Права,не определено,,мифологизация,"{'мифология': 0.599, 'сила': 0.579}",True
Туманность Андромеды,Лин,не определено,,мифологизация,"{'мифология': 0.713, 'знание': 0.611}",True
Туманность Андромеды,Метки,не определено,,мифологизация,"{'мифология': 0.741, 'знание': 0.622}",True
Туманность Андромеды,Благодарите Веду,не определено,,,"{'мифология': 0.405, 'знание': 0.405}",False
Туманность Андромеды,Север,не определено,,,"{'мифология': 0.523, 'экология': 0.447}",False
Туманность Андромеды,Китае,не определено,,,{},False
Туманность Андромеды,Каракоруме,не определено,,мифологизация,"{'мифология': 0.552, 'сила': 0.418}",True
Туманность Андромеды,Росс,не определено,,,"{'мифология': 0.469, 'сила': 0.452}",False
Туманность Андромеды,Карфагена,не определено,,мифологизация,"{'мифология': 0.595, 'знание': 0.51}",True
Туманность Андромеды,Мвеном Масом,не определено,,мифологизация,"{'мифология': 0.685, 'сила': 0.588}",True
Туманность Андромеды,"Дар
Ветру",не определено,,,{'сила': 0.433},False
Туманность Андромеды,Мысль,не определено,,мифологизация,"{'мифология': 0.79, 'знание': 0.661}",True
Туманность Андромеды,Звезды,не определено,,,{'мифология': 0.439},False
Туманность Андромеды,Маленькая Миико,не определено,,,{'мифология': 0.516},False
Туманность Андромеды,Эргом,не определено,,мифологизация,"{'мифология': 0.737, 'знание': 0.594}",True
Туманность Андромеды,Солнцу,не определено,,,{'мифология': 0.441},False
Туманность Андромеды,Надпись,не определено,,мифологизация,"{'мифология': 0.617, 'знание': 0.559}",True
Туманность Андромеды,Ивы Джан,не определено,,мифологизация,"{'мифология': 0.675, 'знание': 0.526}",True
Туманность Андромеды,Учитель,не определено,,,{'знание': 0.473},False
Туманность Андромеды,Чандрасекара,не определено,,мифологизация,"{'мифология': 0.586, 'знание': 0.44}",True
Туманность Андромеды,Академия Производительных,не определено,,,{},False
Туманность Андромеды,Юния,не определено,,мифологизация,"{'мифология': 0.731, 'знание': 0.599}",True
Туманность Андромеды,Мире,не определено,,мифологизация,"{'мифология': 0.733, 'знание': 0.601}",True
Туманность Андромеды,Конг,вьетн.,побеждать,"победа, сила, решительность",{'мифология': 0.494},False
Туманность Андромеды,"Общего
Языка",не определено,,,"{'мифология': 0.466, 'знание': 0.439}",False
Туманность Андромеды,Фтет,не определено,,мифологизация,"{'мифология': 0.671, 'знание': 0.613}",True
Туманность Андромеды,"Веде
Конг",не определено,,мифологизация,"{'мифология': 0.559, 'знание': 0.44}",True
Туманность Андромеды,Пора,не определено,,мифологизация,"{'мифология': 0.558, 'знание': 0.503}",True
Туманность Андромеды,Звонок,не определено,,мифологизация,"{'мифология': 0.578, 'сила': 0.512}",True
Туманность Андромеды,Танец,не определено,,,{'мифология': 0.446},False
Туманность Андромеды,Осуждение,не определено,,мифологизация,"{'мифология': 0.726, 'знание': 0.688}",True
Туманность Андромеды,Долину,не определено,,,"{'мифология': 0.46, 'экология': 0.417}",False
Туманность Андромеды,Барион,не определено,,мифологизация,"{'мифология': 0.659, 'знание': 0.554}",True
Туманность Андромеды,Системы,не определено,,,"{'знание': 0.469, 'сила': 0.466}",False
Туманность Андромеды,Эвдой Наль,не определено,,мифологизация,"{'мифология': 0.578, 'знание': 0.419}",True
Туманность Андромеды,"Предсказания
Будущего",не определено,,,{},False
Туманность Андромеды,Юний,не определено,,мифологизация,"{'мифология': 0.743, 'знание': 0.614}",True
Туманность Андромеды,Облет,не определено,,,"{'мифология': 0.547, 'экология': 0.47}",False
Туманность Андромеды,Шерлис,не определено,,мифологизация,"{'мифология': 0.657, 'знание': 0.544}",True
Туманность Андромеды,Дочь Гондваны,не определено,,,{},False
Туманность Андромеды,Петра Первого,не определено,,,"{'мифология': 0.545, 'знание': 0.469}",False
Туманность Андромеды,Рена,не определено,,мифологизация,"{'мифология': 0.686, 'знание': 0.542}",True
Туманность Андромеды,Киносъемщики,не определено,,,{},False
Туманность Андромеды,Лекцию Веды,не определено,,мифологизация,"{'знание': 0.599, 'мифология': 0.598}",True
Туманность Андромеды,Доме Истории,не определено,,мифологизация,"{'мифология': 0.594, 'знание': 0.532}",True
Туманность Андромеды,Статуя,не определено,,,{'мифология': 0.482},False
Туманность Андромеды,Тональность,не определено,,мифологизация,"{'мифология': 0.697, 'знание': 0.649}",True
Туманность Андромеды,Моторист,не определено,,,{'сила': 0.413},False
Туманность Андромеды,Пробоину,не определено,,мифологизация,"{'мифология': 0.745, 'знание': 0.608}",True
Туманность Андромеды,Ценой,не определено,,,{},False
Туманность Андромеды,Герой,не определено,,,"{'мифология': 0.496, 'сила': 0.455}",False
Туманность Андромеды,"Райской
Птицы",не определено,,,"{'мифология': 0.484, 'экология': 0.449}",False
Туманность Андромеды,Совета Эрг,не определено,,,"{'мифология': 0.523, 'сила': 0.503}",False
Туманность Андромеды,Эль Хомра,не определено,,,"{'мифология': 0.53, 'сила': 0.454}",False
Туманность Андромеды,Птица,не определено,,,{},False
Туманность Андромеды,Усложнение,не определено,,мифологизация,"{'мифология': 0.639, 'сила': 0.625}",True
Туманность Андромеды,Путь,не определено,,мифологизация,"{'мифология': 0.696, 'сила': 0.595}",True
Туманность Андромеды,Каково,не определено,,мифологизация,"{'мифология': 0.661, 'знание': 0.575}",True
Туманность Андромеды,Ойкуменой,не определено,,мифологизация,"{'мифология': 0.669, 'экология': 0.573}",True
Туманность Андромеды,Фантасту,не определено,,,"{'мифология': 0.526, 'сила': 0.49}",False
Туманность Андромеды,Лента,не определено,,мифологизация,"{'мифология': 0.716, 'знание': 0.581}",True
Туманность Андромеды,Астроном Пур,не определено,,,"{'мифология': 0.523, 'экология': 0.414}",False
Туманность Андромеды,Низа Эрга,не определено,,мифологизация,"{'мифология': 0.589, 'знание': 0.433}",True
Туманность Андромеды,Пела,не определено,,мифологизация,"{'мифология': 0.565, 'знание': 0.423}",True
Туманность Андромеды,Обитатель,не определено,,мифологизация,"{'мифология': 0.759, 'сила': 0.634}",True
Туманность Андромеды,Галле,не определено,,мифологизация,"{'мифология': 0.695, 'знание': 0.572}",True
Туманность Андромеды,Лампы,не определено,,мифологизация,"{'мифология': 0.619, 'сила': 0.505}",True
Туманность Андромеды,Пел Лин,не определено,,мифологизация,"{'мифология': 0.655, 'знание': 0.524}",True
Туманность Андромеды,Гейзенберг,не определено,,,{'мифология': 0.416},False
Туманность Андромеды,Фрит Дон,не определено,,мифологизация,"{'мифология': 0.57, 'знание': 0.485}",True
Туманность Андромеды,Гамма Цефея,не определено,,мифологизация,"{'мифология': 0.655, 'знание': 0.486}",True
Туманность Андромеды,Стран,не определено,,мифологизация,"{'мифология': 0.74, 'экология': 0.623}",True
Туманность Андромеды,Тьмы,не определено,,мифологизация,"{'мифология': 0.766, 'знание': 0.636}",True
Туманность Андромеды,Хебом Уром,не определено,,мифологизация,"{'мифология': 0.551, 'знание': 0.404}",True
Туманность Андромеды,Амату,не определено,,мифологизация,"{'мифология': 0.636, 'знание': 0.5}",True
Туманность Андромеды,Аф Нута,не определено,,мифологизация,"{'мифология': 0.704, 'знание': 0.561}",True
Туманность Андромеды,Взрыв,не определено,,мифологизация,"{'мифология': 0.635, 'сила': 0.547}",True
Туманность Андромеды,Глыбы,не определено,,мифологизация,"{'мифология': 0.745, 'знание': 0.607}",True
Туманность Андромеды,Контролями,не определено,,,"{'сила': 0.595, 'тирания': 0.54}",False
Туманность Андромеды,Щелчок,не определено,,мифологизация,"{'мифология': 0.732, 'экология': 0.581}",True
Туманность Андромеды,Законы,не определено,,,"{'сила': 0.49, 'тирания': 0.471}",False
Туманность Андромеды,Техника,не определено,,,"{'знание': 0.621, 'сила': 0.585}",False
Туманность Андромеды,Тогда Эрг,не определено,,мифологизация,"{'мифология': 0.55, 'знание': 0.441}",True
Туманность Андромеды,Сена,не определено,,мифологизация,"{'мифология': 0.683, 'знание': 0.546}",True
Туманность Андромеды,Аппаратов,не определено,,мифологизация,"{'мифология': 0.572, 'сила': 0.552}",True
Туманность Андромеды,Определенности,не определено,,мифологизация,"{'знание': 0.663, 'мифология': 0.659}",True
Туманность Андромеды,Лицо Дар,не определено,,мифологизация,"{'мифология': 0.589, 'знание': 0.454}",True
Туманность Андромеды,Загадка Плутона,не определено,,,{'мифология': 0.457},False
Туманность Андромеды,Волла,не определено,,мифологизация,"{'мифология': 0.711, 'знание': 0.574}",True
Туманность Андромеды,Союза,не определено,,,"{'сила': 0.441, 'мифология': 0.425}",False
Туманность Андромеды,Академии Психофизиологии,не определено,,,{},False
Туманность Андромеды,Корона,не определено,,мифологизация,"{'мифология': 0.731, 'знание': 0.615}",True
Туманность Андромеды,Субантарктики,не определено,,,"{'мифология': 0.543, 'экология': 0.49}",False
Туманность Андромеды,"Эпсилон
Тукана",не определено,,,{'мифология': 0.532},False
Туманность Андромеды,Белло,не определено,,,"{'мифология': 0.544, 'знание': 0.457}",False
Туманность Андромеды,Передачи,не определено,,мифологизация,"{'мифология': 0.714, 'знание': 0.647}",True
Туманность Андромеды,Парусе,не определено,,мифологизация,"{'мифология': 0.605, 'экология': 0.481}",True
Туманность Андромеды,Писатели,не определено,,,"{'мифология': 0.442, 'знание': 0.422}",False
Туманность Андромеды,Змеи,не определено,,,{},False
Туманность Андромеды,Сознание,не определено,,,"{'знание': 0.663, 'мифология': 0.544}",False
Туманность Андромеды,Помощник,не определено,,мифологизация,"{'мифология': 0.564, 'знание': 0.558}",True
Туманность Андромеды,Истории,не определено,,мифологизация,"{'мифология': 0.591, 'знание': 0.55}",True
Туманность Андромеды,Голоса,не определено,,мифологизация,"{'мифология': 0.601, 'знание': 0.534}",True
Туманность Андромеды,Земля,не определено,,мифологизация,"{'мифология': 0.682, 'экология': 0.665}",True
Туманность Андромеды,Счетчики,не определено,,мифологизация,"{'мифология': 0.707, 'знание': 0.621}",True
Туманность Андромеды,Звон,не определено,,мифологизация,"{'мифология': 0.687, 'знание': 0.583}",True
Туманность Андромеды,Лио,не определено,,мифологизация,"{'мифология': 0.672, 'знание': 0.533}",True
Туманность Андромеды,Ручей,не определено,,мифологизация,"{'мифология': 0.682, 'знание': 0.595}",True
Туманность Андромеды,Эон,не определено,,мифологизация,"{'мифология': 0.583, 'сила': 0.508}",True
Туманность Андромеды,Цилиндр,не определено,,мифологизация,"{'мифология': 0.638, 'сила': 0.555}",True
Туманность Андромеды,Экипаж,не определено,,,"{'сила': 0.484, 'мифология': 0.477}",False
Туманность Андромеды,Изломы,не определено,,,{'мифология': 0.425},False
Туманность Андромеды,Послезавтра,не определено,,мифологизация,"{'мифология': 0.562, 'знание': 0.439}",True
Туманность Андромеды,Юты,не определено,,мифологизация,"{'мифология': 0.734, 'знание': 0.597}",True
Туманность Андромеды,Ковыль,не определено,,мифологизация,"{'мифология': 0.669, 'знание': 0.554}",True
Туманность Андромеды,Ласви,не определено,,мифологизация,"{'мифология': 0.671, 'знание': 0.543}",True
Туманность Андромеды,Судьба,не определено,,мифологизация,"{'мифология': 0.662, 'знание': 0.562}",True
Туманность Андромеды,Академия Пределов,не определено,,,"{'мифология': 0.541, 'знание': 0.505}",False
Туманность Андромеды,Организм,не определено,,мифологизация,"{'экология': 0.593, 'мифология': 0.568}",True
Туманность Андромеды,Ого,не определено,,мифологизация,"{'мифология': 0.713, 'сила': 0.588}",True
Туманность Андромеды,Кельвина,не определено,,мифологизация,"{'мифология': 0.708, 'знание': 0.57}",True
Туманность Андромеды,Рассвет,не определено,,мифологизация,"{'мифология': 0.634, 'экология': 0.532}",True
Туманность Андромеды,Южной Америки,не определено,,,{},False
Туманность Андромеды,Звуки,не определено,,,"{'мифология': 0.433, 'знание': 0.411}",False
Туманность Андромеды,Комки,не определено,,,"{'мифология': 0.433, 'экология': 0.417}",False
Туманность Андромеды,Научной Смелости,не определено,,,"{'знание': 0.595, 'экология': 0.533}",False
Туманность Андромеды,Осенние Листья,не определено,,,{'экология': 0.468},False
Туманность Андромеды,Выбор Совета,не определено,,,{},False
Туманность Андромеды,Полоска,не определено,,мифологизация,"{'мифология': 0.755, 'экология': 0.61}",True
Туманность Андромеды,Вершины,не определено,,мифологизация,"{'мифология': 0.659, 'сила': 0.597}",True
Туманность Андромеды,Сотрудники,не определено,,,"{'знание': 0.495, 'сила': 0.48}",False
Туманность Андромеды,Дон,не определено,,мифологизация,"{'мифология': 0.607, 'знание': 0.537}",True
Туманность Андромеды,Ноги,не определено,,,{'мифология': 0.404},False
Туманность Андромеды,Человечеству,не определено,,мифологизация,"{'мифология': 0.565, 'знание': 0.546}",True
Туманность Андромеды,Туманность Андромеды,не определено,,,{},False
Туманность Андромеды,Грим Шар,не определено,,мифологизация,"{'мифология': 0.716, 'экология': 0.582}",True
Туманность Андромеды,Спутники,не определено,,,{},False
Туманность Андромеды,Эль,не определено,,мифологизация,"{'мифология': 0.629, 'сила': 0.566}",True
Туманность Андромеды,Одеяние,не определено,,мифологизация,"{'мифология': 0.712, 'знание': 0.659}",True
Туманность Андромеды,Скорость,не определено,,,{'сила': 0.468},False
Туманность Андромеды,Ракеты,не определено,,,{},False
Туманность Андромеды,"Большом
Магеллановом",не определено,,,"{'мифология': 0.528, 'сила': 0.453}",False
Туманность Андромеды,Притупление,не определено,,мифологизация,"{'мифология': 0.632, 'сила': 0.583}",True
Туманность Андромеды,Эйгоро,не определено,,мифологизация,"{'мифология': 0.668, 'сила': 0.544}",True
Туманность Андромеды,Изогравы,не определено,,мифологизация,"{'мифология': 0.743, 'экология': 0.61}",True
Туманность Андромеды,Чару,не определено,,мифологизация,"{'мифология': 0.713, 'знание': 0.545}",True
Туманность Андромеды,Защита,не определено,,,"{'сила': 0.577, 'тирания': 0.486}",False
Туманность Андромеды,Чаре Нанди,не определено,,мифологизация,"{'мифология': 0.645, 'знание': 0.473}",True
Туманность Андромеды,Вспомним,не определено,,мифологизация,"{'мифология': 0.584, 'знание': 0.497}",True
Туманность Андромеды,Деревья,не определено,,,{'экология': 0.569},False
Туманность Андромеды,Металл,не определено,,,{},False
Туманность Андромеды,Шелестели,не определено,,мифологизация,"{'мифология': 0.706, 'знание': 0.564}",True
Туманность Андромеды,Установка,не определено,,мифологизация,"{'мифология': 0.72, 'знание': 0.639}",True
Туманность Андромеды,Модели,не определено,,,"{'знание': 0.486, 'мифология': 0.466}",False
Туманность Андромеды,Мвену,не определено,,мифологизация,"{'мифология': 0.695, 'знание': 0.565}",True
Туманность Андромеды,Эры,не определено,,мифологизация,"{'мифология': 0.778, 'знание': 0.655}",True
Туманность Андромеды,Поле,не определено,,мифологизация,"{'мифология': 0.696, 'сила': 0.59}",True
Туманность Андромеды,Завеса,не определено,,,{'мифология': 0.432},False
Туманность Андромеды,Средиземноморье,не определено,,,{},False
Туманность Андромеды,Наследница,не определено,,мифологизация,"{'мифология': 0.601, 'знание': 0.496}",True
Туманность Андромеды,Бозе,не определено,,мифологизация,"{'мифология': 0.755, 'знание': 0.614}",True
Туманность Андромеды,"Зига
Зора",не определено,,мифологизация,"{'мифология': 0.684, 'знание': 0.522}",True
Туманность Андромеды,Потолок,не определено,,мифологизация,"{'мифология': 0.601, 'сила': 0.566}",True
Туманность Андромеды,Изобилия,не определено,,мифологизация,"{'мифология': 0.728, 'экология': 0.634}",True
Туманность Андромеды,"Домом
Сибири",не определено,,,{'мифология': 0.413},False
Туманность Андромеды,Стохастики,не определено,,мифологизация,"{'мифология': 0.731, 'экология': 0.589}",True
Туманность Андромеды,Нефуд,не определено,,мифологизация,"{'мифология': 0.643, 'знание': 0.496}",True
Туманность Андромеды,Час,не определено,,,"{'мифология': 0.492, 'знание': 0.454}",False
Туманность Андромеды,Матери,не определено,,,"{'мифология': 0.437, 'знание': 0.404}",False
Туманность Андромеды,Гут,не определено,,мифологизация,"{'мифология': 0.721, 'знание': 0.607}",True
Туманность Андромеды,Туканом,не определено,,мифологизация,{'мифология': 0.55},True
Туманность Андромеды,Хеб Ур,не определено,,мифологизация,"{'мифология': 0.723, 'знание': 0.574}",True
Туманность Андромеды,Венера,не определено,,,{'мифология': 0.413},False
Туманность Андромеды,Зеркала,не определено,,мифологизация,"{'мифология': 0.738, 'экология': 0.59}",True
Туманность Андромеды,Великого Кольца,не определено,,,"{'мифология': 0.537, 'знание': 0.454}",False
Туманность Андромеды,Голос,не определено,,,"{'мифология': 0.506, 'знание': 0.455}",False
Туманность Андромеды,Кению,не определено,,,{},False
Туманность Андромеды,Ивы,не определено,,мифологизация,"{'мифология': 0.751, 'знание': 0.62}",True
Туманность Андромеды,Зеландии,не определено,,,"{'мифология': 0.482, 'сила': 0.426}",False
Туманность Андромеды,Брови Чары,не определено,,мифологизация,"{'мифология': 0.683, 'экология': 0.542}",True
Туманность Андромеды,Годен,не определено,,мифологизация,"{'мифология': 0.75, 'знание': 0.626}",True
Туманность Андромеды,Кормы,не определено,,мифологизация,"{'мифология': 0.748, 'знание': 0.619}",True
Туманность Андромеды,Советами,не определено,,мифологизация,"{'мифология': 0.7, 'знание': 0.68}",True
Туманность Андромеды,"Дочь
Гондваны",не определено,,,{},False
Туманность Андромеды,Атакама,не определено,,мифологизация,"{'мифология': 0.607, 'сила': 0.559}",True
Туманность Андромеды,Северную Индию,не определено,,,{},False
Туманность Андромеды,Народом,не определено,,мифологизация,"{'мифология': 0.647, 'знание': 0.565}",True
Туманность Андромеды,Совет Экономики,не определено,,,{'сила': 0.439},False
Туманность Андромеды,Определение,не определено,,мифологизация,"{'мифология': 0.635, 'знание': 0.596}",True
Туманность Андромеды,Кольцу,не определено,,,{'мифология': 0.469},False
Туманность Андромеды,Позу,не определено,,мифологизация,"{'мифология': 0.741, 'знание': 0.614}",True
Туманность Андромеды,Это Чара,не определено,,мифологизация,{'мифология': 0.593},True
Туманность Андромеды,Тья,не определено,,мифологизация,"{'мифология': 0.754, 'знание': 0.628}",True
Туманность Андромеды,Грудь,не определено,,мифологизация,"{'мифология': 0.749, 'знание': 0.619}",True
Туманность Андромеды,Встреча,не определено,,мифологизация,"{'мифология': 0.557, 'знание': 0.528}",True
Туманность Андромеды,Вниманию Совета,не определено,,,"{'сила': 0.415, 'знание': 0.407}",False
Туманность Андромеды,Мвен Мас,африк.,корни банту/суахили,"мифологизация, риск, наука, космос","{'мифология': 0.646, 'сила': 0.569}",True
Туманность Андромеды,Ноор,не определено,,мифологизация,"{'мифология': 0.719, 'знание': 0.592}",True
Туманность Андромеды,Понимание,не определено,,мифологизация,"{'знание': 0.698, 'мифология': 0.675}",True
Туманность Андромеды,Марс,не определено,,,{},False
Туманность Андромеды,Виддрингтония,не определено,,мифологизация,"{'мифология': 0.678, 'знание': 0.573}",True
Туманность Андромеды,Сила,не определено,,,"{'сила': 0.737, 'знание': 0.459}",False
Туманность Андромеды,Близоруко,не определено,,мифологизация,"{'мифология': 0.684, 'сила': 0.565}",True
Туманность Андромеды,Право,не определено,,мифологизация,"{'мифология': 0.657, 'сила': 0.62}",True
Туманность Андромеды,Тантру,не определено,,мифологизация,"{'мифология': 0.579, 'знание': 0.473}",True
Туманность Андромеды,Дар Ветру,не определено,,,{'сила': 0.433},False
Туманность Андромеды,Луны,не определено,,,{},False
Туманность Андромеды,Змее,не определено,,,"{'мифология': 0.426, 'экология': 0.416}",False
Туманность Андромеды,Полинезии,не определено,,,{},False
Туманность Андромеды,Стена,не определено,,мифологизация,"{'мифология': 0.65, 'знание': 0.531}",True
Туманность Андромеды,"Советом
Звездоплавания",не определено,,,"{'мифология': 0.462, 'знание': 0.421}",False
Туманность Андромеды,Востока,не определено,,мифологизация,"{'мифология': 0.758, 'сила': 0.642}",True
Туманность Андромеды,Секретарь Совета,не определено,,,{},False
Туманность Андромеды,Бык,не определено,,,"{'мифология': 0.494, 'экология': 0.442}",False
Туманность Андромеды,Западного Китая,не определено,,,{},False
Туманность Андромеды,Дар Ветром,не определено,,мифологизация,"{'мифология': 0.602, 'сила': 0.535}",True
Туманность Андромеды,Крит,не определено,,,{'мифология': 0.415},False
Туманность Андромеды,Черты,не определено,,мифологизация,"{'мифология': 0.62, 'сила': 0.504}",True
Туманность Андромеды,Эмба Онга,не определено,,мифологизация,"{'мифология': 0.593, 'знание': 0.456}",True
Туманность Андромеды,Верн,не определено,,мифологизация,"{'мифология': 0.602, 'знание': 0.514}",True
Туманность Андромеды,Заря,не определено,,мифологизация,"{'мифология': 0.726, 'знание': 0.552}",True
Туманность Андромеды,Усталая Чара,не определено,,мифологизация,"{'мифология': 0.577, 'экология': 0.467}",True
Туманность Андромеды,Сатурн,не определено,,,{},False
Туманность Андромеды,Атмосферы,не определено,,,{},False
Туманность Андромеды,Тибете,не определено,,,{'мифология': 0.4},False
Туманность Андромеды,Излишества,не определено,,мифологизация,"{'мифология': 0.747, 'знание': 0.659}",True
Туманность Андромеды,Западном Тибете,не определено,,,{},False
Туманность Андромеды,Лицо,не определено,,,"{'мифология': 0.498, 'знание': 0.408}",False
Туманность Андромеды,Кивок,не определено,,мифологизация,"{'мифология': 0.635, 'сила': 0.512}",True
Туманность Андромеды,Огонек,не определено,,мифологизация,"{'мифология': 0.702, 'знание': 0.566}",True
Туманность Андромеды,Идемте,не определено,,мифологизация,"{'мифология': 0.581, 'сила': 0.501}",True
Туманность Андромеды,Тело Низы,не определено,,мифологизация,"{'мифология': 0.589, 'экология': 0.451}",True
Туманность Андромеды,Америкой,не определено,,,"{'мифология': 0.454, 'сила': 0.45}",False
Туманность Андромеды,Тетиса,не определено,,,{'мифология': 0.501},False
Туманность Андромеды,Лана,не определено,,мифологизация,"{'мифология': 0.659, 'знание': 0.517}",True
Туманность Андромеды,Вал,не определено,,мифологизация,"{'мифология': 0.75, 'знание': 0.62}",True
Туманность Андромеды,Люди Тукана,не определено,,,{'мифология': 0.52},False
Туманность Андромеды,Центавра,не определено,,мифологизация,"{'мифология': 0.711, 'знание': 0.571}",True
Туманность Андромеды,Добровольцы,не определено,,,{},False
Туманность Андромеды,Высказывание,не определено,,мифологизация,"{'мифология': 0.741, 'знание': 0.666}",True
Туманность Андромеды,"Южной
Америке",не определено,,,{},False
Туманность Андромеды,Сириуса,не определено,,мифологизация,"{'мифология': 0.728, 'знание': 0.565}",True
Туманность Андромеды,Прекрасной Полезности,не определено,,,"{'знание': 0.591, 'мифология': 0.516}",False
Туманность Андромеды,Праздник,не определено,,,"{'мифология': 0.471, 'сила': 0.411}",False
Туманность Андромеды,Бетом,не определено,,мифологизация,"{'мифология': 0.704, 'знание': 0.579}",True
Туманность Андромеды,Зиг Зор,не определено,,,"{'мифология': 0.531, 'сила': 0.412}",False
Туманность Андромеды,Мужчина,не определено,,,"{'мифология': 0.536, 'сила': 0.484}",False
Туманность Андромеды,Народу,не определено,,мифологизация,"{'мифология': 0.625, 'знание': 0.548}",True
Туманность Андромеды,Человечество,не определено,,,"{'мифология': 0.533, 'экология': 0.53}",False
Туманность Андромеды,Предложение,не определено,,мифологизация,"{'мифология': 0.588, 'знание': 0.571}",True
Туманность Андромеды,Рен Бозом,не определено,,мифологизация,"{'мифология': 0.62, 'знание': 0.499}",True
Туманность Андромеды,Океан,не определено,,,{},False
Туманность Андромеды,Сиррах,не определено,,,"{'мифология': 0.528, 'знание': 0.407}",False
Туманность Андромеды,Сана,не определено,,мифологизация,"{'мифология': 0.611, 'знание': 0.475}",True
Туманность Андромеды,Идя,не определено,,мифологизация,"{'мифология': 0.727, 'знание': 0.593}",True
Туманность Андромеды,Председатель,не определено,,,"{'сила': 0.504, 'мифология': 0.502}",False
Туманность Андромеды,Электроды,не определено,,,{'сила': 0.528},False
Туманность Андромеды,Ден,не определено,,мифологизация,"{'мифология': 0.583, 'знание': 0.481}",True
Туманность Андромеды,Время,не определено,,,"{'мифология': 0.529, 'знание': 0.491}",False
Туманность Андромеды,Туманности,не определено,,мифологизация,"{'мифология': 0.704, 'экология': 0.616}",True
Туманность Андромеды,Совет,не определено,,,"{'знание': 0.556, 'мифология': 0.485}",False
Туманность Андромеды,Операторы,не определено,,,"{'сила': 0.518, 'мифология': 0.51}",False
Туманность Андромеды,Сеть,не определено,,,"{'мифология': 0.459, 'знание': 0.449}",False
Туманность Андромеды,Возвращение,не определено,,,"{'мифология': 0.538, 'знание': 0.456}",False
Туманность Андромеды,Сын Грома,не определено,,мифологизация,"{'мифология': 0.621, 'знание': 0.49}",True
Туманность Андромеды,Мвена,не определено,,мифологизация,"{'мифология': 0.721, 'знание': 0.583}",True
Туманность Андромеды,Потрясенный Дар,не определено,,,"{'мифология': 0.536, 'сила': 0.463}",False
Туманность Андромеды,Зор,не определено,,мифологизация,"{'мифология': 0.724, 'сила': 0.585}",True
Туманность Андромеды,Желание,не определено,,мифологизация,"{'мифология': 0.596, 'знание': 0.538}",True
Туманность Андромеды,Антом,не определено,,мифологизация,"{'мифология': 0.588, 'знание': 0.467}",True
Туманность Андромеды,Бете,не определено,,мифологизация,"{'мифология': 0.655, 'знание': 0.565}",True
Туманность Андромеды,Вниманию,не определено,,мифологизация,"{'мифология': 0.705, 'знание': 0.69}",True
Туманность Андромеды,Волосах Вероники,не определено,,,{},False
Туманность Андромеды,Поэтому Дар,не определено,,мифологизация,"{'мифология': 0.609, 'знание': 0.517}",True
Туманность Андромеды,Пилюли,не определено,,,{'мифология': 0.511},False
Туманность Андромеды,Открытие,не определено,,мифологизация,"{'знание': 0.633, 'мифология': 0.589}",True
Туманность Андромеды,Покрытие,не определено,,мифологизация,"{'мифология': 0.652, 'сила': 0.553}",True
Туманность Андромеды,"Чару
Нанди",не определено,,мифологизация,"{'мифология': 0.637, 'сила': 0.463}",True
Туманность Андромеды,"Громом
Ормом",не определено,,мифологизация,"{'мифология': 0.733, 'экология': 0.591}",True
Туманность Андромеды,Дочь Тетиса,не определено,,,{'мифология': 0.451},False
Туманность Андромеды,Погрузка,не определено,,,"{'сила': 0.575, 'мифология': 0.528}",False
Туманность Андромеды,Жизнь,не определено,,мифологизация,"{'экология': 0.578, 'мифология': 0.577}",True
Туманность Андромеды,Сила Эроса,не определено,,,"{'сила': 0.663, 'мифология': 0.517}",False
Туманность Андромеды,"Гром
Орм",не определено,,мифологизация,"{'мифология': 0.664, 'экология': 0.573}",True
Туманность Андромеды,Академией Направленных,не определено,,,"{'знание': 0.449, 'сила': 0.426}",False
Туманность Андромеды,Вега,не определено,,мифологизация,"{'мифология': 0.775, 'знание': 0.646}",True
Туманность Андромеды,Ответственности,не определено,,,"{'сила': 0.501, 'тирания': 0.485}",False
Туманность Андромеды,Борьбы,не определено,,,"{'сила': 0.458, 'тирания': 0.427}",False
Туманность Андромеды,Академии,не определено,,,"{'знание': 0.481, 'мифология': 0.434}",False
Туманность Андромеды,Пел,не определено,,мифологизация,"{'мифология': 0.658, 'знание': 0.539}",True
Туманность Андромеды,Бетельгейзе,не определено,,мифологизация,"{'мифология': 0.61, 'знание': 0.473}",True
Туманность Андромеды,Познания,не определено,,мифологизация,"{'знание': 0.706, 'мифология': 0.624}",True
Туманность Андромеды,Киля Корабля,не определено,,мифологизация,"{'мифология': 0.596, 'экология': 0.472}",True
Туманность Андромеды,Возможности,не определено,,мифологизация,"{'мифология': 0.613, 'сила': 0.605}",True
Туманность Андромеды,Мозг Высшей,не определено,,,{'мифология': 0.427},False
Туманность Андромеды,Африке,не определено,,,{'мифология': 0.431},False
Туманность Андромеды,Чести,не определено,,мифологизация,"{'мифология': 0.661, 'знание': 0.638}",True
Туманность Андромеды,Академия,не определено,,,"{'знание': 0.518, 'мифология': 0.493}",False
Туманность Андромеды,"Пур
Хиссу",не определено,,мифологизация,"{'мифология': 0.626, 'сила': 0.469}",True
Туманность Андромеды,Теты Волка,не определено,,,{'мифология': 0.503},False
Туманность Андромеды,Псах,не определено,,мифологизация,"{'мифология': 0.735, 'сила': 0.591}",True
Туманность Андромеды,Лебедем,не определено,,мифологизация,"{'мифология': 0.741, 'знание': 0.591}",True
Туманность Андромеды,Знания,не определено,,мифологизация,"{'знание': 0.705, 'мифология': 0.597}",True
Туманность Андромеды,Пловцы,не определено,,мифологизация,"{'мифология': 0.644, 'экология': 0.544}",True
Туманность Андромеды,Экспедиция,не определено,,,"{'мифология': 0.49, 'экология': 0.483}",False
Туманность Андромеды,Дома Пищи,не определено,,,"{'мифология': 0.547, 'экология': 0.456}",False
Туманность Андромеды,Зон Тал,не определено,,мифологизация,"{'мифология': 0.709, 'знание': 0.567}",True
Туманность Андромеды,Peпaгулярное,не определено,,мифологизация,"{'мифология': 0.67, 'экология': 0.544}",True
Туманность Андромеды,Кения,не определено,,,{},False
Туманность Андромеды,Начальник,не определено,,,"{'сила': 0.498, 'мифология': 0.448}",False
Туманность Андромеды,Секунду,не определено,,мифологизация,"{'мифология': 0.764, 'знание': 0.632}",True
Туманность Андромеды,Художник,не определено,,,"{'мифология': 0.522, 'знание': 0.439}",False
Туманность Андромеды,Аллена,не определено,,мифологизация,"{'мифология': 0.676, 'знание': 0.544}",True
Туманность Андромеды,Низу Крит,не определено,,,{'мифология': 0.493},False
Туманность Андромеды,Гордость,не определено,,,"{'сила': 0.551, 'мифология': 0.521}",False
Туманность Андромеды,Контроля,не определено,,,"{'сила': 0.559, 'тирания': 0.514}",False
Туманность Андромеды,Гамма,не определено,,мифологизация,"{'мифология': 0.727, 'знание': 0.574}",True
Туманность Андромеды,Кольце,не определено,,мифологизация,"{'мифология': 0.738, 'знание': 0.594}",True
Туманность Андромеды,Работа,не определено,,,"{'сила': 0.546, 'знание': 0.508}",False
Туманность Андромеды,Щеки Низы,не определено,,мифологизация,"{'мифология': 0.608, 'экология': 0.442}",True
Туманность Андромеды,Тритон,не определено,,,"{'мифология': 0.502, 'знание': 0.416}",False
Туманность Андромеды,Зига Зора,не определено,,мифологизация,"{'мифология': 0.684, 'знание': 0.522}",True
Туманность Андромеды,Гром,не определено,,мифологизация,"{'мифология': 0.73, 'сила': 0.649}",True
Туманность Андромеды,Тукан,не определено,,мифологизация,"{'мифология': 0.647, 'знание': 0.503}",True
Туманность Андромеды,"Каму
Амату",не определено,,мифологизация,"{'мифология': 0.6, 'сила': 0.454}",True
Туманность Андромеды,Амат,не определено,,мифологизация,"{'мифология': 0.692, 'знание': 0.576}",True
Туманность Андромеды,Гондвана,не определено,,мифологизация,"{'мифология': 0.555, 'знание': 0.417}",True
Туманность Андромеды,Ученыйастроном Пур,не определено,,,"{'мифология': 0.489, 'знание': 0.468}",False
Туманность Андромеды,Психофизиологии,не определено,,,"{'мифология': 0.424, 'знание': 0.416}",False
Туманность Андромеды,Вызов,не определено,,мифологизация,"{'мифология': 0.745, 'сила': 0.645}",True
Туманность Андромеды,Слово,не определено,,мифологизация,"{'мифология': 0.602, 'знание': 0.581}",True
Туманность Андромеды,Передачи Великого,не определено,,мифологизация,"{'мифология': 0.625, 'знание': 0.584}",True
Туманность Андромеды,Онар,не определено,,мифологизация,"{'мифология': 0.747, 'знание': 0.635}",True
Туманность Андромеды,Зирда,тюрк./каз.,"зират = могила, предупреждение","смерть, ядерная угроза, экология, мифологизация","{'мифология': 0.59, 'знание': 0.455}",True
Туманность Андромеды,Метагалактики,не определено,,,{},False
Туманность Андромеды,Скафандр,не определено,,мифологизация,"{'мифология': 0.611, 'экология': 0.465}",True
Туманность Андромеды,Остаток,не определено,,мифологизация,"{'мифология': 0.598, 'сила': 0.509}",True
Туманность Андромеды,Крышка,не определено,,мифологизация,"{'мифология': 0.687, 'экология': 0.569}",True
Туманность Андромеды,Равнина,не определено,,мифологизация,"{'мифология': 0.726, 'знание': 0.584}",True
Туманность Андромеды,Устойчивость,не определено,,,"{'экология': 0.491, 'сила': 0.425}",False
Туманность Андромеды,Эвде Наль,не определено,,мифологизация,"{'мифология': 0.57, 'знание': 0.423}",True
Туманность Андромеды,Остров,не определено,,,{'мифология': 0.423},False
Туманность Андромеды,Пятна,не определено,,мифологизация,"{'мифология': 0.701, 'знание': 0.549}",True
Туманность Андромеды,Победитель,не определено,,,"{'сила': 0.519, 'мифология': 0.444}",False
Туманность Андромеды,Низы Крит,не определено,,,{'мифология': 0.464},False
Туманность Андромеды,Лоном,не определено,,мифологизация,"{'мифология': 0.742, 'знание': 0.601}",True
Туманность Андромеды,Врач,не определено,,,{},False
Туманность Андромеды,Индию,не определено,,,{},False
Туманность Андромеды,Скопище,не определено,,,{},False
Туманность Андромеды,Вершина,не определено,,мифологизация,"{'мифология': 0.673, 'сила': 0.652}",True
Туманность Андромеды,Дорогу,не определено,,,"{'мифология': 0.499, 'сила': 0.45}",False
Туманность Андромеды,Давление,не определено,,мифологизация,"{'мифология': 0.735, 'сила': 0.656}",True
Туманность Андромеды,Наука,не определено,,,"{'знание': 0.635, 'экология': 0.581}",False
Туманность Андромеды,Ужас,не определено,,мифологизация,"{'мифология': 0.553, 'экология': 0.435}",True
Туманность Андромеды,Знаний,не определено,,мифологизация,"{'знание': 0.707, 'мифология': 0.694}",True
Туманность Андромеды,Альмах,не определено,,мифологизация,"{'мифология': 0.706, 'экология': 0.549}",True
Туманность Андромеды,Группа,не определено,,мифологизация,"{'мифология': 0.562, 'сила': 0.489}",True
Туманность Андромеды,Арком Гиром,не определено,,мифологизация,"{'мифология': 0.635, 'знание': 0.509}",True
Туманность Андромеды,Омега Центавра,не определено,,мифологизация,"{'мифология': 0.668, 'экология': 0.517}",True
Туманность Андромеды,Ступенчатой,не определено,,мифологизация,"{'мифология': 0.749, 'знание': 0.608}",True
Туманность Андромеды,Долголетие,не определено,,,"{'мифология': 0.537, 'знание': 0.499}",False
Туманность Андромеды,Катти Сарк,не определено,,,{'мифология': 0.449},False
Туманность Андромеды,Разве Совет,не определено,,,"{'знание': 0.522, 'мифология': 0.451}",False
Туманность Андромеды,Атмосфера,не определено,,,"{'экология': 0.443, 'мифология': 0.402}",False
Туманность Андромеды,Рычаги,не определено,,мифологизация,"{'мифология': 0.671, 'экология': 0.57}",True
Туманность Андромеды,Горя,не определено,,мифологизация,"{'мифология': 0.743, 'знание': 0.595}",True
Туманность Андромеды,Тарантул,не определено,,мифологизация,"{'мифология': 0.649, 'экология': 0.484}",True
Туманность Андромеды,План,не определено,,,"{'мифология': 0.465, 'знание': 0.426}",False
Туманность Андромеды,Достижение,не определено,,мифологизация,"{'сила': 0.646, 'знание': 0.623}",True
Туманность Андромеды,Катастрофа,не определено,,,"{'мифология': 0.481, 'экология': 0.433}",False
Туманность Андромеды,Представители,не определено,,мифологизация,"{'мифология': 0.581, 'сила': 0.557}",True
Туманность Андромеды,Ухо,не определено,,,{'мифология': 0.432},False
Туманность Андромеды,Девочка,не определено,,,{'мифология': 0.433},False
Туманность Андромеды,Круг,не определено,,мифологизация,"{'мифология': 0.716, 'знание': 0.596}",True
Туманность Андромеды,Лебеде,не определено,,мифологизация,"{'мифология': 0.704, 'знание': 0.571}",True
Туманность Андромеды,Журавлевой,не определено,,мифологизация,"{'мифология': 0.733, 'экология': 0.604}",True
Туманность Андромеды,Тибет,не определено,,,{},False
Туманность Андромеды,Крита,не определено,,,{'мифология': 0.485},False
Туманность Андромеды,Аэллы,не определено,,мифологизация,"{'мифология': 0.695, 'знание': 0.534}",True
Туманность Андромеды,Юпитера,не определено,,,{},False
Туманность Андромеды,Луалабы,не определено,,,{'мифология': 0.521},False
Туманность Андромеды,Веда Конг,не определено,,мифологизация,"{'мифология': 0.558, 'знание': 0.439}",True
Туманность Андромеды,Шар,не определено,,мифологизация,"{'мифология': 0.763, 'знание': 0.606}",True
Туманность Андромеды,Толстому,не определено,,мифологизация,"{'мифология': 0.559, 'знание': 0.451}",True
Туманность Андромеды,Ахернара,не определено,,мифологизация,"{'мифология': 0.674, 'знание': 0.511}",True
Туманность Андромеды,"Для
Рен",не определено,,мифологизация,"{'мифология': 0.597, 'знание': 0.508}",True
Туманность Андромеды,Зирды,не определено,,мифологизация,"{'мифология': 0.71, 'знание': 0.546}",True
Туманность Андромеды,Упрощения Вещей,не определено,,мифологизация,"{'мифология': 0.64, 'знание': 0.604}",True
Туманность Андромеды,Грахама,не определено,,мифологизация,"{'мифология': 0.679, 'знание': 0.528}",True
Туманность Андромеды,Проект,не определено,,мифологизация,"{'мифология': 0.571, 'знание': 0.557}",True
Туманность Андромеды,Обстоятельства,не определено,,мифологизация,"{'мифология': 0.714, 'знание': 0.684}",True
Туманность Андромеды,Твердый,не определено,,мифологизация,"{'мифология': 0.76, 'знание': 0.624}",True
Туманность Андромеды,Мудрость,не определено,,,"{'знание': 0.621, 'мифология': 0.493}",False
Туманность Андромеды,Искусство,не определено,,,"{'мифология': 0.528, 'знание': 0.479}",False
Туманность Андромеды,Поезд,не определено,,,{},False
Туманность Андромеды,Толстой,не определено,,,{'мифология': 0.46},False
Туманность Андромеды,Планеты,не определено,,,"{'экология': 0.455, 'мифология': 0.408}",False
Туманность Андромеды,Хеба,не определено,,,"{'мифология': 0.532, 'знание': 0.417}",False
Туманность Андромеды,Кэй Бэра,не определено,,мифологизация,"{'мифология': 0.632, 'знание': 0.544}",True
Туманность Андромеды,Бете Лоне,не определено,,мифологизация,"{'мифология': 0.701, 'знание': 0.579}",True
Туманность Андромеды,"Аф
Нут",не определено,,мифологизация,"{'мифология': 0.703, 'знание': 0.578}",True
Туманность Андромеды,"Молодежь
Большого",не определено,,,"{'мифология': 0.429, 'сила': 0.403}",False
Туманность Андромеды,Подвиги,не определено,,,"{'знание': 0.462, 'мифология': 0.452}",False
Туманность Андромеды,Это Ляо,не определено,,,{'мифология': 0.539},False
Туманность Андромеды,Дух,не определено,,мифологизация,"{'мифология': 0.631, 'экология': 0.548}",True
Туманность Андромеды,Одеяние Чары,не определено,,мифологизация,"{'мифология': 0.687, 'знание': 0.551}",True
Туманность Андромеды,Миллионы,не определено,,,{},False
Туманность Андромеды,Лаборатории,не определено,,,"{'знание': 0.532, 'мифология': 0.478}",False
Туманность Андромеды,Распорядители,не определено,,,"{'сила': 0.548, 'мифология': 0.497}",False
Туманность Андромеды,Дис Кен,не определено,,мифологизация,"{'мифология': 0.648, 'сила': 0.527}",True
Туманность Андромеды,"Пур
Хисс",не определено,,мифологизация,"{'мифология': 0.64, 'знание': 0.487}",True
Туманность Андромеды,Луме Ласви,не определено,,мифологизация,"{'мифология': 0.629, 'знание': 0.481}",True
Туманность Андромеды,Сигналы,не определено,,,"{'мифология': 0.499, 'знание': 0.479}",False
Туманность Андромеды,Часть,не определено,,мифологизация,"{'мифология': 0.671, 'знание': 0.589}",True
Туманность Андромеды,Пур Хисса,не определено,,мифологизация,"{'мифология': 0.662, 'экология': 0.49}",True
Туманность Андромеды,Минор,не определено,,мифологизация,"{'мифология': 0.712, 'сила': 0.58}",True
Туманность Андромеды,Эвдой,не определено,,мифологизация,"{'мифология': 0.714, 'знание': 0.582}",True
Туманность Андромеды,Астрономы,не определено,,,{'мифология': 0.411},False
Туманность Андромеды,"Институт
Метагалактики",не определено,,,{},False
Туманность Андромеды,Поиски,не определено,,,"{'мифология': 0.502, 'сила': 0.416}",False
Туманность Андромеды,Лума,не определено,,мифологизация,"{'мифология': 0.685, 'знание': 0.533}",True
Туманность Андромеды,Мир,не определено,,,"{'мифология': 0.535, 'знание': 0.463}",False
Туманность Андромеды,"Омикрон
Эридана",не определено,,мифологизация,"{'мифология': 0.635, 'знание': 0.482}",True
Туманность Андромеды,"Скоро
Чара",не определено,,мифологизация,"{'мифология': 0.585, 'знание': 0.427}",True
Туманность Андромеды,Жинну Каду,не определено,,мифологизация,"{'мифология': 0.676, 'знание': 0.529}",True
Туманность Андромеды,Дочь,не определено,,,"{'мифология': 0.466, 'знание': 0.418}",False
Туманность Андромеды,Антарктиду,не определено,,,{},False
Туманность Андромеды,Киля,не определено,,,"{'мифология': 0.543, 'сила': 0.447}",False
Туманность Андромеды,Бета Лона,не определено,,мифологизация,"{'мифология': 0.637, 'знание': 0.513}",True
Туманность Андромеды,Обью,не определено,,мифологизация,"{'мифология': 0.76, 'знание': 0.647}",True
Туманность Андромеды,Фомальгаут,не определено,,мифологизация,"{'мифология': 0.691, 'знание': 0.542}",True
Туманность Андромеды,Поэтому Большой,не определено,,,"{'мифология': 0.534, 'сила': 0.509}",False
Туманность Андромеды,Сирт,не определено,,мифологизация,"{'мифология': 0.644, 'знание': 0.598}",True
Туманность Андромеды,Рассказ,не определено,,мифологизация,"{'мифология': 0.744, 'знание': 0.68}",True
Туманность Андромеды,Когда Мвен,не определено,,мифологизация,"{'мифология': 0.625, 'знание': 0.538}",True
Туманность Андромеды,Дзеты Кормы,не определено,,мифологизация,"{'мифология': 0.649, 'экология': 0.494}",True
Туманность Андромеды,Передача,не определено,,,"{'мифология': 0.53, 'сила': 0.467}",False
Туманность Андромеды,"Совета
Звездоплавания",не определено,,,"{'мифология': 0.464, 'сила': 0.405}",False
Туманность Андромеды,Пур,не определено,,мифологизация,"{'мифология': 0.732, 'знание': 0.586}",True
Туманность Андромеды,Телефон,не определено,,,{},False
Туманность Андромеды,Микрофоны,не определено,,,{'мифология': 0.404},False
Туманность Андромеды,Надир,не определено,,мифологизация,"{'мифология': 0.707, 'сила': 0.629}",True
Туманность Андромеды,Диски,не определено,,мифологизация,"{'мифология': 0.66, 'знание': 0.571}",True
Туманность Андромеды,Великом Кольце,не определено,,мифологизация,"{'мифология': 0.665, 'сила': 0.553}",True
Туманность Андромеды,Омикрон,не определено,,мифологизация,"{'мифология': 0.587, 'знание': 0.499}",True
Туманность Андромеды,"Эргом
Ноором",не определено,,мифологизация,"{'мифология': 0.666, 'сила': 0.523}",True
Туманность Андромеды,Буксир,не определено,,мифологизация,"{'мифология': 0.665, 'знание': 0.564}",True
Туманность Андромеды,Ляо Лана,не определено,,мифологизация,"{'мифология': 0.605, 'знание': 0.45}",True
Туманность Андромеды,Запор,не определено,,мифологизация,"{'мифология': 0.593, 'сила': 0.561}",True
Туманность Андромеды,Эвды Наль,не определено,,мифологизация,"{'мифология': 0.604, 'знание': 0.441}",True
Туманность Андромеды,"Дома
Высшей",не определено,,,"{'мифология': 0.522, 'сила': 0.504}",False
Туманность Андромеды,Медведице,не определено,,,"{'экология': 0.434, 'мифология': 0.429}",False
Туманность Андромеды,Баллада,не определено,,мифологизация,"{'мифология': 0.609, 'знание': 0.446}",True
Туманность Андромеды,Лире,не определено,,мифологизация,"{'мифология': 0.75, 'знание': 0.633}",True
Туманность Андромеды,Янагихара Эйгоро,не определено,,,{'мифология': 0.507},False
Туманность Андромеды,Установка Кора,не определено,,мифологизация,"{'мифология': 0.627, 'знание': 0.503}",True
Туманность Андромеды,Янагихара,не определено,,,{'мифология': 0.504},False
Туманность Андромеды,Четыреста,не определено,,мифологизация,"{'мифология': 0.631, 'знание': 0.544}",True
Туманность Андромеды,Ирландии,не определено,,,{'мифология': 0.41},False
Туманность Андромеды,Вера,не определено,,,"{'мифология': 0.533, 'знание': 0.499}",False
Туманность Андромеды,Эвда,не определено,,мифологизация,"{'мифология': 0.73, 'знание': 0.6}",True
Туманность Андромеды,Двуречья,не определено,,мифологизация,"{'мифология': 0.635, 'знание': 0.538}",True
Туманность Андромеды,К22Н-88,не определено,,,{},False
Туманность Андромеды,Северной Африке,не определено,,,{},False
Туманность Андромеды,Помощи,не определено,,,"{'знание': 0.554, 'мифология': 0.523}",False
Туманность Андромеды,Задача,не определено,,мифологизация,"{'мифология': 0.625, 'сила': 0.625}",True
Туманность Андромеды,Механик Тарон,не определено,,,"{'мифология': 0.549, 'знание': 0.403}",False
Туманность Андромеды,Афродита Анадиомена,не определено,,,"{'мифология': 0.523, 'экология': 0.431}",False
Туманность Андромеды,Огни,не определено,,,"{'мифология': 0.468, 'сила': 0.408}",False
Туманность Андромеды,Гай,не определено,,мифологизация,"{'мифология': 0.752, 'сила': 0.625}",True
Туманность Андромеды,Вероники,не определено,,мифологизация,"{'мифология': 0.718, 'знание': 0.572}",True
Туманность Андромеды,Каму,не определено,,мифологизация,"{'мифология': 0.61, 'сила': 0.508}",True
Туманность Андромеды,Ероша,не определено,,мифологизация,"{'мифология': 0.655, 'знание': 0.492}",True
Туманность Андромеды,Толчок,не определено,,мифологизация,"{'мифология': 0.769, 'знание': 0.642}",True
Туманность Андромеды,Труд,не определено,,,"{'сила': 0.504, 'знание': 0.459}",False
Туманность Андромеды,Дис,не определено,,мифологизация,"{'мифология': 0.767, 'знание': 0.634}",True
Туманность Андромеды,Влихх,не определено,,мифологизация,"{'мифология': 0.622, 'знание': 0.48}",True
Туманность Андромеды,Совету,не определено,,,"{'знание': 0.562, 'мифология': 0.492}",False
Туманность Андромеды,Коктебель,не определено,,мифологизация,"{'мифология': 0.692, 'знание': 0.577}",True
Туманность Андромеды,Мозжинка,не определено,,мифологизация,"{'мифология': 0.741, 'сила': 0.604}",True
Туманность Андромеды,Карта,не определено,,,{'мифология': 0.411},False
Туманность Андромеды,Дворца,не определено,,,"{'мифология': 0.481, 'сила': 0.459}",False
Туманность Андромеды,Сириус,не определено,,мифологизация,"{'мифология': 0.702, 'знание': 0.557}",True
Туманность Андромеды,Веге,не определено,,мифологизация,"{'мифология': 0.723, 'сила': 0.685}",True
Туманность Андромеды,Б-7336-С+87-А.,не определено,,,{},False
Туманность Андромеды,Тантры,не определено,,мифологизация,"{'мифология': 0.729, 'знание': 0.616}",True
Туманность Андромеды,Выбор,не определено,,,"{'мифология': 0.475, 'сила': 0.464}",False
Туманность Андромеды,Африканец,не определено,,,{'мифология': 0.438},False
Туманность Андромеды,Денеба,не определено,,мифологизация,"{'мифология': 0.599, 'знание': 0.465}",True
Туманность Андромеды,Астроном Ингрид,не определено,,,{'мифология': 0.491},False
Туманность Андромеды,Новой Зеландии,не определено,,,{},False
Туманность Андромеды,Размах,не определено,,мифологизация,"{'мифология': 0.776, 'знание': 0.665}",True
Туманность Андромеды,Звездоплавания,не определено,,,"{'мифология': 0.535, 'сила': 0.423}",False
Туманность Андромеды,Ветру,не определено,,,{'сила': 0.415},False
Туманность Андромеды,Сах,не определено,,мифологизация,"{'мифология': 0.657, 'сила': 0.521}",True
Туманность Андромеды,Древней Эллады,не определено,,мифологизация,"{'мифология': 0.575, 'тирания': 0.414}",True
Туманность Андромеды,Анадиомена,не определено,,мифологизация,"{'мифология': 0.667, 'экология': 0.517}",True
Туманность Андромеды,Дочери Юга,не определено,,,{},False
Туманность Андромеды,Нептуном,не определено,,мифологизация,"{'мифология': 0.757, 'знание': 0.59}",True
Туманность Андромеды,Заф Фтет,не определено,,мифологизация,"{'мифология': 0.576, 'знание': 0.459}",True
Туманность Андромеды,Индикаторы,не определено,,мифологизация,"{'мифология': 0.66, 'сила': 0.606}",True
Туманность Андромеды,Молодежь,не определено,,,{},False
Туманность Андромеды,Люди,не определено,,мифологизация,"{'мифология': 0.631, 'знание': 0.567}",True
Туманность Андромеды,Тринидада,не определено,,,{},False
Туманность Андромеды,Девушка,не определено,,,"{'мифология': 0.454, 'знание': 0.402}",False
Туманность Андромеды,Художнику,не определено,,,"{'мифология': 0.522, 'знание': 0.442}",False
Туманность Андромеды,Антарес,не определено,,мифологизация,"{'мифология': 0.629, 'экология': 0.511}",True
Туманность Андромеды,Изобретение,не определено,,,"{'знание': 0.49, 'мифология': 0.45}",False
Туманность Андромеды,Эры Кольца,не определено,,мифологизация,"{'мифология': 0.607, 'знание': 0.51}",True
Туманность Андромеды,Продолжение,не определено,,,"{'мифология': 0.541, 'знание': 0.502}",False
Туманность Андромеды,Минуту,не определено,,мифологизация,"{'мифология': 0.61, 'знание': 0.511}",True
Туманность Андромеды,Опасность,не определено,,,"{'сила': 0.534, 'мифология': 0.479}",False
Туманность Андромеды,Пур Хиссом,не определено,,мифологизация,"{'мифология': 0.624, 'знание': 0.464}",True
Туманность Андромеды,Уран,не определено,,,"{'мифология': 0.483, 'экология': 0.433}",False
Туманность Андромеды,Прыжки,не определено,,,"{'сила': 0.54, 'мифология': 0.474}",False
Туманность Андромеды,Тантре,не определено,,мифологизация,"{'мифология': 0.632, 'знание': 0.506}",True
Туманность Андромеды,Жива,не определено,,мифологизация,"{'мифология': 0.697, 'экология': 0.587}",True
Туманность Андромеды,Зон,не определено,,мифологизация,"{'мифология': 0.745, 'знание': 0.609}",True
Туманность Андромеды,Ступени,не определено,,мифологизация,"{'мифология': 0.695, 'знание': 0.563}",True
Туманность Андромеды,Джан,не определено,,мифологизация,"{'мифология': 0.689, 'знание': 0.572}",True
Туманность Андромеды,Мостом,не определено,,мифологизация,"{'мифология': 0.76, 'знание': 0.623}",True
Туманность Андромеды,Совете,не определено,,,"{'знание': 0.56, 'мифология': 0.494}",False
Туманность Андромеды,Мир Ом,не определено,,,"{'мифология': 0.546, 'знание': 0.459}",False
Туманность Андромеды,Хомры,не определено,,мифологизация,"{'мифология': 0.715, 'знание': 0.572}",True
Туманность Андромеды,Меркурия,не определено,,,{},False
Туманность Андромеды,Видение,не определено,,,"{'мифология': 0.498, 'экология': 0.433}",False
Туманность Андромеды,Вода,не определено,,,{'экология': 0.418},False
Туманность Андромеды,"Рука
Чары",не определено,,мифологизация,"{'мифология': 0.553, 'сила': 0.444}",True
Туманность Андромеды,Эру Мирового,не определено,,мифологизация,"{'мифология': 0.557, 'сила': 0.539}",True
Туманность Андромеды,Тал,не определено,,мифологизация,"{'мифология': 0.738, 'знание': 0.615}",True
Туманность Андромеды,Столетия,не определено,,мифологизация,"{'мифология': 0.671, 'знание': 0.573}",True
Туманность Андромеды,Сопя,не определено,,мифологизация,"{'мифология': 0.717, 'знание': 0.581}",True
Туманность Андромеды,Исландию,не определено,,,{},False
Туманность Андромеды,Высказывание Пур,не определено,,,{'мифология': 0.529},False
Туманность Андромеды,Ноором,не определено,,мифологизация,"{'мифология': 0.724, 'знание': 0.573}",True
Туманность Андромеды,Сборка,не определено,,мифологизация,"{'мифология': 0.691, 'сила': 0.606}",True
Туманность Андромеды,Прибор,не определено,,мифологизация,"{'мифология': 0.752, 'знание': 0.668}",True
Туманность Андромеды,Рыбы,не определено,,,{},False
Туманность Андромеды,Камень,не определено,,,"{'мифология': 0.511, 'знание': 0.464}",False
Туманность Андромеды,Контроль,не определено,,,"{'сила': 0.581, 'тирания': 0.524}",False
Туманность Андромеды,Распределение,не определено,,,"{'сила': 0.498, 'экология': 0.47}",False
Туманность Андромеды,Укор,не определено,,мифологизация,"{'мифология': 0.754, 'знание': 0.648}",True
Туманность Андромеды,Малой Азии,не определено,,,{},False
Туманность Андромеды,Жюль,не определено,,мифологизация,"{'мифология': 0.737, 'знание': 0.608}",True
Туманность Андромеды,Дома Советов,не определено,,,"{'сила': 0.475, 'мифология': 0.443}",False
Туманность Андромеды,Галактику,не определено,,,{},False
Туманность Андромеды,Лат,не определено,,мифологизация,"{'мифология': 0.744, 'знание': 0.638}",True
Туманность Андромеды,Поворотом,не определено,,мифологизация,"{'мифология': 0.643, 'сила': 0.577}",True
Туманность Андромеды,Дар,не определено,,мифологизация,"{'мифология': 0.679, 'знание': 0.612}",True
Туманность Андромеды,Пребывание,не определено,,мифологизация,"{'мифология': 0.694, 'знание': 0.666}",True
Туманность Андромеды,Астроном,не определено,,,{'мифология': 0.462},False
Туманность Андромеды,Утром,не определено,,,{'мифология': 0.42},False
Туманность Андромеды,Юность Низы,не определено,,мифологизация,"{'мифология': 0.579, 'знание': 0.456}",True
Туманность Андромеды,Ефремов,не определено,,,{'мифология': 0.472},False
Туманность Андромеды,Экипажу,не определено,,мифологизация,"{'мифология': 0.729, 'знание': 0.578}",True
Туманность Андромеды,Землею,не определено,,мифологизация,"{'экология': 0.653, 'мифология': 0.647}",True
Туманность Андромеды,Великое Кольцо,не определено,,,"{'мифология': 0.492, 'знание': 0.418}",False
Туманность Андромеды,"Рен
Бозом",не определено,,мифологизация,"{'мифология': 0.62, 'знание': 0.499}",True
Туманность Андромеды,Члены,не определено,,,"{'мифология': 0.524, 'сила': 0.519}",False
Туманность Андромеды,Усовершенствование,не определено,,,"{'знание': 0.567, 'сила': 0.514}",False
Туманность Андромеды,Юпитером,не определено,,,{},False
Туманность Андромеды,Вестники,не определено,,,{},False
Туманность Андромеды,Дыхание,не определено,,,{},False
Туманность Андромеды,Мира Полярная,не определено,,,{},False
Туманность Андромеды,Дрожь,не определено,,мифологизация,"{'мифология': 0.773, 'сила': 0.658}",True
Туманность Андромеды,Афродите,не определено,,мифологизация,"{'мифология': 0.716, 'экология': 0.541}",True
Туманность Андромеды,Симфония Фа,не определено,,,{},False
Туманность Андромеды,Матери Земли,не определено,,,"{'экология': 0.478, 'мифология': 0.411}",False
Туманность Андромеды,Вещему Мозгу,не определено,,,"{'мифология': 0.471, 'знание': 0.448}",False
Туманность Андромеды,Веды Конг,не определено,,мифологизация,"{'мифология': 0.555, 'знание': 0.435}",True
Туманность Андромеды,Эйнштейна,не определено,,,{},False
Туманность Андромеды,Кора,не определено,,мифологизация,"{'мифология': 0.643, 'знание': 0.521}",True
Туманность Андромеды,Дел,не определено,,мифологизация,"{'мифология': 0.74, 'знание': 0.645}",True
Туманность Андромеды,Волосах,не определено,,,{},False
Туманность Андромеды,Башенка,не определено,,мифологизация,"{'мифология': 0.705, 'сила': 0.575}",True
Туманность Андромеды,Архипелага,не определено,,мифологизация,"{'мифология': 0.764, 'знание': 0.667}",True
Туманность Андромеды,Преподаватель,не определено,,,"{'знание': 0.572, 'мифология': 0.538}",False
Туманность Андромеды,Академия Горя,не определено,,,"{'мифология': 0.468, 'знание': 0.439}",False
Туманность Андромеды,Молоко,не определено,,,{},False
Туманность Андромеды,Волосы,не определено,,,{},False
Туманность Андромеды,Доме Совета,не определено,,,{'сила': 0.417},False
Туманность Андромеды,Ветра,не определено,,,"{'сила': 0.428, 'экология': 0.408}",False
Туманность Андромеды,Чара Нанди,инд./санскрит,река Чара + Нанди (счастливый),"искусство, гармония, танец, мифологизация","{'мифология': 0.629, 'знание': 0.446}",True
Туманность Андромеды,Температура,не определено,,,{},False
Туманность Андромеды,Бина,не определено,,мифологизация,"{'мифология': 0.701, 'знание': 0.57}",True
Туманность Андромеды,"Эры
Великого",не определено,,мифологизация,"{'мифология': 0.62, 'сила': 0.557}",True
Туманность Андромеды,Туманностью Андромеды,не определено,,,{'мифология': 0.424},False
Туманность Андромеды,Центральной Америки,не определено,,,{},False
Туманность Андромеды,Цефея,не определено,,мифологизация,"{'мифология': 0.695, 'знание': 0.542}",True
Туманность Андромеды,Индивидуалисты,не определено,,,"{'мифология': 0.55, 'знание': 0.485}",False
Туманность Андромеды,Лица,не определено,,,"{'мифология': 0.511, 'знание': 0.431}",False
Туманность Андромеды,Африки,не определено,,,{'мифология': 0.428},False
Туманность Андромеды,Гончих Псах,не определено,,мифологизация,"{'мифология': 0.63, 'сила': 0.581}",True
Туманность Андромеды,Капля,не определено,,мифологизация,"{'мифология': 0.75, 'знание': 0.606}",True
Туманность Андромеды,Рыбак,не определено,,,"{'мифология': 0.483, 'знание': 0.425}",False
Туманность Андромеды,Кора Юлла,не определено,,мифологизация,"{'мифология': 0.615, 'знание': 0.472}",True
Туманность Андромеды,Цепочка,не определено,,мифологизация,"{'мифология': 0.697, 'сила': 0.54}",True
Туманность Андромеды,Псов,не определено,,мифологизация,"{'мифология': 0.692, 'сила': 0.554}",True
Туманность Андромеды,Китая,не определено,,,{},False
Туманность Андромеды,Альфа Эридана,не определено,,мифологизация,"{'мифология': 0.63, 'сила': 0.46}",True
Туманность Андромеды,Полет,не определено,,,"{'мифология': 0.483, 'сила': 0.432}",False
Туманность Андромеды,Порывы,не определено,,мифологизация,"{'мифология': 0.759, 'знание': 0.676}",True
Туманность Андромеды,Мвена Маса,не определено,,мифологизация,"{'мифология': 0.587, 'знание': 0.436}",True
Туманность Андромеды,Рай,не определено,,мифологизация,"{'мифология': 0.58, 'экология': 0.486}",True
Туманность Андромеды,Покой,не определено,,мифологизация,"{'мифология': 0.594, 'знание': 0.489}",True
Туманность Андромеды,Мужчины,не определено,,,"{'сила': 0.457, 'мифология': 0.437}",False
Туманность Андромеды,Покров,не определено,,мифологизация,"{'мифология': 0.705, 'сила': 0.642}",True
Туманность Андромеды,Юнием,не определено,,мифологизация,"{'мифология': 0.685, 'знание': 0.586}",True
Туманность Андромеды,Эры Мирового,не определено,,мифологизация,"{'мифология': 0.559, 'экология': 0.523}",True
Туманность Андромеды,Вектор,не определено,,мифологизация,"{'мифология': 0.699, 'сила': 0.64}",True
Туманность Андромеды,Через Антарктиду,не определено,,,{},False
Туманность Андромеды,Легенда Синих,не определено,,мифологизация,"{'мифология': 0.677, 'знание': 0.498}",True
Туманность Андромеды,Омега,не определено,,мифологизация,"{'мифология': 0.706, 'знание': 0.564}",True
Туманность Андромеды,Хеба Ура,не определено,,,{'мифология': 0.529},False
Туманность Андромеды,Лебедю,не определено,,мифологизация,"{'мифология': 0.743, 'знание': 0.595}",True
Туманность Андромеды,Гаснут,не определено,,мифологизация,"{'мифология': 0.7, 'знание': 0.552}",True
Туманность Андромеды,Ускорение,не определено,,мифологизация,"{'мифология': 0.734, 'знание': 0.688}",True
Туманность Андромеды,Ктона,не определено,,мифологизация,"{'мифология': 0.69, 'знание': 0.531}",True
Туманность Андромеды,Прием,не определено,,мифологизация,"{'мифология': 0.696, 'знание': 0.655}",True
Туманность Андромеды,Дельта Ворона,не определено,,,"{'мифология': 0.509, 'экология': 0.433}",False
Туманность Андромеды,Экраны,не определено,,мифологизация,"{'мифология': 0.759, 'сила': 0.638}",True
Туманность Андромеды,Ученый,не определено,,,"{'знание': 0.592, 'экология': 0.522}",False
Туманность Андромеды,База,не определено,,мифологизация,"{'мифология': 0.763, 'знание': 0.606}",True
Туманность Андромеды,"Эвда
Наль",не определено,,мифологизация,"{'мифология': 0.583, 'знание': 0.428}",True
Туманность Андромеды,Подсчет,не определено,,мифологизация,"{'мифология': 0.683, 'знание': 0.635}",True
Туманность Андромеды,Река,не определено,,,{},False
Туманность Андромеды,Трудность,не определено,,мифологизация,"{'сила': 0.567, 'знание': 0.56}",True
Туманность Андромеды,Электробус,не определено,,,{},False
Туманность Андромеды,Наше Солнце,не определено,,,{'мифология': 0.4},False
Туманность Андромеды,Лаборатория,не определено,,,"{'знание': 0.491, 'мифология': 0.447}",False
Туманность Андромеды,Усилиями,не определено,,мифологизация,"{'сила': 0.699, 'знание': 0.651}",True
Туманность Андромеды,Доказательств,не определено,,,"{'знание': 0.569, 'сила': 0.497}",False
Туманность Андромеды,Ива Джан,не определено,,мифологизация,"{'мифология': 0.671, 'знание': 0.527}",True
Туманность Андромеды,Громом,не определено,,мифологизация,"{'мифология': 0.765, 'сила': 0.655}",True
Туманность Андромеды,Мама,не определено,,,"{'мифология': 0.475, 'знание': 0.416}",False
Туманность Андромеды,Австралию,не определено,,,"{'мифология': 0.437, 'сила': 0.406}",False
Туманность Андромеды,Альтова,не определено,,мифологизация,"{'мифология': 0.738, 'знание': 0.595}",True
Туманность Андромеды,Корабля,не определено,,мифологизация,"{'мифология': 0.575, 'экология': 0.472}",True
Туманность Андромеды,Целью,не определено,,мифологизация,"{'сила': 0.578, 'мифология': 0.558}",True
Туманность Андромеды,Лошадей,не определено,,,{'мифология': 0.44},False
Туманность Андромеды,Эргом Ноором,не определено,,мифологизация,"{'мифология': 0.666, 'сила': 0.523}",True
Туманность Андромеды,Склон,не определено,,мифологизация,"{'мифология': 0.713, 'знание': 0.595}",True
Туманность Андромеды,"Лумы
Ласви",не определено,,мифологизация,"{'мифология': 0.59, 'знание': 0.452}",True
Туманность Андромеды,Застежка,не определено,,мифологизация,"{'мифология': 0.697, 'сила': 0.596}",True
Туманность Андромеды,Заключение,не определено,,мифологизация,"{'мифология': 0.641, 'сила': 0.613}",True
Туманность Андромеды,Домом Высшей,не определено,,,"{'мифология': 0.504, 'сила': 0.479}",False
Туманность Андромеды,Нептун,не определено,,,{'мифология': 0.411},False
Туманность Андромеды,Пушку,не определено,,,"{'мифология': 0.473, 'сила': 0.454}",False
Туманность Андромеды,Пол,не определено,,,"{'мифология': 0.465, 'сила': 0.434}",False
Туманность Андромеды,Индии,не определено,,,{},False
Туманность Андромеды,Брамы,не определено,,мифологизация,"{'мифология': 0.729, 'знание': 0.582}",True
Туманность Андромеды,Боз,не определено,,мифологизация,"{'мифология': 0.676, 'знание': 0.579}",True
Туманность Андромеды,Стадо,не определено,,мифологизация,"{'мифология': 0.744, 'сила': 0.619}",True
Туманность Андромеды,Стереотелескопы,не определено,,,{},False
Туманность Андромеды,Связь,не определено,,,"{'знание': 0.505, 'мифология': 0.491}",False
Туманность Андромеды,Лиры,не определено,,мифологизация,"{'мифология': 0.595, 'знание': 0.54}",True
Туманность Андромеды,Эроса,не определено,,мифологизация,"{'мифология': 0.716, 'знание': 0.569}",True
Туманность Андромеды,Поневоле,не определено,,мифологизация,"{'мифология': 0.724, 'сила': 0.6}",True
Туманность Андромеды,Карта Сана,не определено,,,{},False
Туманность Андромеды,Остановка,не определено,,мифологизация,"{'мифология': 0.727, 'знание': 0.633}",True
Туманность Андромеды,Реи,не определено,,мифологизация,"{'мифология': 0.717, 'знание': 0.588}",True
Туманность Андромеды,Иван Ефремов,не определено,,,{'мифология': 0.422},False
Туманность Андромеды,Институт Южного,не определено,,,"{'мифология': 0.517, 'знание': 0.474}",False
Туманность Андромеды,Туманностью,не определено,,мифологизация,"{'мифология': 0.649, 'экология': 0.571}",True
Туманность Андромеды,Хиссу,не определено,,мифологизация,"{'мифология': 0.64, 'знание': 0.506}",True
Туманность Андромеды,Спиральная Дорога,не определено,,,"{'мифология': 0.5, 'сила': 0.461}",False
Туманность Андромеды,Запел,не определено,,мифологизация,"{'мифология': 0.757, 'знание': 0.613}",True
Туманность Андромеды,Эвду,не определено,,мифологизация,"{'мифология': 0.73, 'знание': 0.595}",True
Туманность Андромеды,Книга,не определено,,мифологизация,"{'мифология': 0.584, 'знание': 0.547}",True
Туманность Андромеды,Разрез,не определено,,мифологизация,"{'мифология': 0.772, 'знание': 0.655}",True
Туманность Андромеды,Пур Хиссу,не определено,,мифологизация,"{'мифология': 0.626, 'сила': 0.469}",True
Туманность Андромеды,Грому Орму,не определено,,мифологизация,"{'мифология': 0.651, 'экология': 0.56}",True
Туманность Андромеды,Тибета,не определено,,,{},False
Туманность Андромеды,"Эрга
Ноора",не определено,,мифологизация,"{'мифология': 0.717, 'знание': 0.564}",True
Туманность Андромеды,Совета,не определено,,,"{'сила': 0.503, 'мифология': 0.473}",False
Туманность Андромеды,Крыло,не определено,,мифологизация,"{'мифология': 0.757, 'знание': 0.594}",True
Туманность Андромеды,Дельта,не определено,,мифологизация,"{'мифология': 0.712, 'знание': 0.575}",True
Туманность Андромеды,Пелу Лину,не определено,,мифологизация,"{'мифология': 0.599, 'знание': 0.453}",True
Туманность Андромеды,Помещение,не определено,,мифологизация,"{'мифология': 0.577, 'сила': 0.505}",True
Туманность Андромеды,Кольцо,не определено,,,{'мифология': 0.44},False
Туманность Андромеды,Карт,не определено,,мифологизация,"{'мифология': 0.657, 'знание': 0.588}",True
Туманность Андромеды,Кчастиц[4,не определено,,,{},False
Туманность Андромеды,Искоренение,не определено,,,"{'мифология': 0.546, 'экология': 0.544}",False
Туманность Андромеды,Контроль Чести,не определено,,,"{'тирания': 0.516, 'сила': 0.502}",False
Туманность Андромеды,Лумы,не определено,,мифологизация,"{'мифология': 0.755, 'знание': 0.604}",True
Туманность Андромеды,Мрак,не определено,,,"{'мифология': 0.528, 'экология': 0.44}",False
Туманность Андромеды,Предложение Юты,не определено,,мифологизация,"{'мифология': 0.662, 'знание': 0.589}",True
Туманность Андромеды,Азии,не определено,,,{'мифология': 0.419},False
Туманность Андромеды,Вселенной,не определено,,,"{'экология': 0.53, 'мифология': 0.495}",False
Туманность Андромеды,Власть,не определено,,,"{'сила': 0.778, 'тирания': 0.541}",False
Туманность Андромеды,Деве,не определено,,мифологизация,"{'мифология': 0.597, 'сила': 0.52}",True
Туманность Андромеды,"Большой
Медведицы",не определено,,,{'экология': 0.411},False
Туманность Андромеды,Ориона,не определено,,мифологизация,"{'мифология': 0.65, 'экология': 0.498}",True
Туманность Андромеды,Снимки,не определено,,,{'мифология': 0.446},False
Туманность Андромеды,Кони,не определено,,мифологизация,"{'мифология': 0.562, 'знание': 0.474}",True
Туманность Андромеды,Механик Сах,не определено,,мифологизация,"{'мифология': 0.654, 'знание': 0.493}",True
Туманность Андромеды,Средиземноморья,не определено,,,{},False
Туманность Андромеды,Многое,не определено,,,"{'мифология': 0.547, 'знание': 0.489}",False
Туманность Андромеды,Смотрела,не определено,,мифологизация,"{'мифология': 0.739, 'знание': 0.605}",True
Туманность Андромеды,Уэллса,не определено,,мифологизация,"{'мифология': 0.744, 'знание': 0.618}",True
Туманность Андромеды,Плутон,не определено,,,{},False
Туманность Андромеды,Воспитание,не определено,,,"{'знание': 0.597, 'мифология': 0.489}",False
Туманность Андромеды,Опасение,не определено,,мифологизация,"{'мифология': 0.619, 'сила': 0.577}",True
Туманность Андромеды,Дочь Средиземного,не определено,,,{'мифология': 0.407},False
Туманность Андромеды,Золотой Рыбы,не определено,,,{},False
Туманность Андромеды,Низа,не определено,,мифологизация,"{'мифология': 0.602, 'знание': 0.455}",True
Туманность Андромеды,Аргентине,не определено,,,{},False
Туманность Андромеды,Эру Кольца,не определено,,мифологизация,"{'мифология': 0.662, 'знание': 0.547}",True
Туманность Андромеды,Экономики,не определено,,,"{'сила': 0.507, 'знание': 0.438}",False
Туманность Андромеды,Сицилии,не определено,,,{},False
Туманность Андромеды,Цепь,не определено,,мифологизация,"{'мифология': 0.713, 'сила': 0.599}",True
Туманность Андромеды,Люди Земли,не определено,,,"{'экология': 0.493, 'мифология': 0.436}",False
Туманность Андромеды,Тантрой,не определено,,мифологизация,"{'мифология': 0.602, 'знание': 0.475}",True
Туманность Андромеды,Рен Бозу,не определено,,мифологизация,"{'мифология': 0.616, 'знание': 0.487}",True
Туманность Андромеды,Нептуна,не определено,,мифологизация,"{'мифология': 0.593, 'экология': 0.458}",True
Туманность Андромеды,Громадность,не определено,,мифологизация,"{'мифология': 0.576, 'сила': 0.553}",True
Туманность Андромеды,Пока Юний,не определено,,мифологизация,"{'мифология': 0.655, 'знание': 0.541}",True
Туманность Андромеды,Восстановлением,не определено,,,"{'мифология': 0.435, 'экология': 0.421}",False
Туманность Андромеды,Трусам,не определено,,мифологизация,"{'мифология': 0.679, 'сила': 0.535}",True
Туманность Андромеды,Личность Мвена,не определено,,мифологизация,"{'мифология': 0.626, 'знание': 0.505}",True
Туманность Андромеды,Заф,не определено,,мифологизация,"{'мифология': 0.628, 'сила': 0.491}",True
Туманность Андромеды,Ночь,не определено,,,"{'мифология': 0.536, 'сила': 0.434}",False
Туманность Андромеды,"Веда
Конг",не определено,,мифологизация,"{'мифология': 0.558, 'знание': 0.439}",True
Туманность Андромеды,Орма,не определено,,мифологизация,"{'мифология': 0.552, 'знание': 0.445}",True
Туманность Андромеды,Лон,не определено,,мифологизация,"{'мифология': 0.721, 'знание': 0.599}",True
Туманность Андромеды,Действительность,не определено,,мифологизация,"{'знание': 0.637, 'мифология': 0.587}",True
Туманность Андромеды,Лину,не определено,,мифологизация,"{'мифология': 0.718, 'знание': 0.593}",True
Туманность Андромеды,Дело,не определено,,мифологизация,"{'мифология': 0.704, 'знание': 0.66}",True
Туманность Андромеды,Заросли,не определено,,мифологизация,"{'мифология': 0.647, 'сила': 0.582}",True
Туманность Андромеды,Солнце,не определено,,,{},False
Туманность Андромеды,Горючего,не определено,,мифологизация,"{'мифология': 0.671, 'сила': 0.572}",True
Туманность Андромеды,Отбросим,не определено,,,"{'мифология': 0.539, 'сила': 0.453}",False
Туманность Андромеды,Размерами,не определено,,,{},False
Туманность Андромеды,Чертежи,не определено,,мифологизация,"{'мифология': 0.765, 'знание': 0.613}",True
Туманность Андромеды,Лабрадоре,не определено,,,"{'мифология': 0.472, 'экология': 0.423}",False
Туманность Андромеды,Рыбьи,не определено,,,{},False
Туманность Андромеды,Нахэбта,не определено,,мифологизация,"{'мифология': 0.683, 'знание': 0.518}",True
Туманность Андромеды,Фир,не определено,,мифологизация,"{'мифология': 0.756, 'знание': 0.641}",True
Туманность Андромеды,Ормом,не определено,,мифологизация,"{'мифология': 0.705, 'знание': 0.575}",True
Туманность Андромеды,Низшей Определенности,не определено,,,"{'сила': 0.475, 'мифология': 0.406}",False
Туманность Андромеды,Механизмы,не определено,,,"{'сила': 0.57, 'знание': 0.488}",False
Туманность Андромеды,Невозмутимый Ляо,не определено,,мифологизация,"{'мифология': 0.594, 'знание': 0.434}",True
Туманность Андромеды,Голец,не определено,,мифологизация,"{'мифология': 0.773, 'знание': 0.623}",True
Туманность Андромеды,"Туманности
Андромеды",не определено,,,{'мифология': 0.415},False
Туманность Андромеды,Сообщения,не определено,,мифологизация,"{'мифология': 0.555, 'знание': 0.519}",True
Туманность Андромеды,Академия Психофизиологии,не определено,,,{},False
Туманность Андромеды,Гибель,не определено,,мифологизация,"{'мифология': 0.706, 'сила': 0.624}",True
Туманность Андромеды,"Второй
Великой",не определено,,,"{'мифология': 0.542, 'сила': 0.504}",False
Туманность Андромеды,Поспешность,не определено,,,"{'сила': 0.517, 'мифология': 0.511}",False
Туманность Андромеды,Спиральную Дорогу,не определено,,,"{'мифология': 0.475, 'сила': 0.435}",False
Туманность Андромеды,Созвездие Единорога,не определено,,,{'мифология': 0.43},False
Туманность Андромеды,Ингрид,не определено,,мифологизация,"{'мифология': 0.723, 'знание': 0.606}",True
Туманность Андромеды,Улицы,не определено,,мифологизация,"{'мифология': 0.76, 'знание': 0.624}",True
Туманность Андромеды,Прилив,не определено,,,"{'мифология': 0.506, 'экология': 0.41}",False
Туманность Андромеды,Кам,не определено,,мифологизация,"{'мифология': 0.651, 'сила': 0.55}",True
Туманность Андромеды,Целебеса,не определено,,,"{'мифология': 0.537, 'экология': 0.421}",False
Туманность Андромеды,Аэллу,не определено,,мифологизация,"{'мифология': 0.707, 'знание': 0.548}",True
Туманность Андромеды,Историк,не определено,,,"{'мифология': 0.508, 'знание': 0.485}",False
Туманность Андромеды,Путешественники,не определено,,,{'мифология': 0.409},False
Туманность Андромеды,Меркурии,не определено,,,{},False
Туманность Андромеды,Память,не определено,,мифологизация,"{'мифология': 0.561, 'знание': 0.523}",True
Туманность Андромеды,Ветром,не определено,,мифологизация,"{'мифология': 0.567, 'сила': 0.531}",True
Туманность Андромеды,Товарищи,не определено,,мифологизация,"{'мифология': 0.737, 'знание': 0.648}",True
Туманность Андромеды,Землю,не определено,,мифологизация,"{'экология': 0.651, 'мифология': 0.641}",True
Туманность Андромеды,Ахернару,не определено,,мифологизация,"{'мифология': 0.673, 'знание': 0.511}",True
Туманность Андромеды,Эпсилон Тукана,не определено,,,{'мифология': 0.532},False
Туманность Андромеды,Скупая,не определено,,мифологизация,"{'мифология': 0.639, 'сила': 0.589}",True
Туманность Андромеды,Ива,не определено,,мифологизация,"{'мифология': 0.667, 'знание': 0.559}",True
Туманность Андромеды,Победа,не определено,,,"{'сила': 0.608, 'мифология': 0.476}",False
Туманность Андромеды,Башня,не определено,,,"{'сила': 0.45, 'мифология': 0.45}",False
Туманность Андромеды,Рен Бозе,не определено,,мифологизация,"{'мифология': 0.699, 'знание': 0.563}",True
Туманность Андромеды,Механик,не определено,,мифологизация,"{'мифология': 0.756, 'знание': 0.62}",True
Туманность Андромеды,Свист,не определено,,мифологизация,"{'мифология': 0.764, 'знание': 0.63}",True
Туманность Андромеды,Убежище,не определено,,мифологизация,"{'мифология': 0.627, 'знание': 0.546}",True
Туманность Андромеды,Грезой,не определено,,мифологизация,"{'мифология': 0.747, 'знание': 0.624}",True
Туманность Андромеды,Орм,не определено,,мифологизация,"{'мифология': 0.58, 'знание': 0.503}",True
Туманность Андромеды,Едва Дар,не определено,,мифологизация,"{'мифология': 0.698, 'знание': 0.554}",True
Туманность Андромеды,Выключение,не определено,,мифологизация,"{'мифология': 0.566, 'экология': 0.462}",True
Туманность Андромеды,Повесть,не определено,,мифологизация,"{'мифология': 0.719, 'знание': 0.628}",True
Туманность Андромеды,Волосы Вероники,не определено,,,{},False
Туманность Андромеды,Москвой,не определено,,,{},False
Туманность Андромеды,Малого Магелланова,не определено,,,"{'мифология': 0.477, 'экология': 0.405}",False
Туманность Андромеды,"Кэй
Бэр",не определено,,мифологизация,"{'мифология': 0.674, 'знание': 0.571}",True
Туманность Андромеды,Хиросиме,не определено,,,"{'мифология': 0.495, 'сила': 0.427}",False
Туманность Андромеды,Секретарь,не определено,,,"{'знание': 0.443, 'мифология': 0.442}",False
Туманность Андромеды,Южной Африки,не определено,,,{'мифология': 0.42},False
Туманность Андромеды,Платформа,не определено,,,"{'мифология': 0.535, 'сила': 0.482}",False
Туманность Андромеды,Машиной,не определено,,,"{'сила': 0.445, 'мифология': 0.436}",False
Туманность Андромеды,Веде Конг,не определено,,мифологизация,"{'мифология': 0.559, 'знание': 0.44}",True
Туманность Андромеды,Заключение Грома,не определено,,мифологизация,"{'мифология': 0.632, 'сила': 0.595}",True
Туманность Андромеды,Года,не определено,,мифологизация,"{'мифология': 0.659, 'знание': 0.555}",True
Туманность Андромеды,Севера,не определено,,,"{'мифология': 0.51, 'сила': 0.436}",False
Туманность Андромеды,Материки,не определено,,мифологизация,"{'мифология': 0.642, 'знание': 0.536}",True
Туманность Андромеды,Базальт,не определено,,мифологизация,"{'мифология': 0.745, 'знание': 0.593}",True
Туманность Андромеды,Сотни,не определено,,,"{'мифология': 0.42, 'экология': 0.404}",False
Туманность Андромеды,Полосы,не определено,,мифологизация,"{'мифология': 0.701, 'экология': 0.595}",True
Туманность Андромеды,Дороги,не определено,,мифологизация,"{'мифология': 0.557, 'сила': 0.503}",True
Туманность Андромеды,Чтение,не определено,,,"{'знание': 0.474, 'мифология': 0.44}",False
Туманность Андромеды,Данные,не определено,,,"{'знание': 0.542, 'мифология': 0.468}",False
Туманность Андромеды,Вавилонии,не определено,,,"{'мифология': 0.536, 'тирания': 0.409}",False
Туманность Андромеды,Карт Сан,не определено,,мифологизация,"{'мифология': 0.668, 'сила': 0.561}",True
Туманность Андромеды,Медузы,не определено,,мифологизация,"{'мифология': 0.61, 'знание': 0.481}",True
Туманность Андромеды,"Вещий
Мозг",не определено,,,{'знание': 0.461},False
Туманность Андромеды,Западной Африки,не определено,,,{},False
Туманность Андромеды,Анти,не определено,,мифологизация,"{'мифология': 0.619, 'сила': 0.574}",True
Туманность Андромеды,М-51,не определено,,,{},False
Туманность Андромеды,Теперь Рен,не определено,,,"{'мифология': 0.506, 'знание': 0.4}",False
Туманность Андромеды,Языка,не определено,,,"{'мифология': 0.525, 'знание': 0.488}",False
Туманность Андромеды,Домом,не определено,,,"{'мифология': 0.454, 'сила': 0.432}",False
Туманность Андромеды,Алтая,не определено,,мифологизация,"{'мифология': 0.677, 'знание': 0.531}",True
Туманность Андромеды,Андромеде,не определено,,,{},False
Туманность Андромеды,Запас,не определено,,мифологизация,"{'мифология': 0.76, 'знание': 0.613}",True
Туманность Андромеды,Расщепления,не определено,,мифологизация,"{'мифология': 0.622, 'экология': 0.619}",True
Туманность Андромеды,Огни Спиральной,не определено,,,"{'мифология': 0.544, 'экология': 0.458}",False
Туманность Андромеды,Спутник,не определено,,,"{'мифология': 0.479, 'экология': 0.408}",False
Туманность Андромеды,Фстанций,не определено,,мифологизация,"{'мифология': 0.65, 'знание': 0.566}",True
Туманность Андромеды,Хомра,не определено,,мифологизация,"{'мифология': 0.732, 'сила': 0.594}",True
Туманность Андромеды,Раскачивание,не определено,,мифологизация,"{'мифология': 0.595, 'сила': 0.579}",True
Туманность Андромеды,Щеки,не определено,,мифологизация,"{'мифология': 0.731, 'знание': 0.584}",True
Туманность Андромеды,Автор,не определено,,мифологизация,"{'мифология': 0.686, 'знание': 0.637}",True
Туманность Андромеды,Людой Фир,не определено,,мифологизация,"{'мифология': 0.68, 'сила': 0.594}",True
Туманность Андромеды,Гомо,не определено,,мифологизация,"{'мифология': 0.693, 'знание': 0.554}",True
Туманность Андромеды,Красота,не определено,,,"{'мифология': 0.532, 'знание': 0.472}",False
Туманность Андромеды,Неба,не определено,,мифологизация,"{'мифология': 0.679, 'сила': 0.561}",True
Туманность Андромеды,Чаш,не определено,,мифологизация,"{'мифология': 0.732, 'знание': 0.589}",True
Туманность Андромеды,Нажим,не определено,,мифологизация,"{'мифология': 0.746, 'сила': 0.634}",True
Туманность Андромеды,Тело,не определено,,мифологизация,"{'мифология': 0.571, 'знание': 0.478}",True
Туманность Андромеды,Предсказания Будущего,не определено,,,{},False
Туманность Андромеды,Севере,не определено,,,"{'мифология': 0.49, 'сила': 0.423}",False
Туманность Андромеды,Храбрая,не определено,,мифологизация,"{'мифология': 0.641, 'экология': 0.505}",True
Туманность Андромеды,Меркурий,не определено,,,{},False
Туманность Андромеды,Ингрид Дитра,не определено,,мифологизация,"{'мифология': 0.681, 'знание': 0.545}",True
Туманность Андромеды,Марса,не определено,,,{},False
Туманность Андромеды,Привет,не определено,,мифологизация,"{'мифология': 0.611, 'знание': 0.53}",True
Туманность Андромеды,Обхватив,не определено,,мифологизация,"{'мифология': 0.733, 'знание': 0.675}",True
Туманность Андромеды,Разве Пур,не определено,,мифологизация,"{'мифология': 0.636, 'знание': 0.509}",True
Туманность Андромеды,Сроки,не определено,,,"{'мифология': 0.452, 'знание': 0.422}",False
Туманность Андромеды,Ход,не определено,,мифологизация,"{'мифология': 0.651, 'сила': 0.567}",True
Туманность Андромеды,Едемте,не определено,,мифологизация,"{'мифология': 0.655, 'знание': 0.522}",True
Туманность Андромеды,Гоби,не определено,,мифологизация,"{'мифология': 0.58, 'знание': 0.453}",True
Туманность Андромеды,Лебедь,не определено,,мифологизация,"{'мифология': 0.762, 'знание': 0.613}",True
Туманность Андромеды,Совет Звездоплавания,не определено,,,"{'мифология': 0.465, 'знание': 0.419}",False
Туманность Андромеды,Кэй Бэром,не определено,,мифологизация,"{'мифология': 0.68, 'знание': 0.566}",True
Туманность Андромеды,Разных Языков,не определено,,,{},False
Туманность Андромеды,Члены Совета,не определено,,,{},False
Туманность Андромеды,Стекла,не определено,,мифологизация,"{'мифология': 0.696, 'знание': 0.563}",True
Туманность Андромеды,Гитара,не определено,,,{},False
Туманность Андромеды,Дворце Внешней,не определено,,,{'мифология': 0.424},False
Туманность Андромеды,Вещей,не определено,,мифологизация,"{'мифология': 0.778, 'знание': 0.659}",True
Туманность Андромеды,Доме,не определено,,мифологизация,"{'мифология': 0.558, 'знание': 0.468}",True
Туманность Андромеды,Забвения,не определено,,мифологизация,"{'мифология': 0.766, 'знание': 0.639}",True
Туманность Андромеды,Юган,не определено,,,"{'мифология': 0.522, 'экология': 0.447}",False
Туманность Андромеды,Вопрос,не определено,,мифологизация,"{'мифология': 0.612, 'знание': 0.56}",True
Туманность Андромеды,Ганимеду,не определено,,мифологизация,"{'мифология': 0.601, 'сила': 0.447}",True
Туманность Андромеды,Москва,не определено,,,{},False
Туманность Андромеды,Гур Ган,не определено,,мифологизация,"{'мифология': 0.768, 'сила': 0.607}",True
Туманность Андромеды,Процесс,не определено,,,"{'знание': 0.5, 'сила': 0.464}",False
Туманность Андромеды,Исследователи,не определено,,,"{'знание': 0.54, 'экология': 0.483}",False
Туманность Андромеды,Каллисто,не определено,,мифологизация,"{'мифология': 0.629, 'знание': 0.504}",True
Туманность Андромеды,Берингову,не определено,,,"{'мифология': 0.464, 'сила': 0.414}",False
Туманность Андромеды,Словом,не определено,,мифологизация,"{'мифология': 0.625, 'знание': 0.596}",True
Туманность Андромеды,Галактика,не определено,,,{},False
Туманность Андромеды,Зрители,не определено,,,"{'мифология': 0.466, 'знание': 0.424}",False
Туманность Андромеды,Кен,не определено,,,"{'мифология': 0.471, 'сила': 0.42}",False
Туманность Андромеды,Тяготение,не определено,,мифологизация,"{'знание': 0.659, 'мифология': 0.655}",True
Туманность Андромеды,Антарктиде,не определено,,,{},False
Туманность Андромеды,Дежурила Низа,не определено,,мифологизация,"{'мифология': 0.551, 'знание': 0.407}",True
Туманность Андромеды,Ведой Конг,не определено,,мифологизация,"{'мифология': 0.598, 'знание': 0.473}",True
Туманность Андромеды,Диск,не определено,,мифологизация,"{'мифология': 0.738, 'знание': 0.618}",True
Туманность Андромеды,Надежда,не определено,,,"{'мифология': 0.493, 'знание': 0.454}",False
Туманность Андромеды,Корабль,не определено,,,{'мифология': 0.409},False
Туманность Андромеды,Пояс,не определено,,мифологизация,"{'мифология': 0.742, 'знание': 0.652}",True
Туманность Андромеды,Эллипс,не определено,,мифологизация,"{'мифология': 0.666, 'знание': 0.57}",True
Туманность Андромеды,Лейкодендроны,не определено,,,"{'мифология': 0.499, 'экология': 0.451}",False
Туманность Андромеды,Хорош,не определено,,,"{'знание': 0.557, 'мифология': 0.548}",False
Туманность Андромеды,Чарой Нанди,не определено,,мифологизация,"{'мифология': 0.631, 'знание': 0.456}",True
Туманность Андромеды,Заведующий,не определено,,мифологизация,"{'мифология': 0.767, 'знание': 0.651}",True
Туманность Андромеды,Хиссом,не определено,,мифологизация,"{'мифология': 0.626, 'знание': 0.504}",True
Туманность Андромеды,Внезапно Дар,не определено,,,"{'мифология': 0.483, 'знание': 0.421}",False
Туманность Андромеды,Оокр,не определено,,мифологизация,"{'мифология': 0.733, 'знание': 0.594}",True
Туманность Андромеды,Магелланова,не определено,,,"{'мифология': 0.493, 'знание': 0.404}",False
Туманность Андромеды,Сил,не определено,,,"{'сила': 0.755, 'знание': 0.463}",False
Туманность Андромеды,Знание,не определено,,мифологизация,"{'знание': 0.688, 'мифология': 0.553}",True
Туманность Андромеды,Скоро Веда,не определено,,мифологизация,"{'мифология': 0.593, 'знание': 0.473}",True
Туманность Андромеды,Крито,не определено,,,{'мифология': 0.412},False
Туманность Андромеды,Академия Стохастики,не определено,,мифологизация,"{'мифология': 0.559, 'знание': 0.517}",True
Туманность Андромеды,Дочь Эвды,не определено,,,{'мифология': 0.499},False
Туманность Андромеды,Участок,не определено,,мифологизация,"{'мифология': 0.754, 'знание': 0.649}",True
Туманность Андромеды,Лекцию,не определено,,,"{'знание': 0.579, 'мифология': 0.511}",False
Туманность Андромеды,Человек,не определено,,мифологизация,"{'мифология': 0.603, 'сила': 0.536}",True
Туманность Андромеды,Поворот,не определено,,мифологизация,"{'мифология': 0.618, 'сила': 0.559}",True
Туманность Андромеды,Сотрясение,не определено,,мифологизация,"{'мифология': 0.74, 'знание': 0.639}",True
Туманность Андромеды,Цереры,не определено,,мифологизация,"{'мифология': 0.695, 'знание': 0.558}",True
Туманность Андромеды,Ант,не определено,,мифологизация,"{'мифология': 0.718, 'знание': 0.59}",True
Туманность Андромеды,Аэлиты,не определено,,мифологизация,"{'мифология': 0.671, 'знание': 0.497}",True
Туманность Андромеды,Космопорт,не определено,,,{'мифология': 0.415},False
Туманность Андромеды,Бины,не определено,,мифологизация,"{'мифология': 0.759, 'знание': 0.616}",True
Туманность Андромеды,Тысячи,не определено,,,{},False
Туманность Андромеды,Большом Мире,не определено,,мифологизация,"{'мифология': 0.604, 'экология': 0.525}",True
Туманность Андромеды,"Лума
Ласви",не определено,,мифологизация,"{'мифология': 0.562, 'знание': 0.438}",True
Туманность Андромеды,Буря,не определено,,мифологизация,"{'мифология': 0.658, 'сила': 0.563}",True
Туманность Андромеды,Образ Веды,не определено,,мифологизация,"{'мифология': 0.685, 'экология': 0.56}",True
Туманность Андромеды,Просторы,не определено,,мифологизация,"{'мифология': 0.701, 'экология': 0.624}",True
Туманность Андромеды,Пела Лина,не определено,,мифологизация,"{'мифология': 0.58, 'знание': 0.435}",True
Туманность Андромеды,Ионизация,не определено,,мифологизация,"{'мифология': 0.681, 'знание': 0.631}",True
Туманность Андромеды,"Грим
Шар",не определено,,мифологизация,"{'мифология': 0.716, 'экология': 0.582}",True
Туманность Андромеды,Учат,не определено,,,"{'знание': 0.648, 'мифология': 0.535}",False
Туманность Андромеды,Существо,не определено,,мифологизация,"{'мифология': 0.713, 'знание': 0.657}",True
Туманность Андромеды,Плутоне,не определено,,,{'мифология': 0.444},False
Туманность Андромеды,Скульптора,не определено,,,"{'мифология': 0.502, 'знание': 0.402}",False
Туманность Андромеды,Обольстительной,не определено,,мифологизация,"{'мифология': 0.76, 'знание': 0.678}",True
Туманность Андромеды,Каду,не определено,,мифологизация,"{'мифология': 0.564, 'экология': 0.506}",True
Туманность Андромеды,Лед,не определено,,мифологизация,"{'мифология': 0.626, 'сила': 0.546}",True
Туманность Андромеды,Академии Горя,не определено,,,"{'мифология': 0.487, 'знание': 0.472}",False
Туманность Андромеды,Тогда Веда,не определено,,мифологизация,"{'мифология': 0.557, 'сила': 0.452}",True
Туманность Андромеды,Сообщение,не определено,,мифологизация,"{'мифология': 0.576, 'знание': 0.554}",True
Туманность Андромеды,Азор,не определено,,мифологизация,"{'мифология': 0.7, 'знание': 0.562}",True
Туманность Андромеды,Карантин,не определено,,мифологизация,"{'мифология': 0.573, 'знание': 0.431}",True
Туманность Андромеды,Рука,не определено,,,"{'мифология': 0.5, 'сила': 0.484}",False
Туманность Андромеды,Зеленоглазая,не определено,,,"{'экология': 0.556, 'мифология': 0.546}",False
Туманность Андромеды,Братья,не определено,,,"{'мифология': 0.484, 'знание': 0.407}",False
Туманность Андромеды,"Тор
Ан",не определено,,мифологизация,"{'мифология': 0.668, 'сила': 0.543}",True
Туманность Андромеды,Марсом,не определено,,,{},False
Туманность Андромеды,Фантастика,не определено,,,"{'мифология': 0.514, 'сила': 0.476}",False
Туманность Андромеды,Матерей,не определено,,мифологизация,"{'мифология': 0.755, 'знание': 0.624}",True
Туманность Андромеды,Секунда,не определено,,мифологизация,"{'мифология': 0.759, 'знание': 0.639}",True
Туманность Андромеды,Поражение,не определено,,,"{'сила': 0.45, 'мифология': 0.432}",False
Туманность Андромеды,Затмит,не определено,,мифологизация,"{'мифология': 0.678, 'знание': 0.567}",True
Туманность Андромеды,Загадка,не определено,,мифологизация,"{'мифология': 0.708, 'знание': 0.591}",True
Туманность Андромеды,Радость,не определено,,,"{'мифология': 0.495, 'сила': 0.461}",False
Туманность Андромеды,Египта,не определено,,,{'мифология': 0.423},False
Туманность Андромеды,Сооружение,не определено,,мифологизация,"{'сила': 0.635, 'мифология': 0.596}",True
Туманность Андромеды,Вызвать Совет,не определено,,,"{'знание': 0.492, 'сила': 0.412}",False
Туманность Андромеды,Окном,не определено,,,"{'мифология': 0.482, 'экология': 0.438}",False
Туманность Андромеды,Потерь,не определено,,,"{'мифология': 0.459, 'знание': 0.421}",False
Туманность Андромеды,Америки,не определено,,,"{'сила': 0.459, 'мифология': 0.449}",False
Туманность Андромеды,Предсказания,не определено,,,"{'мифология': 0.442, 'сила': 0.417}",False
Туманность Андромеды,Тром,не определено,,мифологизация,"{'мифология': 0.692, 'знание': 0.558}",True
Туманность Андромеды,Храбрая Веда,не определено,,мифологизация,"{'мифология': 0.634, 'экология': 0.499}",True
Туманность Андромеды,Циферблат,не определено,,мифологизация,"{'мифология': 0.662, 'экология': 0.539}",True
Туманность Андромеды,Древнем Египте,не определено,,,{'мифология': 0.42},False
Туманность Андромеды,Парус,греч./миф,чёрный парус Тезея,"гибель, трагедия, судьба, мифологизация","{'мифология': 0.674, 'экология': 0.525}",True
Туманность Андромеды,"Великому
Кольцу",не определено,,,"{'мифология': 0.518, 'знание': 0.437}",False
Туманность Андромеды,"Туманность
Андромеды",не определено,,,{},False
Туманность Андромеды,Стерженьки,не определено,,мифологизация,"{'мифология': 0.723, 'экология': 0.602}",True
Туманность Андромеды,Ведой,не определено,,мифологизация,"{'мифология': 0.732, 'сила': 0.602}",True
Туманность Андромеды,Ляо,не определено,,мифологизация,"{'мифология': 0.662, 'знание': 0.522}",True
Туманность Андромеды,Южной Америкой,не определено,,,{},False
Туманность Андромеды,Денеб,не определено,,мифологизация,"{'мифология': 0.626, 'знание': 0.505}",True
Туманность Андромеды,Греции,не определено,,,{},False
Туманность Андромеды,Веду Конг,не определено,,мифологизация,"{'мифология': 0.596, 'знание': 0.46}",True
Туманность Андромеды,Родосе,не определено,,мифологизация,"{'мифология': 0.68, 'знание': 0.542}",True
Туманность Андромеды,"Юнием
Антом",не определено,,,"{'мифология': 0.545, 'знание': 0.427}",False
Туманность Андромеды,Смелости,не определено,,мифологизация,"{'мифология': 0.725, 'знание': 0.634}",True
Туманность Андромеды,Там Веда,не определено,,мифологизация,"{'мифология': 0.641, 'знание': 0.497}",True
Туманность Андромеды,Отходы,не определено,,,"{'мифология': 0.537, 'сила': 0.512}",False
Туманность Андромеды,Господин,не определено,,мифологизация,"{'мифология': 0.675, 'знание': 0.598}",True
Туманность Андромеды,Дар Ветер,рус./библ.,Дар Бога + Ветер (движение/дух),"гуманизм, лидерство, мудрость",{'сила': 0.428},False
Туманность Андромеды,Внимание Чары,не определено,,мифологизация,"{'мифология': 0.633, 'знание': 0.5}",True
Туманность Андромеды,Фильм,не определено,,мифологизация,"{'мифология': 0.742, 'сила': 0.636}",True
Туманность Андромеды,Миру,не определено,,,"{'мифология': 0.53, 'знание': 0.447}",False
Туманность Андромеды,Фрит,не определено,,мифологизация,"{'мифология': 0.753, 'знание': 0.654}",True
Туманность Андромеды,Впервые Дар,не определено,,,"{'мифология': 0.457, 'знание': 0.411}",False
Туманность Андромеды,Гондваны,не определено,,мифологизация,"{'мифология': 0.599, 'знание': 0.46}",True
Туманность Андромеды,Увидев Мвена,не определено,,мифологизация,"{'мифология': 0.704, 'знание': 0.568}",True
Туманность Андромеды,Желтолицый,не определено,,мифологизация,"{'мифология': 0.674, 'экология': 0.562}",True
Туманность Андромеды,Мвеном,не определено,,мифологизация,"{'мифология': 0.661, 'знание': 0.544}",True
Туманность Андромеды,Ляо Лан,не определено,,мифологизация,"{'мифология': 0.624, 'знание': 0.473}",True
Туманность Андромеды,Гостей,не определено,,,"{'мифология': 0.525, 'экология': 0.449}",False
Туманность Андромеды,Личность,не определено,,мифологизация,"{'мифология': 0.61, 'знание': 0.563}",True
Туманность Андромеды,Двери,не определено,,,{'мифология': 0.448},False
Туманность Андромеды,Созвездие,не определено,,,{'мифология': 0.434},False
Туманность Андромеды,Юлла,не определено,,мифологизация,"{'мифология': 0.71, 'знание': 0.565}",True
Туманность Андромеды,Бет Лон,не определено,,мифологизация,"{'мифология': 0.665, 'знание': 0.565}",True
Туманность Андромеды,Большой Мир,не определено,,,"{'мифология': 0.497, 'экология': 0.482}",False
Туманность Андромеды,Единорога,не определено,,мифологизация,"{'мифология': 0.678, 'сила': 0.572}",True
Туманность Андромеды,Сотнями,не определено,,,"{'мифология': 0.433, 'экология': 0.414}",False
Туманность Андромеды,Лина,не определено,,мифологизация,"{'мифология': 0.668, 'знание': 0.533}",True
Туманность Андромеды,Большого Мира,не определено,,,"{'мифология': 0.524, 'экология': 0.483}",False
Туманность Андромеды,Волны,не определено,,мифологизация,"{'мифология': 0.735, 'сила': 0.607}",True
Туманность Андромеды,Здешние,не определено,,мифологизация,"{'мифология': 0.743, 'знание': 0.594}",True
Туманность Андромеды,Романтика,не определено,,,{'мифология': 0.457},False
Туманность Андромеды,Дзеты,не определено,,мифологизация,"{'мифология': 0.713, 'экология': 0.562}",True
Туманность Андромеды,Человеком,не определено,,мифологизация,"{'мифология': 0.61, 'знание': 0.544}",True
Туманность Андромеды,Ожерелье,не определено,,,"{'мифология': 0.48, 'знание': 0.428}",False
Туманность Андромеды,Вечерами,не определено,,,{'мифология': 0.455},False
Туманность Андромеды,Толщина,не определено,,мифологизация,"{'мифология': 0.757, 'знание': 0.612}",True
Туманность Андромеды,Шерлисом,не определено,,мифологизация,"{'мифология': 0.579, 'знание': 0.486}",True
Туманность Андромеды,Спуск,не определено,,мифологизация,"{'мифология': 0.681, 'сила': 0.627}",True
Туманность Андромеды,Лучи,не определено,,мифологизация,"{'мифология': 0.759, 'знание': 0.601}",True
Туманность Андромеды,"Чара
Нанди",не определено,,мифологизация,"{'мифология': 0.629, 'знание': 0.446}",True
Туманность Андромеды,Углы,не определено,,мифологизация,"{'мифология': 0.744, 'экология': 0.629}",True
Туманность Андромеды,Колокол,не определено,,,"{'мифология': 0.504, 'экология': 0.438}",False
Туманность Андромеды,Скорпионе,не определено,,,"{'мифология': 0.547, 'экология': 0.436}",False
Туманность Андромеды,Алтай,не определено,,мифологизация,"{'мифология': 0.662, 'знание': 0.501}",True
Туманность Андромеды,Ноору,не определено,,мифологизация,"{'мифология': 0.701, 'знание': 0.556}",True
Туманность Андромеды,Потом Дар,не определено,,мифологизация,"{'мифология': 0.604, 'знание': 0.48}",True
Туманность Андромеды,Эры Разобщенного,не определено,,мифологизация,"{'мифология': 0.659, 'знание': 0.588}",True
Туманность Андромеды,Образ,не определено,,мифологизация,"{'мифология': 0.628, 'экология': 0.525}",True
Туманность Андромеды,Адамовым Мостом,не определено,,,"{'мифология': 0.54, 'экология': 0.47}",False
Туманность Андромеды,Огоньки,не определено,,мифологизация,"{'мифология': 0.637, 'сила': 0.527}",True
Туманность Андромеды,Рима,не определено,,,{'мифология': 0.484},False
Туманность Андромеды,Съежившаяся Веда,не определено,,мифологизация,"{'мифология': 0.557, 'знание': 0.461}",True
Туманность Андромеды,Восточный Тавр,не определено,,,"{'мифология': 0.544, 'экология': 0.456}",False
Туманность Андромеды,Мвен,не определено,,мифологизация,"{'мифология': 0.704, 'знание': 0.597}",True
Туманность Андромеды,Изображение,не определено,,,"{'мифология': 0.489, 'экология': 0.428}",False
Туманность Андромеды,Масом,не определено,,мифологизация,"{'сила': 0.707, 'мифология': 0.702}",True
Туманность Андромеды,Поток,не определено,,мифологизация,"{'мифология': 0.556, 'сила': 0.503}",True
Туманность Андромеды,Бэр,не определено,,мифологизация,"{'мифология': 0.685, 'знание': 0.601}",True
Туманность Андромеды,Планета,не определено,,,"{'экология': 0.508, 'мифология': 0.444}",False
Туманность Андромеды,Зирде,не определено,,мифологизация,"{'мифология': 0.691, 'знание': 0.553}",True
Туманность Андромеды,Молодежи,не определено,,,{},False
Туманность Андромеды,Юноши,не определено,,мифологизация,"{'мифология': 0.677, 'знание': 0.564}",True
Туманность Андромеды,Тала,не определено,,мифологизация,"{'мифология': 0.705, 'знание': 0.551}",True
Туманность Андромеды,Психология,не определено,,,"{'знание': 0.566, 'мифология': 0.504}",False
Туманность Андромеды,Освещение,не определено,,мифологизация,"{'мифология': 0.69, 'знание': 0.669}",True
Туманность Андромеды,Дорога,не определено,,мифологизация,"{'мифология': 0.672, 'сила': 0.583}",True
Туманность Андромеды,"Спиральной
Дороги",не определено,,,"{'мифология': 0.539, 'сила': 0.487}",False
Туманность Андромеды,Хирург,не определено,,,{},False
Туманность Андромеды,Паутина,не определено,,мифологизация,"{'мифология': 0.685, 'экология': 0.561}",True
Туманность Андромеды,Мечтатель,не определено,,мифологизация,"{'мифология': 0.703, 'знание': 0.553}",True
Туманность Андромеды,"Чары
Нанди",не определено,,мифологизация,"{'мифология': 0.626, 'экология': 0.434}",True
Туманность Андромеды,Легенда,не определено,,мифологизация,"{'мифология': 0.706, 'знание': 0.544}",True
Туманность Андромеды,До Солнца,не определено,,,"{'мифология': 0.464, 'экология': 0.425}",False
Туманность Андромеды,Волны Индийского,не определено,,,{'мифология': 0.511},False
Туманность Андромеды,Шланги,не определено,,мифологизация,"{'мифология': 0.693, 'знание': 0.541}",True
Туманность Андромеды,Название,не определено,,мифологизация,"{'мифология': 0.575, 'знание': 0.453}",True
Туманность Андромеды,Атлантиды,не определено,,,{'мифология': 0.448},False
Туманность Андромеды,Бали,не определено,,,{'мифология': 0.413},False
Туманность Андромеды,Брови,не определено,,мифологизация,"{'мифология': 0.737, 'знание': 0.638}",True
Туманность Андромеды,Эрг,не определено,,мифологизация,"{'мифология': 0.721, 'знание': 0.599}",True
Туманность Андромеды,Юга,не определено,,,{'мифология': 0.461},False
Туманность Андромеды,Чарой,не определено,,мифологизация,"{'мифология': 0.748, 'знание': 0.591}",True
Туманность Андромеды,Ктон,не определено,,мифологизация,"{'мифология': 0.702, 'знание': 0.568}",True
Туманность Андромеды,Перегон,не определено,,мифологизация,"{'сила': 0.652, 'мифология': 0.634}",True
Туманность Андромеды,Зора,не определено,,мифологизация,"{'мифология': 0.777, 'знание': 0.64}",True
Туманность Андромеды,Голова Бины,не определено,,мифологизация,"{'мифология': 0.627, 'сила': 0.524}",True
Туманность Андромеды,Контуры,не определено,,мифологизация,"{'мифология': 0.75, 'знание': 0.646}",True
Туманность Андромеды,Звездах,не определено,,,"{'мифология': 0.521, 'сила': 0.436}",False
Туманность Андромеды,Эра Общего,не определено,,мифологизация,"{'мифология': 0.636, 'сила': 0.566}",True
Туманность Андромеды,География,не определено,,,"{'экология': 0.459, 'мифология': 0.434}",False
Туманность Андромеды,Ангелы,не определено,,,{'мифология': 0.445},False
Туманность Андромеды,Клубы,не определено,,,{},False
Туманность Андромеды,Дом Сибири,не определено,,,{'мифология': 0.43},False
Туманность Андромеды,Тукана,не определено,,мифологизация,"{'мифология': 0.559, 'знание': 0.407}",True
Туманность Андромеды,Талу,не определено,,мифологизация,"{'мифология': 0.744, 'знание': 0.59}",True
Туманность Андромеды,Грома,не определено,,мифологизация,"{'мифология': 0.738, 'сила': 0.651}",True
Туманность Андромеды,Гром Орм,не определено,,мифологизация,"{'мифология': 0.664, 'экология': 0.573}",True
Туманность Андромеды,Ворона,не определено,,,"{'мифология': 0.497, 'экология': 0.425}",False
Туманность Андромеды,Хотела,не определено,,,{},False
Туманность Андромеды,Реакция,не определено,,,"{'мифология': 0.463, 'сила': 0.461}",False
Туманность Андромеды,Тантра,санскрит/миф,"нить (Ариадны), путь","мифологизация, связь, мудрость, путь","{'мифология': 0.645, 'знание': 0.503}",True
Туманность Андромеды,Излучений,не определено,,,"{'мифология': 0.451, 'экология': 0.447}",False
Туманность Андромеды,Великан,не определено,,мифологизация,"{'мифология': 0.72, 'сила': 0.627}",True
Туманность Андромеды,Станции,не определено,,,{},False
Туманность Андромеды,Фантазии,не определено,,мифологизация,"{'мифология': 0.759, 'знание': 0.605}",True
Туманность Андромеды,Воссоединения,не определено,,мифологизация,"{'мифология': 0.578, 'сила': 0.543}",True
Туманность Андромеды,Трепещу,не определено,,мифологизация,"{'мифология': 0.765, 'экология': 0.624}",True
Туманность Андромеды,Мирах,не определено,,мифологизация,"{'мифология': 0.688, 'знание': 0.514}",True
Туманность Андромеды,Звезда,не определено,,мифологизация,"{'мифология': 0.575, 'сила': 0.458}",True
Туманность Андромеды,Язык,не определено,,,"{'мифология': 0.523, 'знание': 0.484}",False
Туманность Андромеды,Бэром,не определено,,мифологизация,"{'мифология': 0.71, 'знание': 0.603}",True
Туманность Андромеды,Юний Ант,не определено,,мифологизация,"{'мифология': 0.691, 'экология': 0.55}",True
Туманность Андромеды,Тритона,не определено,,,{'мифология': 0.415},False
Туманность Андромеды,Дар Ветра,не определено,,,"{'сила': 0.461, 'мифология': 0.439}",False
Туманность Андромеды,Пробуждение,не определено,,мифологизация,"{'мифология': 0.713, 'сила': 0.651}",True
Туманность Андромеды,Драматурга,не определено,,мифологизация,"{'мифология': 0.704, 'знание': 0.541}",True
Туманность Андромеды,Упрощения,не определено,,мифологизация,"{'мифология': 0.644, 'знание': 0.607}",True
Туманность Андромеды,Большой Медведицы,не определено,,,{'экология': 0.411},False
Туманность Андромеды,"Чтобы
Низа",не определено,,мифологизация,"{'мифология': 0.645, 'знание': 0.506}",True
Туманность Андромеды,Мелодия,не определено,,мифологизация,"{'мифология': 0.715, 'знание': 0.558}",True
Туманность Андромеды,Зан,не определено,,мифологизация,"{'мифология': 0.67, 'знание': 0.541}",True
Туманность Андромеды,Приборы,не определено,,мифологизация,"{'мифология': 0.714, 'знание': 0.654}",True
Туманность Андромеды,Пойдемте,не определено,,мифологизация,"{'мифология': 0.568, 'сила': 0.494}",True
Туманность Андромеды,Сядем,не определено,,,{'мифология': 0.439},False
Туманность Андромеды,Центром,не определено,,,"{'мифология': 0.535, 'знание': 0.487}",False
Туманность Андромеды,Решение,не определено,,мифологизация,"{'мифология': 0.58, 'знание': 0.561}",True
Туманность Андромеды,Двойственность,не определено,,мифологизация,"{'мифология': 0.597, 'знание': 0.573}",True
Туманность Андромеды,Ахернар,не определено,,мифологизация,"{'мифология': 0.676, 'знание': 0.513}",True
Туманность Андромеды,Изучение,не определено,,,"{'знание': 0.639, 'мифология': 0.5}",False
Туманность Андромеды,Увеличение,не определено,,,"{'сила': 0.564, 'мифология': 0.436}",False
Туманность Андромеды,Эвда Наль,не определено,,мифологизация,"{'мифология': 0.583, 'знание': 0.428}",True
Туманность Андромеды,Египте,не определено,,,{'мифология': 0.421},False
Туманность Андромеды,Следы,не определено,,мифологизация,"{'мифология': 0.741, 'знание': 0.647}",True
Туманность Андромеды,Пламя,не определено,,,"{'мифология': 0.478, 'сила': 0.411}",False
Туманность Андромеды,Маяковского,не определено,,,{'мифология': 0.443},False
Туманность Андромеды,Печаль,не определено,,мифологизация,"{'мифология': 0.74, 'знание': 0.581}",True
Туманность Андромеды,Языков,не определено,,,"{'мифология': 0.46, 'знание': 0.435}",False
Туманность Андромеды,Радости,не определено,,,"{'мифология': 0.521, 'сила': 0.473}",False
Туманность Андромеды,Ддиза,не определено,,мифологизация,"{'мифология': 0.658, 'знание': 0.532}",True
Туманность Андромеды,Юнию Анту,не определено,,мифологизация,"{'мифология': 0.666, 'знание': 0.513}",True
Туманность Андромеды,Рен Боз,не определено,,мифологизация,"{'мифология': 0.661, 'знание': 0.536}",True
Туманность Андромеды,Реном,не определено,,мифологизация,"{'мифология': 0.702, 'знание': 0.559}",True
Туманность Андромеды,Нутом,не определено,,мифологизация,"{'мифология': 0.722, 'знание': 0.599}",True
Туманность Андромеды,Магеллана,не определено,,мифологизация,"{'мифология': 0.581, 'знание': 0.476}",True
Туманность Андромеды,Дворец,не определено,,,"{'мифология': 0.463, 'сила': 0.439}",False
Туманность Андромеды,Охлаждение,не определено,,мифологизация,"{'мифология': 0.59, 'экология': 0.535}",True
Туманность Андромеды,"Земле
Грахама",не определено,,мифологизация,"{'мифология': 0.621, 'экология': 0.593}",True
Туманность Андромеды,Pea,не определено,,мифологизация,"{'мифология': 0.582, 'экология': 0.529}",True
Туманность Андромеды,"Дар
Ветра",не определено,,,"{'сила': 0.461, 'мифология': 0.439}",False
Туманность Андромеды,"Впервые
Мвен",не определено,,,"{'мифология': 0.531, 'знание': 0.481}",False
Туманность Андромеды,Гейзенберга,не определено,,,"{'мифология': 0.5, 'сила': 0.435}",False
Туманность Андромеды,Платок,не определено,,мифологизация,"{'мифология': 0.569, 'сила': 0.506}",True
Туманность Андромеды,Ухо Дар,не определено,,,"{'мифология': 0.513, 'знание': 0.438}",False
Туманность Андромеды,Гаммой,не определено,,мифологизация,"{'мифология': 0.719, 'знание': 0.553}",True
Туманность Андромеды,Крик Низы,не определено,,мифологизация,"{'мифология': 0.67, 'сила': 0.512}",True
Туманность Андромеды,Сан,не определено,,мифологизация,"{'мифология': 0.73, 'знание': 0.612}",True
Туманность Андромеды,Мгновение,не определено,,мифологизация,"{'мифология': 0.74, 'знание': 0.652}",True
Туманность Андромеды,Куль,не определено,,мифологизация,"{'мифология': 0.74, 'сила': 0.64}",True
Туманность Андромеды,Чары,не определено,,мифологизация,"{'мифология': 0.686, 'экология': 0.553}",True
Туманность Андромеды,Звездолеты,не определено,,,"{'сила': 0.584, 'мифология': 0.538}",False
Туманность Андромеды,Войны,не определено,,,"{'сила': 0.454, 'тирания': 0.432}",False
Туманность Андромеды,Тележки,не определено,,мифологизация,"{'мифология': 0.752, 'знание': 0.618}",True
Туманность Андромеды,Юность,не определено,,мифологизация,"{'мифология': 0.556, 'знание': 0.507}",True
Туманность Андромеды,Речка,не определено,,,"{'экология': 0.471, 'мифология': 0.464}",False
Туманность Андромеды,Тинтажель,не определено,,мифологизация,"{'мифология': 0.72, 'знание': 0.574}",True
Туманность Андромеды,Веде Юний,не определено,,мифологизация,"{'мифология': 0.745, 'знание': 0.599}",True
Туманность Андромеды,Пур Хисс,не определено,,мифологизация,"{'мифология': 0.64, 'знание': 0.487}",True
Туманность Андромеды,Луна,не определено,,,{},False
Туманность Андромеды,Австралии,не определено,,,"{'мифология': 0.44, 'сила': 0.407}",False
Туманность Андромеды,Сочетание,не определено,,мифологизация,"{'мифология': 0.692, 'знание': 0.628}",True
Туманность Андромеды,Машины,не определено,,,{'сила': 0.409},False
Туманность Андромеды,Вой,не определено,,мифологизация,"{'мифология': 0.765, 'знание': 0.64}",True
Туманность Андромеды,Лет,не определено,,,"{'мифология': 0.514, 'сила': 0.479}",False
Туманность Андромеды,Лона,не определено,,мифологизация,"{'мифология': 0.751, 'знание': 0.596}",True
Туманность Андромеды,Зирдой,не определено,,мифологизация,"{'мифология': 0.739, 'знание': 0.592}",True
Туманность Андромеды,Тритоне,не определено,,,{'мифология': 0.465},False
Туманность Андромеды,Машина,не определено,,,{'сила': 0.402},False
Туманность Андромеды,"Аф
Нутом",не определено,,мифологизация,"{'мифология': 0.672, 'знание': 0.553}",True
Туманность Андромеды,Состав,не определено,,мифологизация,"{'мифология': 0.754, 'знание': 0.663}",True
Туманность Андромеды,Ковер,не определено,,мифологизация,"{'мифология': 0.622, 'сила': 0.57}",True
Туманность Андромеды,Ученый Кам,не определено,,мифологизация,"{'мифология': 0.567, 'знание': 0.565}",True
Туманность Андромеды,Лодка,не определено,,,{},False
Туманность Андромеды,Гончими Псами,не определено,,мифологизация,"{'мифология': 0.578, 'сила': 0.492}",True
Туманность Андромеды,Труда,не определено,,мифологизация,"{'мифология': 0.682, 'знание': 0.621}",True
Туманность Андромеды,Вселенную,не определено,,,"{'экология': 0.524, 'мифология': 0.486}",False
Туманность Андромеды,Шли,не определено,,мифологизация,"{'мифология': 0.717, 'знание': 0.569}",True
Туманность Андромеды,Риск,не определено,,,{'сила': 0.453},False
Туманность Андромеды,День,не определено,,,"{'мифология': 0.524, 'знание': 0.444}",False
Туманность Андромеды,Иван,не определено,,,{'мифология': 0.518},False
Туманность Андромеды,Слушатели,не определено,,,"{'мифология': 0.534, 'знание': 0.501}",False
Туманность Андромеды,Донесся,не определено,,мифологизация,"{'мифология': 0.628, 'знание': 0.542}",True
Туманность Андромеды,Альграб,не определено,,мифологизация,"{'мифология': 0.592, 'сила': 0.467}",True
Туманность Андромеды,Белая Заря,не определено,,мифологизация,"{'мифология': 0.568, 'сила': 0.451}",True
Туманность Андромеды,Наблюдатели,не определено,,мифологизация,"{'мифология': 0.573, 'знание': 0.542}",True
Туманность Андромеды,Пластины,не определено,,,{},False
Туманность Андромеды,Каюты,не определено,,мифологизация,"{'мифология': 0.748, 'экология': 0.611}",True
Туманность Андромеды,Кад,не определено,,мифологизация,"{'мифология': 0.743, 'знание': 0.655}",True
Туманность Андромеды,Эрос,не определено,,мифологизация,"{'мифология': 0.696, 'знание': 0.571}",True
Туманность Андромеды,Луне,не определено,,,{},False
Туманность Андромеды,Дверь,не определено,,,{'мифология': 0.461},False
Туманность Андромеды,Средней Азии,не определено,,,{},False
Туманность Андромеды,Эридана,не определено,,мифологизация,"{'мифология': 0.625, 'знание': 0.48}",True
Туманность Андромеды,Возможность,не определено,,мифологизация,"{'сила': 0.613, 'мифология': 0.612}",True
Туманность Андромеды,Жинну,не определено,,мифологизация,"{'мифология': 0.753, 'знание': 0.594}",True
Туманность Андромеды,Спиральной Дороги,не определено,,,"{'мифология': 0.539, 'сила': 0.487}",False
Туманность Андромеды,Отправив Миико,не определено,,мифологизация,"{'мифология': 0.565, 'знание': 0.428}",True
Туманность Андромеды,Глухо,не определено,,мифологизация,"{'мифология': 0.598, 'знание': 0.534}",True
Туманность Андромеды,Эргу,не определено,,мифологизация,"{'мифология': 0.684, 'знание': 0.537}",True
Туманность Андромеды,Жюль Верн,не определено,,мифологизация,"{'мифология': 0.577, 'знание': 0.497}",True
Туманность Андромеды,Признаков,не определено,,,"{'мифология': 0.529, 'знание': 0.504}",False
Туманность Андромеды,Борозда,не определено,,мифологизация,"{'мифология': 0.704, 'экология': 0.58}",True
Туманность Андромеды,Волка,не определено,,мифологизация,"{'мифология': 0.597, 'экология': 0.516}",True
Туманность Андромеды,Рассказы,не определено,,мифологизация,"{'мифология': 0.701, 'знание': 0.677}",True
Туманность Андромеды,Советом,не определено,,,"{'знание': 0.573, 'мифология': 0.501}",False
Туманность Андромеды,Кэй,не определено,,мифологизация,"{'мифология': 0.722, 'знание': 0.6}",True
Туманность Андромеды,Бета,не определено,,мифологизация,"{'мифология': 0.657, 'знание': 0.55}",True
Туманность Андромеды,Протянем,не определено,,мифологизация,"{'мифология': 0.656, 'сила': 0.566}",True
Туманность Андромеды,Низа Крит,не определено,,,{'мифология': 0.444},False
Туманность Андромеды,Зига,не определено,,мифологизация,"{'мифология': 0.563, 'знание': 0.424}",True
Туманность Андромеды,Дворце Атлантиды,не определено,,,{},False
Туманность Андромеды,Попробую,не определено,,,"{'мифология': 0.475, 'сила': 0.429}",False
Туманность Андромеды,Фигуры,не определено,,мифологизация,"{'мифология': 0.592, 'экология': 0.461}",True
Туманность Андромеды,Ионе,не определено,,мифологизация,"{'мифология': 0.701, 'знание': 0.549}",True
Туманность Андромеды,Землей,не определено,,мифологизация,"{'мифология': 0.652, 'экология': 0.651}",True
Туманность Андромеды,Амата,не определено,,мифологизация,"{'мифология': 0.662, 'знание': 0.521}",True
Туманность Андромеды,Математик,не определено,,,"{'знание': 0.474, 'мифология': 0.416}",False
Туманность Андромеды,Полеты,не определено,,,{},False
Туманность Андромеды,Хисс,не определено,,мифологизация,"{'мифология': 0.646, 'знание': 0.542}",True
Туманность Андромеды,Посадка,не определено,,мифологизация,"{'мифология': 0.736, 'экология': 0.644}",True
Туманность Андромеды,Тигр,не определено,,,{'мифология': 0.423},False
Туманность Андромеды,Лаик,не определено,,мифологизация,"{'мифология': 0.753, 'знание': 0.628}",True
Туманность Андромеды,Герои,не определено,,,"{'мифология': 0.512, 'сила': 0.483}",False
Туманность Андромеды,Ураган,не определено,,,{},False
Туманность Андромеды,Кам Амат,не определено,,мифологизация,"{'мифология': 0.648, 'сила': 0.491}",True
Туманность Андромеды,Юпитер,не определено,,,{},False
Туманность Андромеды,Геркулеса,не определено,,,"{'мифология': 0.549, 'экология': 0.473}",False
Туманность Андромеды,Альбирео,не определено,,мифологизация,"{'мифология': 0.599, 'экология': 0.521}",True
Туманность Андромеды,Развитие,не определено,,,"{'знание': 0.527, 'мифология': 0.489}",False
Туманность Андромеды,Дейр,не определено,,мифологизация,"{'мифология': 0.708, 'знание': 0.601}",True
Туманность Андромеды,История Бета,не определено,,мифологизация,"{'мифология': 0.592, 'знание': 0.493}",True
Туманность Андромеды,Задержка,не определено,,,"{'мифология': 0.522, 'сила': 0.49}",False
Туманность Андромеды,Усилители,не определено,,мифологизация,"{'мифология': 0.69, 'сила': 0.69}",True
Туманность Андромеды,Локаторы,не определено,,мифологизация,"{'мифология': 0.665, 'сила': 0.566}",True
Туманность Андромеды,Здание,не определено,,,"{'мифология': 0.536, 'сила': 0.534}",False
Туманность Андромеды,Тор,не определено,,мифологизация,"{'мифология': 0.644, 'сила': 0.539}",True
Туманность Андромеды,Друзья,не определено,,,"{'мифология': 0.484, 'знание': 0.448}",False
Туманность Андромеды,Белой,не определено,,,{'мифология': 0.439},False
Туманность Андромеды,Низой,не определено,,мифологизация,"{'мифология': 0.662, 'знание': 0.498}",True
Туманность Андромеды,Страданьем,не определено,,мифологизация,"{'мифология': 0.777, 'знание': 0.668}",True
Туманность Андромеды,Ясен,не определено,,мифологизация,"{'мифология': 0.722, 'знание': 0.607}",True
Туманность Андромеды,Иртыша,не определено,,мифологизация,"{'мифология': 0.682, 'знание': 0.515}",True
Туманность Андромеды,Ддиз,не определено,,мифологизация,"{'мифология': 0.679, 'знание': 0.587}",True
Туманность Андромеды,Ответ,не определено,,мифологизация,"{'мифология': 0.631, 'сила': 0.601}",True
Туманность Андромеды,Сатурна,не определено,,,{},False
Туманность Андромеды,Дома Истории,не определено,,,{'мифология': 0.467},False
Туманность Андромеды,Вина,не определено,,,{'мифология': 0.46},False
Туманность Андромеды,Фильмы,не определено,,,"{'мифология': 0.5, 'сила': 0.448}",False
Туманность Андромеды,Расстояние,не определено,,,{'мифология': 0.42},False
Туманность Андромеды,Незнания,не определено,,мифологизация,"{'знание': 0.586, 'мифология': 0.583}",True
Туманность Андромеды,Альграбом,не определено,,,{'мифология': 0.484},False
Туманность Андромеды,Дней,не определено,,,"{'мифология': 0.5, 'знание': 0.438}",False
Туманность Андромеды,Таков,не определено,,мифологизация,"{'мифология': 0.623, 'знание': 0.57}",True
Туманность Андромеды,Эру Великого,не определено,,мифологизация,"{'мифология': 0.587, 'сила': 0.572}",True
Туманность Андромеды,Змеей,не определено,,,"{'мифология': 0.419, 'экология': 0.408}",False
Туманность Андромеды,Остров Забвения,не определено,,,{'мифология': 0.479},False
Туманность Андромеды,Молодая Лума,не определено,,,{'мифология': 0.483},False
Туманность Андромеды,Центральной Индии,не определено,,,{},False
Туманность Андромеды,Постройка,не определено,,,"{'сила': 0.525, 'мифология': 0.509}",False
Туманность Андромеды,Познания Мвена,не определено,,мифологизация,"{'мифология': 0.684, 'знание': 0.651}",True
Туманность Андромеды,Венере,не определено,,,{'мифология': 0.483},False
Туманность Андромеды,Луч,не определено,,мифологизация,"{'мифология': 0.788, 'знание': 0.658}",True
Туманность Андромеды,Альграба,не определено,,мифологизация,"{'мифология': 0.556, 'экология': 0.423}",True
Туманность Андромеды,Большой Сирт,не определено,,мифологизация,"{'мифология': 0.578, 'знание': 0.488}",True
Туманность Андромеды,Противоречие,не определено,,мифологизация,"{'мифология': 0.611, 'знание': 0.577}",True
Туманность Андромеды,Ослабели,не определено,,мифологизация,"{'мифология': 0.576, 'знание': 0.531}",True
Туманность Андромеды,Сова,не определено,,мифологизация,"{'мифология': 0.774, 'знание': 0.625}",True
Туманность Андромеды,Находка,не определено,,мифологизация,"{'мифология': 0.647, 'знание': 0.618}",True
Туманность Андромеды,Сторонники,не определено,,,"{'сила': 0.509, 'мифология': 0.46}",False
Туманность Андромеды,Эллады,не определено,,мифологизация,"{'мифология': 0.699, 'знание': 0.559}",True
Туманность Андромеды,Хали,не определено,,мифологизация,"{'мифология': 0.712, 'знание': 0.58}",True
Туманность Андромеды,Неужели Эрг,не определено,,мифологизация,"{'мифология': 0.572, 'знание': 0.458}",True
Туманность Андромеды,Эру,не определено,,мифологизация,"{'мифология': 0.725, 'знание': 0.605}",True
Туманность Андромеды,"Эра
Великого",не определено,,,"{'мифология': 0.541, 'сила': 0.492}",False
Туманность Андромеды,Эона,не определено,,мифологизация,"{'мифология': 0.632, 'знание': 0.504}",True
Туманность Андромеды,Бет,не определено,,мифологизация,"{'мифология': 0.665, 'знание': 0.583}",True
Туманность Андромеды,Летом Вега,не определено,,,{'мифология': 0.489},False
Туманность Андромеды,Эмба,не определено,,мифологизация,"{'мифология': 0.679, 'знание': 0.542}",True
Туманность Андромеды,Посылка,не определено,,мифологизация,"{'мифология': 0.677, 'знание': 0.617}",True
Туманность Андромеды,Дитра,не определено,,мифологизация,"{'мифология': 0.754, 'знание': 0.62}",True
Туманность Андромеды,Пристанище,не определено,,,{'мифология': 0.435},False
Туманность Андромеды,Вот Миико,не определено,,,{'мифология': 0.472},False
Туманность Андромеды,Мвену Масу,не определено,,мифологизация,"{'мифология': 0.698, 'сила': 0.567}",True
Туманность Андромеды,Автоматизация,не определено,,,{},False
Туманность Андромеды,Мира,не определено,,мифологизация,"{'мифология': 0.688, 'знание': 0.568}",True
Туманность Андромеды,Отблески,не определено,,мифологизация,"{'мифология': 0.71, 'знание': 0.665}",True
Туманность Андромеды,Мечи,не определено,,мифологизация,"{'мифология': 0.708, 'экология': 0.603}",True
Туманность Андромеды,Зеландию,не определено,,,"{'мифология': 0.486, 'сила': 0.427}",False
Туманность Андромеды,Грим Шара,не определено,,мифологизация,"{'мифология': 0.643, 'экология': 0.519}",True
Туманность Андромеды,Эра,не определено,,мифологизация,"{'мифология': 0.758, 'знание': 0.631}",True
Туманность Андромеды,Гур,не определено,,мифологизация,"{'мифология': 0.761, 'сила': 0.651}",True
Туманность Андромеды,Ассистенты,не определено,,,{},False
Туманность Андромеды,Веды,не определено,,мифологизация,"{'мифология': 0.776, 'знание': 0.647}",True
Туманность Андромеды,Оператор,не определено,,мифологизация,"{'мифология': 0.56, 'сила': 0.526}",True
Туманность Андромеды,Массивы,не определено,,мифологизация,"{'сила': 0.599, 'мифология': 0.587}",True
Туманность Андромеды,Листья,не определено,,,"{'экология': 0.549, 'мифология': 0.469}",False
Туманность Андромеды,Контролями Юга,не определено,,,"{'сила': 0.439, 'тирания': 0.403}",False
Туманность Андромеды,Многие,не определено,,,"{'мифология': 0.54, 'знание': 0.487}",False
Туманность Андромеды,Гул,не определено,,мифологизация,"{'мифология': 0.657, 'знание': 0.554}",True
Туманность Андромеды,Удары,не определено,,мифологизация,"{'сила': 0.587, 'мифология': 0.569}",True
Туманность Андромеды,Ява,не определено,,мифологизация,"{'мифология': 0.733, 'знание': 0.596}",True
Туманность Андромеды,Ученыйастроном,не определено,,,"{'знание': 0.499, 'экология': 0.47}",False
Туманность Андромеды,Тавр,не определено,,мифологизация,"{'мифология': 0.75, 'знание': 0.606}",True
Туманность Андромеды,Уэллсом,не определено,,мифологизация,"{'мифология': 0.733, 'знание': 0.618}",True
Туманность Андромеды,Мальчик,не определено,,,{},False
Туманность Андромеды,Низе,не определено,,мифологизация,"{'мифология': 0.73, 'знание': 0.589}",True
Туманность Андромеды,Первого Изобилия,не определено,,,"{'мифология': 0.506, 'экология': 0.477}",False
Туманность Андромеды,Рен,не определено,,мифологизация,"{'мифология': 0.668, 'знание': 0.553}",True
Туманность Андромеды,Древней Греции,не определено,,,{},False
Туманность Андромеды,Спиралодиск,не определено,,мифологизация,"{'мифология': 0.712, 'знание': 0.586}",True
Туманность Андромеды,Мысли,не определено,,мифологизация,"{'мифология': 0.693, 'знание': 0.626}",True
Туманность Андромеды,Звездочки,не определено,,,"{'мифология': 0.53, 'экология': 0.409}",False
Туманность Андромеды,Женщина,не определено,,,"{'мифология': 0.469, 'знание': 0.438}",False
Туманность Андромеды,Известие,не определено,,мифологизация,"{'мифология': 0.664, 'знание': 0.619}",True
Туманность Андромеды,Куча,не определено,,мифологизация,"{'мифология': 0.591, 'экология': 0.489}",True
Туманность Андромеды,Долг,не определено,,мифологизация,"{'мифология': 0.739, 'знание': 0.636}",True
Туманность Андромеды,Чара,не определено,,мифологизация,"{'мифология': 0.718, 'знание': 0.543}",True
Туманность Андромеды,Америке,не определено,,,"{'сила': 0.46, 'мифология': 0.458}",False
Туманность Андромеды,Страдание,не определено,,мифологизация,"{'мифология': 0.647, 'знание': 0.59}",True
Туманность Андромеды,Археологи,не определено,,,"{'мифология': 0.462, 'экология': 0.433}",False
Туманность Андромеды,Голос Веды,не определено,,мифологизация,"{'мифология': 0.551, 'знание': 0.435}",True
Туманность Андромеды,Приз,не определено,,мифологизация,"{'мифология': 0.729, 'знание': 0.578}",True
Туманность Андромеды,Арком,не определено,,мифологизация,"{'мифология': 0.635, 'экология': 0.538}",True
Туманность Андромеды,Маса,не определено,,мифологизация,"{'мифология': 0.743, 'сила': 0.639}",True
Туманность Андромеды,Масу,не определено,,мифологизация,"{'мифология': 0.749, 'сила': 0.707}",True
Туманность Андромеды,Хисса,не определено,,мифологизация,"{'мифология': 0.702, 'знание': 0.562}",True
Туманность Андромеды,Чепуха,не определено,,мифологизация,"{'мифология': 0.667, 'сила': 0.518}",True
Туманность Андромеды,Советом Звездоплавания,не определено,,,"{'мифология': 0.462, 'знание': 0.421}",False
Туманность Андромеды,Переустройство,не определено,,,"{'мифология': 0.448, 'знание': 0.435}",False
Туманность Андромеды,Великому Кольцу,не определено,,,"{'мифология': 0.518, 'знание': 0.437}",False
Туманность Андромеды,Председатель Совета,не определено,,,{},False
Туманность Андромеды,Ошибкой,не определено,,,"{'мифология': 0.506, 'знание': 0.456}",False
Туманность Андромеды,Где Миико,не определено,,,{},False
Туманность Андромеды,Теты,не определено,,мифологизация,"{'мифология': 0.569, 'знание': 0.49}",True
Туманность Андромеды,Где Веда,не определено,,,{'мифология': 0.456},False
Туманность Андромеды,Крик,не определено,,,"{'мифология': 0.502, 'сила': 0.422}",False
Туманность Андромеды,Музыки,не определено,,,"{'мифология': 0.496, 'знание': 0.421}",False
Туманность Андромеды,Руб,не определено,,,{},False
Туманность Андромеды,Нут,не определено,,мифологизация,"{'мифология': 0.69, 'знание': 0.597}",True
Туманность Андромеды,Белло Галь,не определено,,мифологизация,"{'мифология': 0.641, 'знание': 0.509}",True
Туманность Андромеды,Чучела,не определено,,мифологизация,"{'мифология': 0.711, 'экология': 0.552}",True
Туманность Андромеды,Советы,не определено,,,"{'знание': 0.569, 'мифология': 0.496}",False
Туманность Андромеды,Грома Орма,не определено,,мифологизация,"{'мифология': 0.611, 'экология': 0.514}",True
Туманность Андромеды,Подсознание,не определено,,мифологизация,"{'знание': 0.65, 'мифология': 0.641}",True
Туманность Андромеды,"Когда
Бет",не определено,,,"{'мифология': 0.542, 'знание': 0.457}",False
Туманность Андромеды,Поднялся Гром,не определено,,мифологизация,"{'мифология': 0.644, 'сила': 0.587}",True
Туманность Андромеды,"Пел
Лин",не определено,,мифологизация,"{'мифология': 0.655, 'знание': 0.524}",True
Туманность Андромеды,Эпсилон,не определено,,мифологизация,"{'мифология': 0.585, 'знание': 0.462}",True
Туманность Андромеды,Мас,не определено,,мифологизация,"{'мифология': 0.757, 'сила': 0.668}",True
Туманность Андромеды,Исследование,не определено,,,"{'знание': 0.635, 'мифология': 0.549}",False
Туманность Андромеды,Поэтому Лума,не определено,,,"{'мифология': 0.534, 'знание': 0.417}",False
Туманность Андромеды,Система,не определено,,,"{'сила': 0.505, 'знание': 0.502}",False
Туманность Андромеды,Особенностью,не определено,,мифологизация,"{'мифология': 0.669, 'знание': 0.644}",True
Туманность Андромеды,Анту,не определено,,мифологизация,"{'мифология': 0.658, 'знание': 0.533}",True
Туманность Андромеды,Фаэтона,не определено,,мифологизация,"{'мифология': 0.596, 'знание': 0.435}",True
Туманность Андромеды,Луме,не определено,,мифологизация,"{'мифология': 0.72, 'сила': 0.588}",True
Туманность Андромеды,Хомру,не определено,,мифологизация,"{'мифология': 0.65, 'сила': 0.517}",True
Туманность Андромеды,Эра Мирового,не определено,,,"{'мифология': 0.544, 'экология': 0.509}",False
Туманность Андромеды,Примечания,не определено,,мифологизация,"{'мифология': 0.649, 'знание': 0.632}",True
Туманность Андромеды,Аплит,не определено,,мифологизация,"{'мифология': 0.582, 'знание': 0.533}",True
Туманность Андромеды,Кад Лайта,не определено,,мифологизация,"{'мифология': 0.637, 'знание': 0.495}",True
Туманность Андромеды,Тигры,не определено,,,"{'мифология': 0.475, 'сила': 0.458}",False
Туманность Андромеды,Физик,не определено,,мифологизация,"{'знание': 0.61, 'сила': 0.59}",True
Туманность Андромеды,Напряжение,не определено,,,"{'сила': 0.502, 'мифология': 0.471}",False
Туманность Андромеды,Силикобор,не определено,,,"{'мифология': 0.518, 'знание': 0.451}",False
Туманность Андромеды,Тарон,не определено,,мифологизация,"{'мифология': 0.584, 'знание': 0.436}",True
Туманность Андромеды,Предание,не определено,,мифологизация,"{'мифология': 0.704, 'знание': 0.682}",True
Туманность Андромеды,Академию Пределов,не определено,,,"{'мифология': 0.532, 'знание': 0.53}",False
Туманность Андромеды,Капитализма,не определено,,,{'сила': 0.424},False
Туманность Андромеды,Галактики,не определено,,,{},False
Туманность Андромеды,Нежность,не определено,,,"{'мифология': 0.54, 'знание': 0.503}",False
Туманность Андромеды,Раскаты,не определено,,мифологизация,"{'мифология': 0.722, 'знание': 0.632}",True
Туманность Андромеды,Девы,не определено,,,"{'мифология': 0.513, 'знание': 0.457}",False
Туманность Андромеды,Руки,не определено,,,"{'мифология': 0.466, 'сила': 0.453}",False
Туманность Андромеды,Вызывайте,не определено,,мифологизация,"{'мифология': 0.569, 'сила': 0.51}",True
Туманность Андромеды,"Рен
Боз",не определено,,мифологизация,"{'мифология': 0.661, 'знание': 0.536}",True
Туманность Андромеды,Взгляд,не определено,,мифологизация,"{'мифология': 0.659, 'знание': 0.609}",True
Туманность Андромеды,Песня,не определено,,,"{'мифология': 0.528, 'сила': 0.437}",False
Туманность Андромеды,Экваториальной Африке,не определено,,,{},False
Туманность Андромеды,Звезда Альграб,не определено,,мифологизация,"{'мифология': 0.573, 'сила': 0.432}",True
Туманность Андромеды,Лан,не определено,,мифологизация,"{'мифология': 0.693, 'знание': 0.571}",True
Туманность Андромеды,Дочери,не определено,,,{},False
Туманность Андромеды,Революции,не определено,,,"{'сила': 0.475, 'мифология': 0.416}",False
Туманность Андромеды,Поморья,не определено,,мифологизация,"{'мифология': 0.75, 'экология': 0.616}",True
Туманность Андромеды,Скорей,не определено,,мифологизация,"{'мифология': 0.675, 'знание': 0.538}",True
Туманность Андромеды,Ценитель,не определено,,мифологизация,"{'мифология': 0.666, 'сила': 0.594}",True
Туманность Андромеды,Альфы Лиры,не определено,,мифологизация,"{'мифология': 0.646, 'знание': 0.512}",True
Туманность Андромеды,Метрон,не определено,,мифологизация,"{'мифология': 0.67, 'знание': 0.572}",True
Туманность Андромеды,Гаммой Лебедя,не определено,,мифологизация,"{'мифология': 0.615, 'знание': 0.459}",True
Туманность Андромеды,Солнц,не определено,,мифологизация,"{'мифология': 0.679, 'экология': 0.554}",True
Туманность Андромеды,"Совет
Звездоплавания",не определено,,,"{'мифология': 0.465, 'знание': 0.419}",False
Туманность Андромеды,Работы,не определено,,,"{'сила': 0.563, 'знание': 0.532}",False
Туманность Андромеды,Бины Лед,не определено,,мифологизация,"{'мифология': 0.716, 'сила': 0.6}",True
Туманность Андромеды,"Туманностью
Андромеды",не определено,,,{'мифология': 0.424},False
Туманность Андромеды,Винтолет,не определено,,,"{'мифология': 0.458, 'экология': 0.415}",False
Туманность Андромеды,"Великого
Кольца",не определено,,,"{'мифология': 0.537, 'знание': 0.454}",False
Туманность Андромеды,Птицы,не определено,,,{},False
Туманность Андромеды,Кон,не определено,,мифологизация,"{'мифология': 0.731, 'знание': 0.624}",True
Туманность Андромеды,Нута,не определено,,мифологизация,"{'мифология': 0.691, 'знание': 0.569}",True
Туманность Андромеды,Пламенных Чаш,не определено,,,"{'мифология': 0.523, 'сила': 0.443}",False
Туманность Андромеды,Галактике,не определено,,,{},False
Туманность Андромеды,Лума Ласви,не определено,,мифологизация,"{'мифология': 0.562, 'знание': 0.438}",True
Туманность Андромеды,Голова,не определено,,мифологизация,"{'мифология': 0.594, 'сила': 0.498}",True
Туманность Андромеды,Уром,не определено,,мифологизация,"{'мифология': 0.748, 'знание': 0.601}",True
Туманность Андромеды,Тиратрон,не определено,,мифологизация,"{'мифология': 0.554, 'знание': 0.438}",True
Туманность Андромеды,Аннабель,не определено,,мифологизация,"{'мифология': 0.62, 'знание': 0.476}",True
Туманность Андромеды,Куски,не определено,,мифологизация,"{'мифология': 0.642, 'знание': 0.524}",True
Туманность Андромеды,Центральной Атлантике,не определено,,,{},False
Туманность Андромеды,Зала,не определено,,мифологизация,"{'мифология': 0.647, 'знание': 0.551}",True
Туманность Андромеды,Пределов,не определено,,мифологизация,"{'мифология': 0.722, 'знание': 0.584}",True
Туманность Андромеды,Слои,не определено,,мифологизация,"{'мифология': 0.737, 'знание': 0.597}",True
Туманность Андромеды,Миико Эйгоро,не определено,,,{'мифология': 0.496},False
Туманность Андромеды,Юноша,не определено,,мифологизация,"{'мифология': 0.682, 'знание': 0.53}",True
Туманность Андромеды,Рискнем,не определено,,,"{'сила': 0.458, 'мифология': 0.415}",False
Туманность Андромеды,"Мвена
Маса",не определено,,мифологизация,"{'мифология': 0.587, 'знание': 0.436}",True
Туманность Андромеды,Нужность,не определено,,,"{'знание': 0.576, 'мифология': 0.537}",False
Туманность Андромеды,Парусу,не определено,,,{'мифология': 0.471},False
Туманность Андромеды,Дежурила,не определено,,мифологизация,"{'мифология': 0.71, 'знание': 0.583}",True
Туманность Андромеды,Девушке,не определено,,,"{'мифология': 0.515, 'знание': 0.445}",False
Туманность Андромеды,Высшего Искусства,не определено,,,"{'мифология': 0.486, 'сила': 0.453}",False
Туманность Андромеды,Живот,не определено,,мифологизация,"{'мифология': 0.624, 'экология': 0.599}",True
Туманность Андромеды,Ноги Мвена,не определено,,мифологизация,"{'мифология': 0.575, 'экология': 0.444}",True
Туманность Андромеды,Темнота,не определено,,,"{'мифология': 0.492, 'экология': 0.414}",False
Туманность Андромеды,Композиторы,не определено,,,"{'мифология': 0.54, 'знание': 0.464}",False
Туманность Андромеды,Очнувшаяся Веда,не определено,,,"{'мифология': 0.499, 'знание': 0.448}",False
Туманность Андромеды,Запись,не определено,,мифологизация,"{'мифология': 0.672, 'знание': 0.608}",True
Туманность Андромеды,Снимок,не определено,,,"{'мифология': 0.494, 'экология': 0.422}",False
Туманность Андромеды,Эры Великого,не определено,,мифологизация,"{'мифология': 0.62, 'сила': 0.557}",True
Туманность Андромеды,Сердце Мвена,не определено,,,{},False
Туманность Андромеды,Полезности,не определено,,,"{'знание': 0.619, 'сила': 0.55}",False
Туманность Андромеды,Бозу,не определено,,мифологизация,"{'мифология': 0.668, 'знание': 0.537}",True
Туманность Андромеды,Лумой,не определено,,мифологизация,"{'мифология': 0.686, 'знание': 0.529}",True
Туманность Андромеды,Особенно Дар,не определено,,,"{'мифология': 0.549, 'знание': 0.516}",False
Туманность Андромеды,Подвиг,не определено,,,"{'мифология': 0.502, 'знание': 0.488}",False
Туманность Андромеды,Эль Хомру,не определено,,,"{'мифология': 0.525, 'сила': 0.44}",False
Туманность Андромеды,Затаив,не определено,,мифологизация,"{'мифология': 0.689, 'сила': 0.57}",True
Туманность Андромеды,Чувство,не определено,,,"{'мифология': 0.53, 'знание': 0.514}",False
Туманность Андромеды,Треугольника,не определено,,,{'мифология': 0.488},False
Туманность Андромеды,Фильтры,не определено,,мифологизация,"{'мифология': 0.732, 'знание': 0.624}",True
Туманность Андромеды,Сын,не определено,,,{'мифология': 0.457},False
Туманность Андромеды,Ритм,не определено,,мифологизация,"{'мифология': 0.742, 'знание': 0.616}",True
Туманность Андромеды,Ган,не определено,,мифологизация,"{'мифология': 0.756, 'сила': 0.628}",True
Туманность Андромеды,Очнувшийся Пел,не определено,,,"{'мифология': 0.528, 'знание': 0.463}",False
Туманность Андромеды,Институт Нервных,не определено,,,{},False
Туманность Андромеды,Переустройства,не определено,,,"{'мифология': 0.417, 'знание': 0.406}",False
Туманность Андромеды,"Рен
Боза",не определено,,мифологизация,"{'мифология': 0.657, 'знание': 0.518}",True
Туманность Андромеды,"Дар
Ветер",не определено,,,{'сила': 0.428},False
Туманность Андромеды,Дальше Денеба,не определено,,,"{'мифология': 0.516, 'экология': 0.404}",False
Туманность Андромеды,Причина,не определено,,мифологизация,"{'знание': 0.575, 'мифология': 0.562}",True
Туманность Андромеды,Богиня,не определено,,мифологизация,"{'мифология': 0.605, 'знание': 0.45}",True
Туманность Андромеды,Бетом Лоном,не определено,,мифологизация,"{'мифология': 0.65, 'знание': 0.525}",True
Туманность Андромеды,Эры Общего,не определено,,мифологизация,"{'мифология': 0.669, 'знание': 0.584}",True
Туманность Андромеды,Почва,не определено,,мифологизация,"{'мифология': 0.778, 'знание': 0.632}",True
Туманность Андромеды,Женщины,не определено,,,{},False
Туманность Андромеды,Внимание,не определено,,мифологизация,"{'мифология': 0.608, 'знание': 0.574}",True
Туманность Андромеды,Плывет,не определено,,мифологизация,"{'мифология': 0.685, 'знание': 0.563}",True
Туманность Андромеды,Ветер,не определено,,,{},False
Туманность Андромеды,Крыша,не определено,,,"{'сила': 0.472, 'мифология': 0.443}",False
Туманность Андромеды,Обилие,не определено,,мифологизация,"{'мифология': 0.757, 'знание': 0.639}",True
Туманность Андромеды,Бину,не определено,,мифологизация,"{'мифология': 0.639, 'знание': 0.525}",True
Туманность Андромеды,Большого Магелланова,не определено,,,"{'мифология': 0.505, 'экология': 0.422}",False
Туманность Андромеды,Чару Нанди,не определено,,мифологизация,"{'мифология': 0.637, 'сила': 0.463}",True
Туманность Андромеды,Юнию,не определено,,мифологизация,"{'мифология': 0.751, 'знание': 0.617}",True
Туманность Андромеды,Силиколл,не определено,,,{},False
Туманность Андромеды,Хеб,не определено,,мифологизация,"{'мифология': 0.778, 'знание': 0.649}",True
Туманность Андромеды,Ойкумены,не определено,,мифологизация,"{'мифология': 0.553, 'экология': 0.539}",True
Туманность Андромеды,Диаметром,не определено,,,"{'мифология': 0.477, 'знание': 0.45}",False
Туманность Андромеды,Новую Зеландию,не определено,,,{},False
Туманность Андромеды,Эль Хомры,не определено,,мифологизация,"{'мифология': 0.552, 'сила': 0.462}",True
Туманность Андромеды,Эрг Ноор,греч./сканд.,ἔργον (работа) + Nórr (основатель Норвегии),"труд, мифологизация, дисциплина, ответственность","{'мифология': 0.715, 'знание': 0.57}",True
Туманность Андромеды,Парусом,не определено,,мифологизация,"{'мифология': 0.67, 'экология': 0.52}",True
Туманность Андромеды,"Москва

На",не определено,,,{'мифология': 0.416},False
Туманность Андромеды,Пути,не определено,,,"{'мифология': 0.469, 'экология': 0.439}",False
Туманность Андромеды,Ток,не определено,,мифологизация,"{'мифология': 0.704, 'сила': 0.601}",True
Туманность Андромеды,Врачи,не определено,,,{'знание': 0.412},False
Туманность Андромеды,Астронавигатор,не определено,,,{},False
Час Быка,Эрф Ром,не определено,,мифологизация,"{'мифология': 0.643, 'знание': 0.514}",True
Час Быка,Всадники,не определено,,мифологизация,"{'мифология': 0.693, 'экология': 0.598}",True
Час Быка,Чойо Чагаса,не определено,,мифологизация,"{'мифология': 0.585, 'сила': 0.439}",True
Час Быка,Изображение,не определено,,,"{'мифология': 0.489, 'экология': 0.428}",False
Час Быка,Предводитель,не определено,,мифологизация,"{'мифология': 0.634, 'знание': 0.619}",True
Час Быка,Яхах,не определено,,мифологизация,"{'мифология': 0.552, 'сила': 0.439}",True
Час Быка,Дарвин,не определено,,,"{'экология': 0.454, 'знание': 0.427}",False
Час Быка,Правители Торманса,не определено,,,"{'мифология': 0.461, 'тирания': 0.417}",False
Час Быка,Струйки,не определено,,мифологизация,"{'мифология': 0.724, 'сила': 0.679}",True
Час Быка,Точность,не определено,,,"{'знание': 0.579, 'сила': 0.514}",False
Час Быка,Нехватка,не определено,,мифологизация,"{'мифология': 0.687, 'знание': 0.587}",True
Час Быка,Гентло,не определено,,мифологизация,"{'мифология': 0.692, 'знание': 0.551}",True
Час Быка,Китая,не определено,,,{},False
Час Быка,Прослеживание,не определено,,,"{'знание': 0.499, 'мифология': 0.489}",False
Час Быка,Женщина Земли,не определено,,,{},False
Час Быка,Планетолог,не определено,,,{'экология': 0.448},False
Час Быка,Сегодня Олла,не определено,,,{'мифология': 0.492},False
Час Быка,Планета,не определено,,,"{'экология': 0.508, 'мифология': 0.444}",False
Час Быка,Кольцом,не определено,,,"{'мифология': 0.492, 'знание': 0.416}",False
Час Быка,Биолог,не определено,,,"{'экология': 0.51, 'знание': 0.438}",False
Час Быка,Рай,не определено,,мифологизация,"{'мифология': 0.58, 'экология': 0.486}",True
Час Быка,Моря,не определено,,мифологизация,"{'мифология': 0.582, 'знание': 0.452}",True
Час Быка,Догадка,не определено,,мифологизация,"{'мифология': 0.743, 'знание': 0.642}",True
Час Быка,Час,не определено,,,"{'мифология': 0.492, 'знание': 0.454}",False
Час Быка,Статуи,не определено,,,{'мифология': 0.466},False
Час Быка,Отзвук,не определено,,,"{'мифология': 0.542, 'знание': 0.481}",False
Час Быка,Часе Быка,не определено,,,{'мифология': 0.444},False
Час Быка,Предупреждение,не определено,,,{},False
Час Быка,Зет Уг,не определено,,мифологизация,"{'мифология': 0.648, 'знание': 0.531}",True
Час Быка,Мужчины,не определено,,,"{'сила': 0.457, 'мифология': 0.437}",False
Час Быка,Антимир,не определено,,,"{'мифология': 0.5, 'сила': 0.472}",False
Час Быка,Народ Ян,не определено,,мифологизация,"{'мифология': 0.638, 'знание': 0.506}",True
Час Быка,Подбором,не определено,,мифологизация,"{'мифология': 0.716, 'знание': 0.661}",True
Час Быка,Тора,не определено,,мифологизация,"{'мифология': 0.675, 'знание': 0.523}",True
Час Быка,Цоам,не определено,,мифологизация,"{'мифология': 0.641, 'знание': 0.502}",True
Час Быка,Разгадали Лоренцево,не определено,,,"{'мифология': 0.485, 'знание': 0.426}",False
Час Быка,Соль Саином,не определено,,,{'мифология': 0.484},False
Час Быка,Данте,не определено,,,{'мифология': 0.461},False
Час Быка,Флота,не определено,,,"{'мифология': 0.457, 'сила': 0.408}",False
Час Быка,Фай Родис,не определено,,мифологизация,"{'мифология': 0.621, 'знание': 0.483}",True
Час Быка,Зазвенели,не определено,,мифологизация,"{'мифология': 0.719, 'знание': 0.617}",True
Час Быка,Уга,не определено,,мифологизация,"{'мифология': 0.677, 'знание': 0.537}",True
Час Быка,Оллы,не определено,,мифологизация,"{'мифология': 0.721, 'знание': 0.576}",True
Час Быка,Вспаханный Рай,не определено,,,"{'мифология': 0.487, 'экология': 0.429}",False
Час Быка,Великого Кольца,не определено,,,"{'мифология': 0.537, 'знание': 0.454}",False
Час Быка,Родичи,не определено,,,"{'мифология': 0.481, 'знание': 0.432}",False
Час Быка,Соль Саину,не определено,,,{'мифология': 0.459},False
Час Быка,Независимость,не определено,,,"{'сила': 0.465, 'мифология': 0.434}",False
Час Быка,Чойо,не определено,,мифологизация,"{'мифология': 0.679, 'сила': 0.557}",True
Час Быка,Название,не определено,,мифологизация,"{'мифология': 0.575, 'знание': 0.453}",True
Час Быка,Август,не определено,,мифологизация,"{'мифология': 0.581, 'знание': 0.504}",True
Час Быка,Рук,не определено,,,"{'мифология': 0.483, 'сила': 0.473}",False
Час Быка,Норин,не определено,,мифологизация,"{'мифология': 0.616, 'знание': 0.497}",True
Час Быка,Звезд,не определено,,,{'мифология': 0.517},False
Час Быка,Гэн Атала,не определено,,мифологизация,"{'мифология': 0.649, 'знание': 0.486}",True
Час Быка,Гриф Рифту,не определено,,мифологизация,"{'мифология': 0.657, 'сила': 0.575}",True
Час Быка,Советами,не определено,,мифологизация,"{'мифология': 0.7, 'знание': 0.68}",True
Час Быка,Рома,не определено,,,"{'мифология': 0.501, 'сила': 0.401}",False
Час Быка,Ученый,не определено,,,"{'знание': 0.592, 'экология': 0.522}",False
Час Быка,Симбела,не определено,,мифологизация,"{'мифология': 0.674, 'знание': 0.532}",True
Час Быка,Наследство,не определено,,мифологизация,"{'мифология': 0.612, 'знание': 0.527}",True
Час Быка,Язык Кольца,не определено,,,"{'мифология': 0.462, 'знание': 0.405}",False
Час Быка,Андромеды,не определено,,,{},False
Час Быка,Орбита,не определено,,,{'мифология': 0.499},False
Час Быка,Стражей Неба,не определено,,мифологизация,"{'мифология': 0.568, 'сила': 0.485}",True
Час Быка,Нея Холли,не определено,,мифологизация,"{'мифология': 0.646, 'знание': 0.502}",True
Час Быка,Оратор,не определено,,мифологизация,"{'мифология': 0.555, 'знание': 0.519}",True
Час Быка,Янгар,не определено,,мифологизация,"{'мифология': 0.745, 'знание': 0.61}",True
Час Быка,Саину,не определено,,мифологизация,"{'мифология': 0.725, 'знание': 0.585}",True
Час Быка,Саином,не определено,,мифологизация,"{'мифология': 0.735, 'знание': 0.596}",True
Час Быка,Кольцу,не определено,,,{'мифология': 0.469},False
Час Быка,Красных Солнц,не определено,,,"{'мифология': 0.494, 'экология': 0.422}",False
Час Быка,Аудитория,не определено,,,"{'мифология': 0.461, 'сила': 0.416}",False
Час Быка,Распоряжения,не определено,,мифологизация,"{'мифология': 0.632, 'знание': 0.605}",True
Час Быка,Владыка Торманса,не определено,,мифологизация,"{'мифология': 0.582, 'сила': 0.458}",True
Час Быка,Толло Фраэ,не определено,,мифологизация,"{'мифология': 0.584, 'сила': 0.481}",True
Час Быка,Иммунизацию,не определено,,,{},False
Час Быка,Южную Америку,не определено,,,{},False
Час Быка,Нея Холли,не определено,,мифологизация,"{'мифология': 0.646, 'знание': 0.502}",True
Час Быка,Средоточие Мудрости,не определено,,,"{'знание': 0.613, 'мифология': 0.48}",False
Час Быка,Арктура,не определено,,,"{'мифология': 0.548, 'экология': 0.5}",False
Час Быка,Недостаток,не определено,,,"{'мифология': 0.484, 'знание': 0.467}",False
Час Быка,Зет,не определено,,мифологизация,"{'мифология': 0.758, 'знание': 0.612}",True
Час Быка,Усовершенствований,не определено,,,"{'знание': 0.605, 'сила': 0.532}",False
Час Быка,Шакти,не определено,,мифологизация,"{'мифология': 0.751, 'знание': 0.581}",True
Час Быка,Экватор,не определено,,,{},False
Час Быка,Консерваторы,не определено,,,{},False
Час Быка,Эре Мирового,не определено,,мифологизация,"{'мифология': 0.569, 'сила': 0.525}",True
Час Быка,Олла,не определено,,мифологизация,"{'мифология': 0.646, 'знание': 0.521}",True
Час Быка,Оборот,не определено,,мифологизация,"{'мифология': 0.734, 'сила': 0.671}",True
Час Быка,Телевидение Торманса,не определено,,,{'мифология': 0.408},False
Час Быка,Оллы Дез,не определено,,мифологизация,"{'мифология': 0.646, 'знание': 0.522}",True
Час Быка,Менту Кор,не определено,,,"{'мифология': 0.537, 'сила': 0.478}",False
Час Быка,Звездолеты Прямого,не определено,,,"{'сила': 0.588, 'знание': 0.524}",False
Час Быка,Без Неи,не определено,,,{'мифология': 0.514},False
Час Быка,Воссоединения,не определено,,мифологизация,"{'мифология': 0.578, 'сила': 0.543}",True
Час Быка,Индии,не определено,,,{},False
Час Быка,Путники,не определено,,,"{'мифология': 0.542, 'знание': 0.461}",False
Час Быка,М-31,не определено,,,{},False
Час Быка,Пионеры,не определено,,,"{'мифология': 0.52, 'знание': 0.429}",False
Час Быка,Звезда,не определено,,мифологизация,"{'мифология': 0.575, 'сила': 0.458}",True
Час Быка,Рух,не определено,,мифологизация,"{'мифология': 0.742, 'сила': 0.618}",True
Час Быка,Язык,не определено,,,"{'мифология': 0.523, 'знание': 0.484}",False
Час Быка,Совета Звездоплавания,не определено,,,"{'мифология': 0.464, 'сила': 0.405}",False
Час Быка,Меркурием,не определено,,,{},False
Час Быка,Жена Чойо,не определено,,,{'мифология': 0.478},False
Час Быка,Эроса,не определено,,мифологизация,"{'мифология': 0.716, 'знание': 0.569}",True
Час Быка,Рухом,не определено,,мифологизация,"{'мифология': 0.632, 'сила': 0.562}",True
Час Быка,Ощущения,не определено,,мифологизация,"{'мифология': 0.621, 'знание': 0.592}",True
Час Быка,Громада,не определено,,мифологизация,"{'мифология': 0.715, 'знание': 0.571}",True
Час Быка,Фильмов,не определено,,,"{'мифология': 0.532, 'сила': 0.467}",False
Час Быка,Кунти,не определено,,мифологизация,"{'мифология': 0.744, 'знание': 0.609}",True
Час Быка,Страх,не определено,,,"{'тирания': 0.441, 'мифология': 0.403}",False
Час Быка,Экватор Торманса,не определено,,,{'мифология': 0.416},False
Час Быка,Дезинформация,не определено,,,"{'знание': 0.446, 'мифология': 0.423}",False
Час Быка,Кин Рухом,не определено,,мифологизация,"{'мифология': 0.652, 'сила': 0.512}",True
Час Быка,Отказа,не определено,,,"{'мифология': 0.482, 'сила': 0.416}",False
Час Быка,Совет Всеобщих,не определено,,,"{'знание': 0.501, 'мифология': 0.486}",False
Час Быка,Сопротивление,не определено,,,"{'сила': 0.519, 'мифология': 0.417}",False
Час Быка,Пойдемте,не определено,,мифологизация,"{'мифология': 0.568, 'сила': 0.494}",True
Час Быка,Из Тамаса,не определено,,,{'мифология': 0.501},False
Час Быка,Звездолет,не определено,,мифологизация,"{'мифология': 0.583, 'экология': 0.433}",True
Час Быка,Моралисты,не определено,,,"{'знание': 0.457, 'мифология': 0.413}",False
Час Быка,"Яхах

Любовница",не определено,,мифологизация,"{'мифология': 0.589, 'знание': 0.45}",True
Час Быка,Встретившихся Рук,не определено,,,"{'мифология': 0.482, 'знание': 0.46}",False
Час Быка,Аталом,не определено,,мифологизация,"{'мифология': 0.681, 'сила': 0.547}",True
Час Быка,Мента Кор,не определено,,мифологизация,"{'мифология': 0.572, 'сила': 0.493}",True
Час Быка,Чагас,не определено,,мифологизация,"{'мифология': 0.682, 'знание': 0.515}",True
Час Быка,Владыка,не определено,,мифологизация,"{'мифология': 0.64, 'сила': 0.526}",True
Час Быка,Идемте,не определено,,мифологизация,"{'мифология': 0.581, 'сила': 0.501}",True
Час Быка,Тибета,не определено,,,{},False
Час Быка,Пламя,не определено,,,"{'мифология': 0.478, 'сила': 0.411}",False
Час Быка,Совета,не определено,,,"{'сила': 0.503, 'мифология': 0.473}",False
Час Быка,Лика,не определено,,мифологизация,"{'мифология': 0.762, 'знание': 0.608}",True
Час Быка,Атала,не определено,,мифологизация,"{'мифология': 0.602, 'знание': 0.469}",True
Час Быка,Умрог,не определено,,мифологизация,"{'мифология': 0.63, 'экология': 0.493}",True
Час Быка,Радости,не определено,,,"{'мифология': 0.521, 'сила': 0.473}",False
Час Быка,Имя Фай,не определено,,,{'мифология': 0.51},False
Час Быка,Множество,не определено,,мифологизация,"{'мифология': 0.641, 'знание': 0.566}",True
Час Быка,Показать Тормансу,не определено,,мифологизация,"{'мифология': 0.588, 'знание': 0.489}",True
Час Быка,Вир Норином,не определено,,мифологизация,"{'мифология': 0.649, 'знание': 0.497}",True
Час Быка,Неожиданность,не определено,,,"{'мифология': 0.542, 'знание': 0.484}",False
Час Быка,Тамасом,не определено,,мифологизация,"{'мифология': 0.627, 'знание': 0.457}",True
Час Быка,Станций,не определено,,,{'мифология': 0.428},False
Час Быка,Имена,не определено,,мифологизация,"{'мифология': 0.572, 'знание': 0.462}",True
Час Быка,Вроде Рыцарей,не определено,,мифологизация,"{'мифология': 0.698, 'экология': 0.602}",True
Час Быка,Кольцо,не определено,,,{'мифология': 0.44},False
Час Быка,Вир,не определено,,мифологизация,"{'мифология': 0.694, 'знание': 0.579}",True
Час Быка,Эра Встретившихся,не определено,,,"{'мифология': 0.51, 'знание': 0.492}",False
Час Быка,Раздумья,не определено,,мифологизация,"{'мифология': 0.708, 'знание': 0.676}",True
Час Быка,Дома,не определено,,,"{'мифология': 0.436, 'сила': 0.432}",False
Час Быка,Тивисой,не определено,,мифологизация,"{'мифология': 0.644, 'знание': 0.506}",True
Час Быка,Присутствие,не определено,,мифологизация,"{'мифология': 0.628, 'знание': 0.555}",True
Час Быка,Миг,не определено,,мифологизация,"{'мифология': 0.659, 'сила': 0.544}",True
Час Быка,Великий Чойо,не определено,,мифологизация,"{'мифология': 0.665, 'сила': 0.55}",True
Час Быка,Тормансианин,не определено,,мифологизация,"{'мифология': 0.624, 'знание': 0.484}",True
Час Быка,Кам Аматом,не определено,,мифологизация,"{'мифология': 0.615, 'сила': 0.465}",True
Час Быка,Тормансом,не определено,,мифологизация,"{'мифология': 0.705, 'знание': 0.583}",True
Час Быка,Кин Рух,не определено,,мифологизация,"{'мифология': 0.663, 'сила': 0.522}",True
Час Быка,Азии,не определено,,,{'мифология': 0.419},False
Час Быка,Число,не определено,,мифологизация,"{'мифология': 0.561, 'сила': 0.507}",True
Час Быка,Олла Дез,не определено,,мифологизация,"{'мифология': 0.573, 'знание': 0.465}",True
Час Быка,Мужчина,не определено,,,"{'мифология': 0.536, 'сила': 0.484}",False
Час Быка,Каков,не определено,,мифологизация,"{'мифология': 0.724, 'знание': 0.63}",True
Час Быка,Дискуссии,не определено,,,"{'знание': 0.555, 'мифология': 0.522}",False
Час Быка,Астронавты,не определено,,,{},False
Час Быка,Эвиза,не определено,,мифологизация,"{'мифология': 0.643, 'знание': 0.507}",True
Час Быка,Молодцы,не определено,,мифологизация,"{'мифология': 0.636, 'знание': 0.624}",True
Час Быка,Человечество,не определено,,,"{'мифология': 0.533, 'экология': 0.53}",False
Час Быка,Пение,не определено,,мифологизация,"{'мифология': 0.662, 'знание': 0.604}",True
Час Быка,Глаз,не определено,,,"{'мифология': 0.478, 'знание': 0.417}",False
Час Быка,Кин,не определено,,мифологизация,"{'мифология': 0.676, 'сила': 0.556}",True
Час Быка,Америку,не определено,,,"{'мифология': 0.452, 'сила': 0.448}",False
Час Быка,Хэг,не определено,,мифологизация,"{'мифология': 0.734, 'знание': 0.625}",True
Час Быка,Пролог,не определено,,мифологизация,"{'мифология': 0.761, 'знание': 0.641}",True
Час Быка,Ром,не определено,,мифологизация,"{'мифология': 0.582, 'сила': 0.468}",True
Час Быка,Советом Чести,не определено,,,"{'знание': 0.542, 'мифология': 0.462}",False
Час Быка,Сомнения,не определено,,мифологизация,"{'мифология': 0.692, 'знание': 0.604}",True
Час Быка,Модель,не определено,,,"{'знание': 0.512, 'мифология': 0.506}",False
Час Быка,Мани,не определено,,мифологизация,"{'мифология': 0.761, 'знание': 0.604}",True
Час Быка,Председатель,не определено,,,"{'сила': 0.504, 'мифология': 0.502}",False
Час Быка,Темное Пламя,греч./миф,"огонь Прометея, критский миф","бунт, жертвенность, тайное знание",{'мифология': 0.46},False
Час Быка,Пекин,не определено,,,{},False
Час Быка,Лоренцево,не определено,,,"{'мифология': 0.519, 'сила': 0.436}",False
Час Быка,Звездолеты,не определено,,,"{'сила': 0.584, 'мифология': 0.538}",False
Час Быка,Кими,не определено,,мифологизация,"{'мифология': 0.614, 'сила': 0.491}",True
Час Быка,Неей,не определено,,мифологизация,"{'мифология': 0.729, 'знание': 0.59}",True
Час Быка,Природа,не определено,,,"{'экология': 0.646, 'знание': 0.504}",False
Час Быка,Отсчет,не определено,,мифологизация,"{'мифология': 0.74, 'знание': 0.683}",True
Час Быка,Норина,не определено,,мифологизация,"{'мифология': 0.634, 'знание': 0.497}",True
Час Быка,Канады,не определено,,,{},False
Час Быка,Вир Норин,не определено,,мифологизация,"{'мифология': 0.673, 'знание': 0.518}",True
Час Быка,Обитель,не определено,,мифологизация,"{'мифология': 0.772, 'знание': 0.656}",True
Час Быка,Рая,не определено,,мифологизация,"{'мифология': 0.682, 'экология': 0.536}",True
Час Быка,Время,не определено,,,"{'мифология': 0.529, 'знание': 0.491}",False
Час Быка,Туманности,не определено,,мифологизация,"{'мифология': 0.704, 'экология': 0.616}",True
Час Быка,Совет,не определено,,,"{'знание': 0.556, 'мифология': 0.485}",False
Час Быка,Сеть,не определено,,,"{'мифология': 0.459, 'знание': 0.449}",False
Час Быка,Боза,не определено,,мифологизация,"{'мифология': 0.666, 'знание': 0.524}",True
Час Быка,Цефеяне,не определено,,мифологизация,"{'мифология': 0.721, 'знание': 0.573}",True
Час Быка,Вир Норина,не определено,,мифологизация,"{'мифология': 0.668, 'знание': 0.512}",True
Час Быка,Сочетание,не определено,,мифологизация,"{'мифология': 0.692, 'знание': 0.628}",True
Час Быка,Одиночество,не определено,,,{},False
Час Быка,Айода,не определено,,мифологизация,"{'мифология': 0.731, 'знание': 0.592}",True
Час Быка,Уравновешивание,не определено,,,"{'сила': 0.523, 'знание': 0.43}",False
Час Быка,Зирдой,не определено,,мифологизация,"{'мифология': 0.739, 'знание': 0.592}",True
Час Быка,Машина,не определено,,,{'сила': 0.402},False
Час Быка,Примером,не определено,,мифологизация,"{'знание': 0.592, 'мифология': 0.559}",True
Час Быка,"Ефремовой





От",не определено,,,"{'мифология': 0.525, 'экология': 0.409}",False
Час Быка,Быка,не определено,,,"{'мифология': 0.456, 'экология': 0.409}",False
Час Быка,Корни,не определено,,мифологизация,"{'мифология': 0.669, 'экология': 0.561}",True
Час Быка,Повозки,не определено,,,"{'мифология': 0.454, 'сила': 0.452}",False
Час Быка,Реват,не определено,,мифологизация,"{'мифология': 0.746, 'сила': 0.632}",True
Час Быка,Экономики,не определено,,,"{'сила': 0.507, 'знание': 0.438}",False
Час Быка,Ученые,не определено,,,"{'знание': 0.542, 'экология': 0.511}",False
Час Быка,Имя,не определено,,,"{'мифология': 0.529, 'знание': 0.404}",False
Час Быка,Земляне,не определено,,мифологизация,"{'экология': 0.639, 'мифология': 0.626}",True
Час Быка,Эрф Рома,не определено,,мифологизация,"{'мифология': 0.653, 'знание': 0.517}",True
Час Быка,Люди Земли,не определено,,,"{'экология': 0.493, 'мифология': 0.436}",False
Час Быка,Весны,не определено,,,{},False
Час Быка,Рен Бозу,не определено,,мифологизация,"{'мифология': 0.616, 'знание': 0.487}",True
Час Быка,День,не определено,,,"{'мифология': 0.524, 'знание': 0.444}",False
Час Быка,Трава,не определено,,,"{'экология': 0.528, 'мифология': 0.481}",False
Час Быка,Бросим,не определено,,мифологизация,"{'мифология': 0.734, 'знание': 0.603}",True
Час Быка,Советов,не определено,,,"{'знание': 0.551, 'мифология': 0.473}",False
Час Быка,Положение,не определено,,мифологизация,"{'мифология': 0.649, 'знание': 0.593}",True
Час Быка,Сатаны,не определено,,,"{'мифология': 0.467, 'тирания': 0.409}",False
Час Быка,Арктур,не определено,,мифологизация,"{'мифология': 0.631, 'экология': 0.516}",True
Час Быка,Экран,не определено,,мифологизация,"{'мифология': 0.673, 'знание': 0.541}",True
Час Быка,Экранах Внешних,не определено,,мифологизация,"{'мифология': 0.566, 'экология': 0.538}",True
Час Быка,Эры Встретившихся,не определено,,мифологизация,"{'мифология': 0.553, 'знание': 0.521}",True
Час Быка,Эры Встретившихся,не определено,,мифологизация,"{'мифология': 0.553, 'знание': 0.521}",True
Час Быка,Чести,не определено,,мифологизация,"{'мифология': 0.661, 'знание': 0.638}",True
Час Быка,Наблюдатели,не определено,,мифологизация,"{'мифология': 0.573, 'знание': 0.542}",True
Час Быка,Восточной Азии,не определено,,,{},False
Час Быка,Академия,не определено,,,"{'знание': 0.518, 'мифология': 0.493}",False
Час Быка,Нуль,не определено,,,{},False
Час Быка,"Биа

Инженер",не определено,,,"{'сила': 0.445, 'мифология': 0.409}",False
Час Быка,Солнца,не определено,,,{},False
Час Быка,Ян Гао,не определено,,,"{'мифология': 0.537, 'знание': 0.448}",False
Час Быка,Торманса,не определено,,мифологизация,"{'мифология': 0.724, 'знание': 0.575}",True
Час Быка,Фай Родис,не определено,,мифологизация,"{'мифология': 0.621, 'знание': 0.483}",True
Час Быка,Часе,не определено,,,"{'мифология': 0.541, 'знание': 0.489}",False
Час Быка,Дверь,не определено,,,{'мифология': 0.461},False
Час Быка,Солнце,не определено,,,{},False
Час Быка,Экспедиция,не определено,,,"{'мифология': 0.49, 'экология': 0.483}",False
Час Быка,Возможность,не определено,,мифологизация,"{'сила': 0.613, 'мифология': 0.612}",True
Час Быка,Искусств,не определено,,мифологизация,"{'мифология': 0.568, 'знание': 0.525}",True
Час Быка,Начальник,не определено,,,"{'сила': 0.498, 'мифология': 0.448}",False
Час Быка,Художник,не определено,,,"{'мифология': 0.522, 'знание': 0.439}",False
Час Быка,Результаты,не определено,,,"{'сила': 0.465, 'знание': 0.459}",False
Час Быка,Чагаса Янтре,не определено,,мифологизация,"{'мифология': 0.588, 'знание': 0.42}",True
Час Быка,Спиральной Дороги,не определено,,,"{'мифология': 0.539, 'сила': 0.487}",False
Час Быка,Чернота,не определено,,мифологизация,"{'мифология': 0.551, 'знание': 0.469}",True
Час Быка,Полушарие,не определено,,мифологизация,"{'мифология': 0.649, 'экология': 0.572}",True
Час Быка,Visa,не определено,,,{},False
Час Быка,Земли,не определено,,мифологизация,"{'мифология': 0.663, 'экология': 0.653}",True
Час Быка,Счастья,не определено,,,"{'знание': 0.416, 'мифология': 0.404}",False
Час Быка,Антропологи,не определено,,,"{'экология': 0.508, 'мифология': 0.468}",False
Час Быка,Кольце,не определено,,мифологизация,"{'мифология': 0.738, 'знание': 0.594}",True
Час Быка,Случай,не определено,,мифологизация,"{'мифология': 0.694, 'знание': 0.643}",True
Час Быка,Рифту,не определено,,мифологизация,"{'мифология': 0.666, 'сила': 0.616}",True
Час Быка,Академиями,не определено,,,"{'знание': 0.49, 'мифология': 0.461}",False
Час Быка,Maestro,не определено,,,"{'мифология': 0.508, 'знание': 0.466}",False
Час Быка,Рифт,не определено,,мифологизация,"{'мифология': 0.585, 'сила': 0.572}",True
Час Быка,Советом,не определено,,,"{'знание': 0.573, 'мифология': 0.501}",False
Час Быка,Кор,не определено,,мифологизация,"{'мифология': 0.655, 'сила': 0.602}",True
Час Быка,Кау,не определено,,мифологизация,"{'мифология': 0.602, 'сила': 0.5}",True
Час Быка,Ген,не определено,,мифологизация,"{'мифология': 0.649, 'знание': 0.582}",True
Час Быка,Див Симбел,не определено,,мифологизация,"{'мифология': 0.7, 'знание': 0.577}",True
Час Быка,Успеем,не определено,,,"{'сила': 0.584, 'знание': 0.583}",False
Час Быка,Стражи Неба,не определено,,,"{'мифология': 0.513, 'экология': 0.45}",False
Час Быка,Тивиса Хенако,не определено,,мифологизация,"{'мифология': 0.557, 'знание': 0.438}",True
Час Быка,Планета Ян,не определено,,,"{'экология': 0.475, 'мифология': 0.445}",False
Час Быка,Землей,не определено,,мифологизация,"{'мифология': 0.652, 'экология': 0.651}",True
Час Быка,Диктор,не определено,,мифологизация,"{'мифология': 0.686, 'знание': 0.618}",True
Час Быка,Мнения,не определено,,мифологизация,"{'мифология': 0.601, 'знание': 0.58}",True
Час Быка,Амата,не определено,,мифологизация,"{'мифология': 0.662, 'знание': 0.521}",True
Час Быка,Настроения,не определено,,,"{'мифология': 0.472, 'знание': 0.463}",False
Час Быка,Норином,не определено,,мифологизация,"{'мифология': 0.706, 'знание': 0.54}",True
Час Быка,Кам,не определено,,мифологизация,"{'мифология': 0.651, 'сила': 0.55}",True
Час Быка,Звездоплаванья,не определено,,мифологизация,"{'мифология': 0.597, 'экология': 0.464}",True
Час Быка,Геркулеса,не определено,,,"{'мифология': 0.549, 'экология': 0.473}",False
Час Быка,Скафандр,не определено,,мифологизация,"{'мифология': 0.611, 'экология': 0.465}",True
Час Быка,Климат,не определено,,,{'экология': 0.49},False
Час Быка,Средоточия Мудрости,не определено,,,"{'знание': 0.58, 'мифология': 0.445}",False
Час Быка,Мне Гриф,не определено,,мифологизация,"{'мифология': 0.63, 'сила': 0.504}",True
Час Быка,Толло,не определено,,мифологизация,"{'мифология': 0.736, 'сила': 0.676}",True
Час Быка,Гриф,не определено,,мифологизация,"{'мифология': 0.731, 'знание': 0.618}",True
Час Быка,Мимас,не определено,,мифологизация,{'мифология': 0.556},True
Час Быка,Эвизой,не определено,,мифологизация,"{'мифология': 0.726, 'знание': 0.569}",True
Час Быка,Историк,не определено,,,"{'мифология': 0.508, 'знание': 0.485}",False
Час Быка,Янтре,не определено,,мифологизация,"{'мифология': 0.75, 'знание': 0.617}",True
Час Быка,Смерти,не определено,,,"{'мифология': 0.433, 'экология': 0.402}",False
Час Быка,Путешественники,не определено,,,{'мифология': 0.409},False
Час Быка,Усилители,не определено,,мифологизация,"{'мифология': 0.69, 'сила': 0.69}",True
Час Быка,Неи,не определено,,мифологизация,"{'мифология': 0.731, 'знание': 0.584}",True
Час Быка,Вызывает Совет,не определено,,,"{'знание': 0.496, 'сила': 0.425}",False
Час Быка,Товарищи,не определено,,мифологизация,"{'мифология': 0.737, 'знание': 0.648}",True
Час Быка,Землю,не определено,,мифологизация,"{'экология': 0.651, 'мифология': 0.641}",True
Час Быка,Черепахи,не определено,,,{},False
Час Быка,Тор,не определено,,мифологизация,"{'мифология': 0.644, 'сила': 0.539}",True
Час Быка,Врач Звездного,не определено,,,{'мифология': 0.445},False
Час Быка,Социолог,не определено,,,"{'знание': 0.577, 'мифология': 0.513}",False
Час Быка,Врач,не определено,,,{},False
Час Быка,Совета Четырех,не определено,,,{'сила': 0.405},False
Час Быка,Поверхность,не определено,,мифологизация,"{'мифология': 0.555, 'экология': 0.51}",True
Час Быка,Сердца Змеи,не определено,,,{},False
Час Быка,Руха,не определено,,мифологизация,"{'мифология': 0.745, 'сила': 0.634}",True
Час Быка,Сатурна,не определено,,,{},False
Час Быка,Дома Истории,не определено,,,{'мифология': 0.467},False
Час Быка,Над Тормансом,не определено,,мифологизация,"{'мифология': 0.653, 'сила': 0.563}",True
Час Быка,Тормансиане,не определено,,мифологизация,"{'мифология': 0.653, 'знание': 0.512}",True
Час Быка,Великого Чойо,не определено,,мифологизация,"{'мифология': 0.676, 'сила': 0.556}",True
Час Быка,Персонажи,не определено,,мифологизация,"{'мифология': 0.669, 'знание': 0.56}",True
Час Быка,Верандой,не определено,,мифологизация,"{'мифология': 0.578, 'знание': 0.448}",True
Час Быка,Переход,не определено,,,"{'мифология': 0.549, 'сила': 0.507}",False
Час Быка,Лелуф,не определено,,мифологизация,"{'мифология': 0.696, 'знание': 0.555}",True
Час Быка,Ученики,не определено,,,"{'знание': 0.524, 'мифология': 0.492}",False
Час Быка,Текст,не определено,,мифологизация,"{'мифология': 0.688, 'знание': 0.598}",True
Час Быка,Ка Луф,не определено,,мифологизация,"{'мифология': 0.646, 'знание': 0.5}",True
Час Быка,Будущего,не определено,,,{'мифология': 0.439},False
Час Быка,Рифтом,не определено,,мифологизация,"{'мифология': 0.644, 'сила': 0.603}",True
Час Быка,Академию,не определено,,,"{'знание': 0.521, 'мифология': 0.479}",False
Час Быка,Ленина,не определено,,,{'мифология': 0.415},False
Час Быка,Кандо,не определено,,мифологизация,"{'мифология': 0.688, 'сила': 0.541}",True
Час Быка,Эвиза Танет,не определено,,мифологизация,"{'мифология': 0.655, 'знание': 0.524}",True
Час Быка,Миф,не определено,,мифологизация,"{'мифология': 0.782, 'знание': 0.669}",True
Час Быка,Горя,не определено,,мифологизация,"{'мифология': 0.743, 'знание': 0.595}",True
Час Быка,Академию Предсказания,не определено,,,"{'мифология': 0.538, 'знание': 0.536}",False
Час Быка,Дейра Мир,не определено,,мифологизация,"{'мифология': 0.617, 'знание': 0.5}",True
Час Быка,Нападения,не определено,,,"{'сила': 0.552, 'мифология': 0.535}",False
Час Быка,Чагаса,не определено,,мифологизация,"{'мифология': 0.602, 'знание': 0.433}",True
Час Быка,Грифа,не определено,,мифологизация,"{'мифология': 0.762, 'знание': 0.619}",True
Час Быка,Оллой,не определено,,мифологизация,"{'мифология': 0.67, 'знание': 0.555}",True
Час Быка,Товарищи Чеди,не определено,,,{'мифология': 0.468},False
Час Быка,Любовница,не определено,,,"{'мифология': 0.546, 'знание': 0.47}",False
Час Быка,Яндекс,не определено,,,{},False
Час Быка,Литрес,не определено,,мифологизация,"{'мифология': 0.733, 'знание': 0.607}",True
Час Быка,Или Оллу,не определено,,мифологизация,"{'мифология': 0.553, 'знание': 0.441}",True
Час Быка,Теперь Чеди,не определено,,,{},False
Час Быка,Лебеде,не определено,,мифологизация,"{'мифология': 0.704, 'знание': 0.571}",True
Час Быка,Падение,не определено,,,"{'мифология': 0.453, 'экология': 0.43}",False
Час Быка,Инфернальность,не определено,,мифологизация,"{'мифология': 0.718, 'знание': 0.659}",True
Час Быка,Дороги,не определено,,мифологизация,"{'мифология': 0.557, 'сила': 0.503}",True
Час Быка,Тормансе,не определено,,мифологизация,"{'мифология': 0.708, 'знание': 0.578}",True
Час Быка,Хороши,не определено,,,"{'знание': 0.555, 'мифология': 0.537}",False
Час Быка,Кольца,не определено,,,"{'мифология': 0.507, 'знание': 0.424}",False
Час Быка,Даан,не определено,,мифологизация,"{'мифология': 0.691, 'знание': 0.548}",True
Час Быка,Материя,не определено,,мифологизация,"{'мифология': 0.658, 'знание': 0.549}",True
Час Быка,Гриф Рифт,не определено,,мифологизация,"{'мифология': 0.641, 'сила': 0.584}",True
Час Быка,Юпитера,не определено,,,{},False
Час Быка,Кин Рух,не определено,,мифологизация,"{'мифология': 0.663, 'сила': 0.522}",True
Час Быка,Совет Четырех,не определено,,,"{'знание': 0.474, 'мифология': 0.429}",False
Час Быка,Атал,не определено,,мифологизация,"{'мифология': 0.614, 'сила': 0.499}",True
Час Быка,Девушка Торманса,не определено,,,{'мифология': 0.482},False
Час Быка,Рыси,не определено,,мифологизация,"{'мифология': 0.742, 'знание': 0.606}",True
Час Быка,Эру,не определено,,мифологизация,"{'мифология': 0.725, 'знание': 0.605}",True
Час Быка,Бег,не определено,,мифологизация,"{'мифология': 0.732, 'знание': 0.619}",True
Час Быка,Вспаханного Рая,не определено,,,"{'мифология': 0.483, 'экология': 0.428}",False
Час Быка,Оллу Дез,не определено,,мифологизация,"{'мифология': 0.636, 'знание': 0.518}",True
Час Быка,Неей Холли,не определено,,мифологизация,"{'мифология': 0.663, 'знание': 0.511}",True
Час Быка,Население,не определено,,,{},False
Час Быка,Кандо Лелуф,не определено,,мифологизация,"{'мифология': 0.595, 'сила': 0.468}",True
Час Быка,Вел,не определено,,мифологизация,"{'мифология': 0.766, 'знание': 0.651}",True
Час Быка,Жители Ян,не определено,,,"{'мифология': 0.525, 'знание': 0.42}",False
Час Быка,История,не определено,,мифологизация,"{'мифология': 0.661, 'знание': 0.585}",True
Час Быка,Инженер,не определено,,,{'сила': 0.424},False
Час Быка,Размеры,не определено,,,{},False
Час Быка,Миран,не определено,,мифологизация,"{'мифология': 0.71, 'знание': 0.553}",True
Час Быка,Рифта,не определено,,мифологизация,"{'мифология': 0.704, 'экология': 0.579}",True
Час Быка,Скулы,не определено,,мифологизация,"{'мифология': 0.735, 'сила': 0.619}",True
Час Быка,Саин,не определено,,мифологизация,"{'мифология': 0.771, 'знание': 0.648}",True
Час Быка,Здоровья,не определено,,,"{'знание': 0.455, 'мифология': 0.408}",False
Час Быка,Мудрость,не определено,,,"{'знание': 0.621, 'мифология': 0.493}",False
Час Быка,Ноогена,не определено,,,"{'мифология': 0.486, 'экология': 0.448}",False
Час Быка,Гэн Атал,не определено,,мифологизация,"{'мифология': 0.623, 'знание': 0.492}",True
Час Быка,Тамасе,не определено,,,{'мифология': 0.488},False
Час Быка,Мира,не определено,,мифологизация,"{'мифология': 0.688, 'знание': 0.568}",True
Час Быка,Юар,не определено,,мифологизация,"{'мифология': 0.653, 'знание': 0.539}",True
Час Быка,Менту,не определено,,,"{'мифология': 0.546, 'сила': 0.457}",False
Час Быка,Ино Кау,не определено,,,"{'мифология': 0.53, 'знание': 0.413}",False
Час Быка,Богини,не определено,,мифологизация,"{'мифология': 0.688, 'знание': 0.531}",True
Час Быка,Мотивация,не определено,,,"{'сила': 0.555, 'знание': 0.519}",False
Час Быка,Эра,не определено,,мифологизация,"{'мифология': 0.758, 'знание': 0.631}",True
Час Быка,Пришельцам,не определено,,мифологизация,"{'мифология': 0.744, 'знание': 0.607}",True
Час Быка,Туманности Андромеды,не определено,,,{'мифология': 0.415},False
Час Быка,Тивисы,не определено,,мифологизация,"{'мифология': 0.594, 'экология': 0.46}",True
Час Быка,Методы,не определено,,,"{'знание': 0.54, 'сила': 0.489}",False
Час Быка,Описания,не определено,,мифологизация,"{'мифология': 0.69, 'знание': 0.64}",True
Час Быка,Симбел,не определено,,мифологизация,"{'мифология': 0.686, 'знание': 0.563}",True
Час Быка,Артура,не определено,,,"{'мифология': 0.538, 'сила': 0.434}",False
Час Быка,Зеленом,не определено,,,"{'экология': 0.443, 'мифология': 0.42}",False
Час Быка,Неба,не определено,,мифологизация,"{'мифология': 0.679, 'сила': 0.561}",True
Час Быка,Вел Хэг,не определено,,мифологизация,"{'мифология': 0.714, 'знание': 0.567}",True
Час Быка,Соль,не определено,,,{},False
Час Быка,Декана,не определено,,мифологизация,"{'мифология': 0.717, 'знание': 0.577}",True
Час Быка,Многие,не определено,,,"{'мифология': 0.54, 'знание': 0.487}",False
Час Быка,Смотря,не определено,,мифологизация,"{'мифология': 0.763, 'знание': 0.616}",True
Час Быка,Представление,не определено,,мифологизация,"{'мифология': 0.677, 'знание': 0.642}",True
Час Быка,Гэн Атал,не определено,,мифологизация,"{'мифология': 0.623, 'знание': 0.492}",True
Час Быка,Глава,не определено,,,"{'мифология': 0.524, 'знание': 0.415}",False
Час Быка,Деньги,не определено,,,{'сила': 0.4},False
Час Быка,Людям Земли,не определено,,,"{'экология': 0.503, 'мифология': 0.436}",False
Час Быка,Зерно,не определено,,мифологизация,"{'мифология': 0.735, 'знание': 0.623}",True
Час Быка,Ино,не определено,,мифологизация,"{'мифология': 0.709, 'знание': 0.591}",True
Час Быка,Тивиса,не определено,,мифологизация,"{'мифология': 0.621, 'знание': 0.481}",True
Час Быка,"Ям




Пролог",не определено,,мифологизация,"{'мифология': 0.669, 'знание': 0.538}",True
Час Быка,Оллу,не определено,,мифологизация,"{'мифология': 0.726, 'знание': 0.59}",True
Час Быка,Хвоста,не определено,,мифологизация,"{'мифология': 0.774, 'знание': 0.681}",True
Час Быка,Рен Боза,не определено,,мифологизация,"{'мифология': 0.657, 'знание': 0.518}",True
Час Быка,Чойо Чагас,азиат./дисфония,тюрк./монгол. основы,"контроль, тирания, мифологизация, хитрость","{'мифология': 0.607, 'сила': 0.455}",True
Час Быка,"Торманс

Председатель",не определено,,мифологизация,"{'мифология': 0.574, 'сила': 0.52}",True
Час Быка,Див Симбела,не определено,,мифологизация,"{'мифология': 0.691, 'знание': 0.552}",True
Час Быка,Но Олла,не определено,,мифологизация,"{'мифология': 0.577, 'знание': 0.446}",True
Час Быка,Могущество,не определено,,мифологизация,"{'сила': 0.79, 'мифология': 0.561}",True
Час Быка,Белых Звезд,не определено,,,{},False
Час Быка,Часть,не определено,,мифологизация,"{'мифология': 0.671, 'знание': 0.589}",True
Час Быка,Цоама,не определено,,мифологизация,"{'мифология': 0.713, 'знание': 0.563}",True
Час Быка,Изобилие,не определено,,мифологизация,"{'мифология': 0.752, 'знание': 0.595}",True
Час Быка,Совет Звездоплавания,не определено,,,"{'мифология': 0.465, 'знание': 0.419}",False
Час Быка,Туманность,не определено,,мифологизация,"{'мифология': 0.637, 'экология': 0.566}",True
Час Быка,Змея,не определено,,,"{'мифология': 0.421, 'экология': 0.402}",False
Час Быка,Нападение,не определено,,,"{'сила': 0.572, 'мифология': 0.548}",False
Час Быка,Члены Совета,не определено,,,{},False
Час Быка,Люди Торманса,не определено,,мифологизация,"{'мифология': 0.593, 'сила': 0.48}",True
Час Быка,Рен,не определено,,мифологизация,"{'мифология': 0.668, 'знание': 0.553}",True
Час Быка,Одежда,не определено,,,{},False
Час Быка,Чагасу,не определено,,мифологизация,"{'мифология': 0.569, 'сила': 0.414}",True
Час Быка,Кин Руха,не определено,,мифологизация,"{'мифология': 0.648, 'сила': 0.489}",True
Час Быка,Солнцем,не определено,,,{'мифология': 0.416},False
Час Быка,Мир,не определено,,,"{'мифология': 0.535, 'знание': 0.463}",False
Час Быка,Обители,не определено,,мифологизация,"{'мифология': 0.759, 'знание': 0.652}",True
Час Быка,Доме,не определено,,мифологизация,"{'мифология': 0.558, 'знание': 0.468}",True
Час Быка,Мысли,не определено,,мифологизация,"{'мифология': 0.693, 'знание': 0.626}",True
Час Быка,Драчливость,не определено,,мифологизация,"{'сила': 0.647, 'мифология': 0.581}",True
Час Быка,Глаза,не определено,,,{'мифология': 0.442},False
Час Быка,Женщина,не определено,,,"{'мифология': 0.469, 'знание': 0.438}",False
Час Быка,Алдис,не определено,,мифологизация,"{'мифология': 0.688, 'знание': 0.561}",True
Час Быка,Вопрос,не определено,,мифологизация,"{'мифология': 0.612, 'знание': 0.56}",True
Час Быка,Тормансу,не определено,,мифологизация,"{'мифология': 0.688, 'знание': 0.544}",True
Час Быка,Место,не определено,,мифологизация,"{'мифология': 0.624, 'знание': 0.547}",True
Час Быка,Песни,не определено,,,{'мифология': 0.433},False
Час Быка,Социолог Эры,не определено,,мифологизация,"{'знание': 0.559, 'мифология': 0.558}",True
Час Быка,Земле,не определено,,мифологизация,"{'мифология': 0.741, 'экология': 0.685}",True
Час Быка,Процесс,не определено,,,"{'знание': 0.5, 'сила': 0.464}",False
Час Быка,Америке,не определено,,,"{'сила': 0.46, 'мифология': 0.458}",False
Час Быка,Робот,не определено,,,"{'тирания': 0.488, 'мифология': 0.443}",False
Час Быка,Флота Эвиза,не определено,,мифологизация,"{'мифология': 0.574, 'сила': 0.451}",True
Час Быка,Доме Искусств,не определено,,,"{'мифология': 0.495, 'знание': 0.459}",False
Час Быка,Произведения Эрф,не определено,,мифологизация,"{'мифология': 0.655, 'знание': 0.558}",True
Час Быка,Жители,не определено,,,"{'мифология': 0.544, 'экология': 0.488}",False
Час Быка,Гитлер,не определено,,,{},False
Час Быка,Для Кин,не определено,,мифологизация,"{'мифология': 0.637, 'сила': 0.519}",True
Час Быка,Права,не определено,,мифологизация,"{'мифология': 0.599, 'сила': 0.579}",True
Час Быка,Снижение,не определено,,мифологизация,"{'мифология': 0.616, 'сила': 0.583}",True
Час Быка,Великом Кольце,не определено,,мифологизация,"{'мифология': 0.665, 'сила': 0.553}",True
Час Быка,Произведения,не определено,,мифологизация,"{'мифология': 0.701, 'знание': 0.671}",True
Час Быка,Гзер,не определено,,мифологизация,"{'мифология': 0.722, 'сила': 0.627}",True
Час Быка,Автоматы,не определено,,,"{'сила': 0.498, 'знание': 0.402}",False
Час Быка,Великому Кольцу,не определено,,,"{'мифология': 0.518, 'знание': 0.437}",False
Час Быка,Вероятность,не определено,,,"{'сила': 0.468, 'мифология': 0.457}",False
Час Быка,Дез,не определено,,мифологизация,"{'мифология': 0.685, 'знание': 0.584}",True
Час Быка,Ларк,не определено,,мифологизация,"{'мифология': 0.687, 'знание': 0.584}",True
Час Быка,Стражи,не определено,,мифологизация,"{'мифология': 0.72, 'экология': 0.624}",True
Час Быка,Пламени,не определено,,,"{'мифология': 0.487, 'сила': 0.437}",False
Час Быка,Планету,не определено,,,"{'экология': 0.528, 'мифология': 0.469}",False
Час Быка,Гриф Рифтом,не определено,,мифологизация,"{'мифология': 0.641, 'сила': 0.572}",True
Час Быка,Вир Норин,не определено,,мифологизация,"{'мифология': 0.673, 'знание': 0.518}",True
Час Быка,Век,не определено,,мифологизация,"{'мифология': 0.729, 'знание': 0.6}",True
Час Быка,Стрелки,не определено,,мифологизация,"{'мифология': 0.68, 'сила': 0.587}",True
Час Быка,Темном Пламени,не определено,,,"{'мифология': 0.475, 'сила': 0.407}",False
Час Быка,Тогда Фай,не определено,,мифологизация,"{'мифология': 0.607, 'знание': 0.484}",True
Час Быка,Хенако,не определено,,мифологизация,"{'мифология': 0.669, 'знание': 0.518}",True
Час Быка,Сю Ан,не определено,,мифологизация,"{'мифология': 0.695, 'знание': 0.559}",True
Час Быка,Рэр,не определено,,мифологизация,"{'мифология': 0.743, 'знание': 0.616}",True
Час Быка,На Тормансе,не определено,,мифологизация,"{'мифология': 0.693, 'знание': 0.568}",True
Час Быка,Див Симбел,не определено,,мифологизация,"{'мифология': 0.7, 'знание': 0.577}",True
Час Быка,Луча,не определено,,мифологизация,"{'мифология': 0.783, 'знание': 0.627}",True
Час Быка,Жена,не определено,,мифологизация,"{'мифология': 0.58, 'знание': 0.539}",True
Час Быка,Мировая Сеть,не определено,,,{},False
Час Быка,Историк Кин,не определено,,,"{'мифология': 0.55, 'знание': 0.476}",False
Час Быка,Нооген,не определено,,,"{'мифология': 0.519, 'экология': 0.469}",False
Час Быка,Вел Хэг,не определено,,мифологизация,"{'мифология': 0.714, 'знание': 0.567}",True
Час Быка,Воздух,не определено,,,"{'сила': 0.452, 'мифология': 0.429}",False
Час Быка,Группы,не определено,,,"{'мифология': 0.489, 'сила': 0.441}",False
Час Быка,Демона,не определено,,мифологизация,"{'мифология': 0.581, 'сила': 0.454}",True
Час Быка,Фай,не определено,,мифологизация,"{'мифология': 0.734, 'знание': 0.608}",True
Час Быка,Эвизу,не определено,,мифологизация,"{'мифология': 0.728, 'знание': 0.571}",True
Час Быка,Танет,не определено,,мифологизация,"{'мифология': 0.708, 'знание': 0.587}",True
Час Быка,Соль Саина,не определено,,,{'мифология': 0.44},False
Час Быка,Сноски,не определено,,мифологизация,"{'мифология': 0.624, 'знание': 0.53}",True
Час Быка,Солнцу,не определено,,,{'мифология': 0.441},False
Час Быка,Надпись,не определено,,мифологизация,"{'мифология': 0.617, 'знание': 0.559}",True
Час Быка,Исследование,не определено,,,"{'знание': 0.635, 'мифология': 0.549}",False
Час Быка,Учитель,не определено,,,{'знание': 0.473},False
Час Быка,Скульптуры,не определено,,,{'мифология': 0.449},False
Час Быка,Растягивание,не определено,,мифологизация,"{'мифология': 0.652, 'сила': 0.616}",True
Час Быка,Понятие,не определено,,мифологизация,"{'знание': 0.72, 'мифология': 0.716}",True
Час Быка,Машина Общего,не определено,,,"{'мифология': 0.494, 'сила': 0.481}",False
Час Быка,Гриф Рифта,не определено,,мифологизация,"{'мифология': 0.608, 'сила': 0.488}",True
Час Быка,Фанатик,не определено,,мифологизация,"{'мифология': 0.739, 'знание': 0.647}",True
Час Быка,Совету,не определено,,,"{'знание': 0.562, 'мифология': 0.492}",False
Час Быка,Пора,не определено,,мифологизация,"{'мифология': 0.558, 'знание': 0.503}",True
Час Быка,Кам Амата,не определено,,мифологизация,"{'мифология': 0.613, 'сила': 0.446}",True
Час Быка,Конец,не определено,,,{'мифология': 0.466},False
Час Быка,Тор Лика,не определено,,мифологизация,"{'мифология': 0.659, 'сила': 0.504}",True
Час Быка,Человек,не определено,,мифологизация,"{'мифология': 0.603, 'сила': 0.536}",True
Час Быка,Спутники Фай,не определено,,,{},False
Час Быка,Храм,не определено,,,{'мифология': 0.482},False
Час Быка,Неи Холли,не определено,,мифологизация,"{'мифология': 0.676, 'знание': 0.527}",True
Час Быка,Обители Совета,не определено,,,{'сила': 0.42},False
Час Быка,Зетрино Умрог,не определено,,,{'мифология': 0.528},False
Час Быка,Тексты,не определено,,мифологизация,"{'мифология': 0.605, 'знание': 0.544}",True
Час Быка,Телевидение,не определено,,,{},False
Час Быка,Шлемов,не определено,,,{},False
Час Быка,Мимас Сатурна,не определено,,,{'мифология': 0.434},False
Час Быка,Тысячи,не определено,,,{},False
Час Быка,Чойо Чагасу,не определено,,мифологизация,"{'мифология': 0.555, 'сила': 0.423}",True
Час Быка,Олла Дез,не определено,,мифологизация,"{'мифология': 0.573, 'знание': 0.465}",True
Час Быка,Управление,не определено,,мифологизация,"{'сила': 0.597, 'мифология': 0.552}",True
Час Быка,Ругань,не определено,,мифологизация,"{'мифология': 0.75, 'сила': 0.589}",True
Час Быка,Анализ,не определено,,,"{'знание': 0.573, 'сила': 0.552}",False
Час Быка,Людям,не определено,,мифологизация,"{'мифология': 0.637, 'знание': 0.589}",True
Час Быка,Унижение,не определено,,мифологизация,"{'мифология': 0.574, 'сила': 0.522}",True
Час Быка,Галактики,не определено,,,{},False
Час Быка,Месяцами,не определено,,мифологизация,"{'мифология': 0.641, 'экология': 0.551}",True
Час Быка,Звездоплавания,не определено,,,"{'мифология': 0.535, 'сила': 0.423}",False
Час Быка,Слева Соль,не определено,,,{},False
Час Быка,Взгляд,не определено,,мифологизация,"{'мифология': 0.659, 'знание': 0.609}",True
Час Быка,Чагасом,не определено,,мифологизация,"{'мифология': 0.589, 'знание': 0.418}",True
Час Быка,Симметрия,не определено,,,{'мифология': 0.428},False
Час Быка,Ложь,не определено,,,"{'мифология': 0.488, 'знание': 0.461}",False
Час Быка,Вир Нори,не определено,,мифологизация,"{'мифология': 0.671, 'знание': 0.518}",True
Час Быка,Оллой Дез,не определено,,мифологизация,"{'мифология': 0.679, 'знание': 0.55}",True
Час Быка,Формулировка,не определено,,мифологизация,"{'мифология': 0.62, 'знание': 0.586}",True
Час Быка,Чеди,не определено,,,"{'мифология': 0.546, 'знание': 0.422}",False
Час Быка,Финнегана,не определено,,,{'мифология': 0.438},False
Час Быка,Циферблаты,не определено,,мифологизация,"{'мифология': 0.627, 'экология': 0.561}",True
Час Быка,Облака,не определено,,,{},False
Час Быка,Молодежь,не определено,,,{},False
Час Быка,Лик,не определено,,мифологизация,"{'мифология': 0.716, 'знание': 0.584}",True
Час Быка,Богданову,не определено,,,"{'мифология': 0.54, 'сила': 0.434}",False
Час Быка,Люди,не определено,,мифологизация,"{'мифология': 0.631, 'знание': 0.567}",True
Час Быка,Историки,не определено,,,"{'мифология': 0.494, 'знание': 0.468}",False
Час Быка,Саина,не определено,,мифологизация,"{'мифология': 0.718, 'знание': 0.578}",True
Час Быка,Отсутствие,не определено,,,"{'мифология': 0.52, 'экология': 0.444}",False
Час Быка,Тор Лик,не определено,,мифологизация,"{'мифология': 0.66, 'сила': 0.517}",True
Час Быка,"Хенако

Социолог",не определено,,,"{'знание': 0.529, 'мифология': 0.516}",False
Час Быка,Соль Саин,не определено,,,{'мифология': 0.475},False
Час Быка,Девушка,не определено,,,"{'мифология': 0.454, 'знание': 0.402}",False
Час Быка,Сердца,не определено,,,{},False
Час Быка,Мудрости,не определено,,,"{'знание': 0.625, 'мифология': 0.501}",False
Час Быка,Сообщение,не определено,,мифологизация,"{'мифология': 0.576, 'знание': 0.554}",True
Час Быка,Эры Разобщенного,не определено,,мифологизация,"{'мифология': 0.659, 'знание': 0.588}",True
Час Быка,Готовя,не определено,,мифологизация,"{'мифология': 0.556, 'знание': 0.504}",True
Час Быка,Тишина,не определено,,,{},False
Час Быка,Дейра,не определено,,мифологизация,"{'мифология': 0.715, 'знание': 0.584}",True
Час Быка,Аматом,не определено,,мифологизация,"{'мифология': 0.686, 'знание': 0.55}",True
Час Быка,Продолжение,не определено,,,"{'мифология': 0.541, 'знание': 0.502}",False
Час Быка,Толпа,не определено,,мифологизация,"{'мифология': 0.687, 'сила': 0.597}",True
Час Быка,Эрф,не определено,,мифологизация,"{'мифология': 0.736, 'знание': 0.605}",True
Час Быка,Солнц,не определено,,мифологизация,"{'мифология': 0.679, 'экология': 0.554}",True
Час Быка,Ефремовой,не определено,,,{'мифология': 0.442},False
Час Быка,Зетрино,не определено,,,{'мифология': 0.477},False
Час Быка,Совете,не определено,,,"{'знание': 0.56, 'мифология': 0.494}",False
Час Быка,Триста,не определено,,мифологизация,"{'мифология': 0.628, 'знание': 0.54}",True
Час Быка,Теория,не определено,,мифологизация,"{'знание': 0.634, 'мифология': 0.594}",True
Час Быка,Альтаира,не определено,,мифологизация,"{'мифология': 0.692, 'экология': 0.542}",True
Час Быка,Правители,не определено,,,"{'сила': 0.572, 'тирания': 0.523}",False
Час Быка,Радость,не определено,,,"{'мифология': 0.495, 'сила': 0.461}",False
Час Быка,Большинство,не определено,,,"{'мифология': 0.429, 'сила': 0.413}",False
Час Быка,Народ,не определено,,мифологизация,"{'мифология': 0.645, 'знание': 0.557}",True
Час Быка,Гзер Бу,не определено,,мифологизация,"{'мифология': 0.717, 'сила': 0.592}",True
Час Быка,Гэн,не определено,,мифологизация,"{'мифология': 0.701, 'знание': 0.565}",True
Час Быка,Тысячи Эйнштейнов,не определено,,,{},False
Час Быка,Техник,не определено,,мифологизация,"{'знание': 0.642, 'сила': 0.62}",True
Час Быка,Изображение Зет,не определено,,,"{'мифология': 0.544, 'экология': 0.443}",False
Час Быка,Гриб,не определено,,мифологизация,"{'мифология': 0.712, 'знание': 0.583}",True
Час Быка,Луф,не определено,,мифологизация,"{'мифология': 0.773, 'знание': 0.638}",True
Час Быка,Стражей,не определено,,мифологизация,"{'мифология': 0.668, 'сила': 0.663}",True
Час Быка,Обогащение,не определено,,мифологизация,"{'мифология': 0.683, 'знание': 0.663}",True
Час Быка,Америки,не определено,,,"{'сила': 0.459, 'мифология': 0.449}",False
Час Быка,Побледнев,не определено,,,{'мифология': 0.462},False
Час Быка,Чеди Даан,не определено,,мифологизация,"{'мифология': 0.577, 'знание': 0.428}",True
Час Быка,Великим Кольцом,не определено,,,"{'мифология': 0.521, 'знание': 0.439}",False
Час Быка,Ген Ши,не определено,,мифологизация,"{'мифология': 0.687, 'знание': 0.553}",True
Час Быка,Предсказания,не определено,,,"{'мифология': 0.442, 'сила': 0.417}",False
Час Быка,Змеи,не определено,,,{},False
Час Быка,Астрофизик,не определено,,,{'мифология': 0.418},False
Час Быка,Маркс,не определено,,,"{'мифология': 0.437, 'сила': 0.429}",False
Час Быка,Впечатление,не определено,,мифологизация,"{'сила': 0.582, 'знание': 0.572}",True
Час Быка,Сознание,не определено,,,"{'знание': 0.663, 'мифология': 0.544}",False
Час Быка,Жизни,не определено,,мифологизация,"{'мифология': 0.781, 'знание': 0.671}",True
Час Быка,Истории,не определено,,мифологизация,"{'мифология': 0.591, 'знание': 0.55}",True
Час Быка,Юноша,не определено,,мифологизация,"{'мифология': 0.682, 'знание': 0.53}",True
Час Быка,Див,не определено,,мифологизация,"{'мифология': 0.682, 'знание': 0.594}",True
Час Быка,Земля,не определено,,мифологизация,"{'мифология': 0.682, 'экология': 0.665}",True
Час Быка,Эрф Ром,не определено,,мифологизация,"{'мифология': 0.643, 'знание': 0.514}",True
Час Быка,Дракона,не определено,,,"{'мифология': 0.535, 'экология': 0.413}",False
Час Быка,Показатель,не определено,,мифологизация,"{'мифология': 0.629, 'знание': 0.58}",True
Час Быка,Эйнштейнов,не определено,,,{},False
Час Быка,Час Быка,не определено,,,{'мифология': 0.435},False
Час Быка,Эре,не определено,,мифологизация,"{'мифология': 0.739, 'знание': 0.632}",True
Час Быка,Эвизы,не определено,,мифологизация,"{'мифология': 0.695, 'знание': 0.548}",True
Час Быка,Когда Родис,не определено,,,"{'мифология': 0.515, 'экология': 0.42}",False
Час Быка,Чагаса Эр,не определено,,мифологизация,"{'мифология': 0.604, 'знание': 0.441}",True
Час Быка,Нея,не определено,,мифологизация,"{'мифология': 0.737, 'знание': 0.588}",True
Час Быка,Экипаж,не определено,,,"{'сила': 0.484, 'мифология': 0.477}",False
Час Быка,Пяти Красных,не определено,,,{'мифология': 0.437},False
Час Быка,Век Мудрого,не определено,,мифологизация,"{'знание': 0.63, 'мифология': 0.57}",True
Час Быка,Вычисления,не определено,,,"{'знание': 0.525, 'сила': 0.524}",False
Час Быка,Линдсея,не определено,,мифологизация,"{'мифология': 0.68, 'знание': 0.535}",True
Час Быка,Бозу,не определено,,мифологизация,"{'мифология': 0.668, 'знание': 0.537}",True
Час Быка,Тор Лик,не определено,,мифологизация,"{'мифология': 0.66, 'сила': 0.517}",True
Час Быка,Средоточие,не определено,,мифологизация,"{'мифология': 0.697, 'знание': 0.683}",True
Час Быка,Долой,не определено,,мифологизация,"{'мифология': 0.713, 'знание': 0.595}",True
Час Быка,Ошибка,не определено,,,"{'мифология': 0.492, 'знание': 0.448}",False
Час Быка,Гентло Ши,не определено,,мифологизация,"{'мифология': 0.651, 'сила': 0.496}",True
Час Быка,Площадка,не определено,,мифологизация,"{'мифология': 0.571, 'знание': 0.469}",True
Час Быка,Мента,не определено,,мифологизация,"{'мифология': 0.574, 'сила': 0.462}",True
Час Быка,Уступ,не определено,,мифологизация,"{'мифология': 0.663, 'сила': 0.611}",True
Час Быка,Члены,не определено,,,"{'мифология': 0.524, 'сила': 0.519}",False
Час Быка,Сама Фай,не определено,,мифологизация,"{'мифология': 0.662, 'знание': 0.524}",True
Час Быка,Экранах,не определено,,мифологизация,"{'мифология': 0.749, 'сила': 0.596}",True
Час Быка,Затаив,не определено,,мифологизация,"{'мифология': 0.689, 'сила': 0.57}",True
Час Быка,Родис,не определено,,мифологизация,"{'мифология': 0.558, 'сила': 0.473}",True
Час Быка,Чувство,не определено,,,"{'мифология': 0.53, 'знание': 0.514}",False
Час Быка,Ленты,не определено,,мифологизация,"{'мифология': 0.722, 'знание': 0.591}",True
Час Быка,Темного Пламени,не определено,,,{'мифология': 0.46},False
Час Быка,Шаг,не определено,,мифологизация,"{'мифология': 0.745, 'знание': 0.626}",True
Час Быка,Исчезновение,не определено,,мифологизация,"{'мифология': 0.563, 'экология': 0.522}",True
Час Быка,Пуна,не определено,,мифологизация,"{'мифология': 0.739, 'знание': 0.579}",True
Час Быка,Артура Линдсея,не определено,,мифологизация,"{'мифология': 0.614, 'знание': 0.491}",True
Час Быка,Зеленого Солнца,не определено,,,{},False
Час Быка,Гэн Аталом,не определено,,мифологизация,"{'мифология': 0.645, 'сила': 0.486}",True
Час Быка,Камера,не определено,,,{},False
Час Быка,Предкавказья,не определено,,мифологизация,"{'мифология': 0.692, 'экология': 0.577}",True
Час Быка,Командир,не определено,,,"{'сила': 0.537, 'мифология': 0.528}",False
Час Быка,Приспособление,не определено,,мифологизация,"{'сила': 0.574, 'знание': 0.568}",True
Час Быка,Земным,не определено,,мифологизация,"{'мифология': 0.676, 'экология': 0.668}",True
Час Быка,Южной Азии,не определено,,,{},False
Час Быка,Средоточия,не определено,,мифологизация,"{'мифология': 0.603, 'знание': 0.47}",True
Час Быка,Передачу,не определено,,,"{'мифология': 0.53, 'знание': 0.466}",False
Час Быка,Иннокентия,не определено,,мифологизация,"{'мифология': 0.718, 'экология': 0.599}",True
Час Быка,"Танет

Биолог",не определено,,,"{'экология': 0.498, 'знание': 0.436}",False
Час Быка,Чойо Чагасом,не определено,,мифологизация,"{'мифология': 0.572, 'сила': 0.425}",True
Час Быка,Ноги,не определено,,,{'мифология': 0.404},False
Час Быка,Равнодушной Богини,не определено,,мифологизация,"{'мифология': 0.6, 'знание': 0.454}",True
Час Быка,Туманность Андромеды,не определено,,,{},False
Час Быка,Всеобщность,не определено,,мифологизация,"{'мифология': 0.73, 'знание': 0.695}",True
Час Быка,Спутники,не определено,,,{},False
Час Быка,Безлюдье,не определено,,мифологизация,"{'мифология': 0.606, 'экология': 0.522}",True
Час Быка,Скорость,не определено,,,{'сила': 0.468},False
Час Быка,Эвизы Танет,не определено,,мифологизация,"{'мифология': 0.655, 'знание': 0.522}",True
Час Быка,Женщины,не определено,,,{},False
Час Быка,Академия Горя,не определено,,,"{'мифология': 0.468, 'знание': 0.439}",False
Час Быка,Храм Нежной,не определено,,,{'мифология': 0.526},False
Час Быка,Обитель Совета,не определено,,,"{'сила': 0.447, 'мифология': 0.413}",False
Час Быка,Торманс,не определено,,мифологизация,"{'мифология': 0.722, 'знание': 0.598}",True
Час Быка,Иветты,не определено,,мифологизация,"{'мифология': 0.759, 'знание': 0.613}",True
Час Быка,Дальве,не определено,,мифологизация,"{'мифология': 0.695, 'знание': 0.533}",True
Час Быка,Только Родис,не определено,,,{'мифология': 0.462},False
Час Быка,Вернадский,не определено,,мифологизация,"{'мифология': 0.619, 'знание': 0.501}",True
Час Быка,"Цоам


Нея",не определено,,мифологизация,"{'мифология': 0.646, 'знание': 0.483}",True
Час Быка,Ветер,не определено,,,{},False
Час Быка,Зет Уга,не определено,,мифологизация,"{'мифология': 0.665, 'знание': 0.51}",True
Час Быка,Рыцарей,не определено,,мифологизация,"{'мифология': 0.699, 'экология': 0.601}",True
Час Быка,Гао,не определено,,мифологизация,"{'мифология': 0.644, 'знание': 0.55}",True
Час Быка,Холли,не определено,,мифологизация,"{'мифология': 0.686, 'знание': 0.577}",True
Час Быка,Шорты,не определено,,мифологизация,"{'мифология': 0.743, 'знание': 0.596}",True
Час Быка,Металл,не определено,,,{},False
Час Быка,Тамас,не определено,,мифологизация,"{'мифология': 0.665, 'знание': 0.51}",True
Час Быка,Тысячелетия,не определено,,,"{'мифология': 0.54, 'экология': 0.511}",False
Час Быка,Тамаса,не определено,,,{'мифология': 0.471},False
Час Быка,Мир Торманса,не определено,,мифологизация,"{'мифология': 0.627, 'сила': 0.517}",True
Час Быка,Предчувствие,не определено,,мифологизация,"{'мифология': 0.736, 'знание': 0.694}",True
Час Быка,Астронавигатор,не определено,,,{},False
Час Быка,Цефея,не определено,,мифологизация,"{'мифология': 0.695, 'знание': 0.542}",True
Час Быка,Эры,не определено,,мифологизация,"{'мифология': 0.778, 'знание': 0.655}",True
Час Быка,Лица,не определено,,,"{'мифология': 0.511, 'знание': 0.431}",False
Сердце Змеи,Короне,не определено,,мифологизация,"{'мифология': 0.685, 'сила': 0.566}",True
Сердце Змеи,Семьсот,не определено,,,"{'мифология': 0.521, 'знание': 0.453}",False
Сердце Змеи,Командиру,не определено,,,"{'сила': 0.545, 'мифология': 0.537}",False
Сердце Змеи,Противоречия,не определено,,мифологизация,"{'мифология': 0.573, 'знание': 0.54}",True
Сердце Змеи,Анг,не определено,,мифологизация,"{'мифология': 0.698, 'знание': 0.578}",True
Сердце Змеи,Мут Анг,не определено,,мифологизация,"{'мифология': 0.687, 'знание': 0.543}",True
Сердце Змеи,Юпитера,не определено,,,{},False
Сердце Змеи,Тау,не определено,,мифологизация,"{'мифология': 0.714, 'знание': 0.584}",True
Сердце Змеи,Кари Рам,не определено,,,"{'мифология': 0.527, 'знание': 0.411}",False
Сердце Змеи,Свет Сима,не определено,,мифологизация,"{'мифология': 0.569, 'экология': 0.475}",True
Сердце Змеи,Венеры,не определено,,,{'мифология': 0.434},False
Сердце Змеи,Млечный Путь,не определено,,мифологизация,"{'мифология': 0.556, 'экология': 0.503}",True
Сердце Змеи,Галактики,не определено,,,{},False
Сердце Змеи,Арктики,не определено,,,{'экология': 0.402},False
Сердце Змеи,Мимо Змеи,не определено,,,"{'мифология': 0.473, 'экология': 0.436}",False
Сердце Змеи,Тайна,не определено,,мифологизация,"{'мифология': 0.595, 'знание': 0.567}",True
Сердце Змеи,Кари Рам,не определено,,,"{'мифология': 0.527, 'знание': 0.411}",False
Сердце Змеи,Вихри,не определено,,мифологизация,"{'мифология': 0.764, 'знание': 0.609}",True
Сердце Змеи,Удар,не определено,,мифологизация,"{'мифология': 0.766, 'знание': 0.606}",True
Сердце Змеи,Это Кор,не определено,,,"{'мифология': 0.538, 'сила': 0.494}",False
Сердце Змеи,Люди,не определено,,мифологизация,"{'мифология': 0.631, 'знание': 0.567}",True
Сердце Змеи,Ученые,не определено,,,"{'знание': 0.542, 'экология': 0.511}",False
Сердце Змеи,Жизнь,не определено,,мифологизация,"{'экология': 0.578, 'мифология': 0.577}",True
Сердце Змеи,Девушка,не определено,,,"{'мифология': 0.454, 'знание': 0.402}",False
Сердце Змеи,Путь,не определено,,мифологизация,"{'мифология': 0.696, 'сила': 0.595}",True
Сердце Змеи,Мирами,не определено,,мифологизация,"{'мифология': 0.721, 'экология': 0.631}",True
Сердце Змеи,Рука,не определено,,,"{'мифология': 0.5, 'сила': 0.484}",False
Сердце Змеи,Теллура,не определено,,мифологизация,"{'мифология': 0.71, 'знание': 0.566}",True
Сердце Змеи,Сердце,не определено,,,{},False
Сердце Змеи,Иван,не определено,,,{'мифология': 0.518},False
Сердце Змеи,Альфу,не определено,,мифологизация,"{'мифология': 0.727, 'знание': 0.583}",True
Сердце Змеи,Арктур,не определено,,мифологизация,"{'мифология': 0.631, 'экология': 0.516}",True
Сердце Змеи,Капеллы,не определено,,мифологизация,"{'мифология': 0.69, 'экология': 0.553}",True
Сердце Змеи,Энтропии,не определено,,,"{'экология': 0.471, 'мифология': 0.455}",False
Сердце Змеи,Больной,не определено,,,{'мифология': 0.419},False
Сердце Змеи,Тэй,не определено,,мифологизация,"{'мифология': 0.721, 'знание': 0.594}",True
Сердце Змеи,Мут Анга,не определено,,мифологизация,"{'мифология': 0.572, 'знание': 0.437}",True
Сердце Змеи,Афра,не определено,,мифологизация,"{'мифология': 0.648, 'знание': 0.516}",True
Сердце Змеи,Дан,не определено,,,{'мифология': 0.49},False
Сердце Змеи,Солнца,не определено,,,{},False
Сердце Змеи,Деньги,не определено,,,{'сила': 0.4},False
Сердце Змеи,Меркурия,не определено,,,{},False
Сердце Змеи,Марса,не определено,,,{},False
Сердце Змеи,Законы,не определено,,,"{'сила': 0.49, 'тирания': 0.471}",False
Сердце Змеи,Рам,не определено,,,{},False
Сердце Змеи,Миллионы,не определено,,,{},False
Сердце Змеи,Галактике,не определено,,,{},False
Сердце Змеи,Солнце,не определено,,,{},False
Сердце Змеи,Но Мут,не определено,,мифологизация,"{'мифология': 0.627, 'знание': 0.51}",True
Сердце Змеи,Эридана,не определено,,мифологизация,"{'мифология': 0.625, 'знание': 0.48}",True
Сердце Змеи,Звездолетчики,не определено,,мифологизация,"{'мифология': 0.581, 'экология': 0.454}",True
Сердце Змеи,Проксиму,не определено,,мифологизация,"{'мифология': 0.734, 'сила': 0.635}",True
Сердце Змеи,Тэй Эрон,не определено,,мифологизация,"{'мифология': 0.7, 'знание': 0.55}",True
Сердце Змеи,Теллур,не определено,,мифологизация,"{'мифология': 0.718, 'знание': 0.598}",True
Сердце Змеи,Антарктики,не определено,,,{},False
Сердце Змеи,Арктуре,не определено,,,"{'мифология': 0.445, 'экология': 0.427}",False
Сердце Змеи,Раздвиньте,не определено,,мифологизация,"{'мифология': 0.664, 'сила': 0.589}",True
Сердце Змеи,Свет,не определено,,мифологизация,"{'мифология': 0.754, 'экология': 0.668}",True
Сердце Змеи,Арктура,не определено,,,"{'мифология': 0.548, 'экология': 0.5}",False
Сердце Змеи,Visa,не определено,,,{},False
Сердце Змеи,Земли,не определено,,мифологизация,"{'мифология': 0.663, 'экология': 0.653}",True
Сердце Змеи,Анга,не определено,,,{'мифология': 0.456},False
Сердце Змеи,Тау Кита,не определено,,,{'мифология': 0.496},False
Сердце Змеи,Тэй Эрон,не определено,,мифологизация,"{'мифология': 0.7, 'знание': 0.55}",True
Сердце Змеи,Барнарда,не определено,,мифологизация,"{'мифология': 0.609, 'знание': 0.499}",True
Сердце Змеи,Мут Анг,не определено,,мифологизация,"{'мифология': 0.687, 'знание': 0.543}",True
Сердце Змеи,Расчеты,не определено,,мифологизация,"{'мифология': 0.729, 'знание': 0.662}",True
Сердце Змеи,Змеи,не определено,,,{},False
Сердце Змеи,Помощник,не определено,,мифологизация,"{'мифология': 0.564, 'знание': 0.558}",True
Сердце Змеи,Зет-685,не определено,,,{'мифология': 0.414},False
Сердце Змеи,Астролетчики,не определено,,,{'мифология': 0.435},False
Сердце Змеи,Maestro,не определено,,,"{'мифология': 0.508, 'знание': 0.466}",False
Сердце Змеи,Земля,не определено,,мифологизация,"{'мифология': 0.682, 'экология': 0.665}",True
Сердце Змеи,Хай,не определено,,мифологизация,"{'мифология': 0.67, 'знание': 0.573}",True
Сердце Змеи,Унук,не определено,,,{'мифология': 0.461},False
Сердце Змеи,Глаза,не определено,,,{'мифология': 0.442},False
Сердце Змеи,Луны,не определено,,,{},False
Сердце Змеи,Фомальгаут,не определено,,мифологизация,"{'мифология': 0.691, 'знание': 0.542}",True
Сердце Змеи,Кор,не определено,,мифологизация,"{'мифология': 0.655, 'сила': 0.602}",True
Сердце Змеи,Деви,не определено,,мифологизация,"{'мифология': 0.704, 'знание': 0.579}",True
Сердце Змеи,Капеллу,не определено,,мифологизация,"{'мифология': 0.718, 'экология': 0.557}",True
Сердце Змеи,Земле,не определено,,мифологизация,"{'мифология': 0.741, 'экология': 0.685}",True
Сердце Змеи,Афре,не определено,,мифологизация,"{'мифология': 0.722, 'знание': 0.59}",True
Сердце Змеи,Движение,не определено,,мифологизация,"{'сила': 0.579, 'мифология': 0.558}",True
Сердце Змеи,Экипаж,не определено,,,"{'сила': 0.484, 'мифология': 0.477}",False
Сердце Змеи,Гной,не определено,,мифологизация,"{'мифология': 0.764, 'знание': 0.633}",True
Сердце Змеи,Проксиму Центавра,не определено,,мифологизация,"{'мифология': 0.613, 'сила': 0.547}",True
Сердце Змеи,Кари,не определено,,мифологизация,"{'мифология': 0.676, 'знание': 0.521}",True
Сердце Змеи,Серпентис,не определено,,мифологизация,"{'мифология': 0.696, 'знание': 0.572}",True
Сердце Змеи,Пробуждение,не определено,,мифологизация,"{'мифология': 0.713, 'сила': 0.651}",True
Сердце Змеи,Ефремов,не определено,,,{'мифология': 0.472},False
Сердце Змеи,Слова,не определено,,мифологизация,"{'мифология': 0.618, 'знание': 0.591}",True
Сердце Змеи,Тина,не определено,,мифологизация,"{'мифология': 0.622, 'знание': 0.499}",True
Сердце Змеи,Эрон,не определено,,мифологизация,"{'мифология': 0.732, 'знание': 0.598}",True
Сердце Змеи,Тайна Дан,не определено,,,"{'мифология': 0.531, 'знание': 0.444}",False
Сердце Змеи,Автоматы,не определено,,,"{'сила': 0.498, 'знание': 0.402}",False
Сердце Змеи,Геркулеса,не определено,,,"{'мифология': 0.549, 'экология': 0.473}",False
Сердце Змеи,Пойдемте,не определено,,мифологизация,"{'мифология': 0.568, 'сила': 0.494}",True
Сердце Змеи,Иван Ефремов,не определено,,,{'мифология': 0.422},False
Сердце Змеи,Развитие,не определено,,,"{'знание': 0.527, 'мифология': 0.489}",False
Сердце Змеи,Звездолет,не определено,,мифологизация,"{'мифология': 0.583, 'экология': 0.433}",True
Сердце Змеи,Диск,не определено,,мифологизация,"{'мифология': 0.738, 'знание': 0.618}",True
Сердце Змеи,Яс Тина,не определено,,мифологизация,"{'мифология': 0.694, 'знание': 0.535}",True
Сердце Змеи,Стрелки,не определено,,мифологизация,"{'мифология': 0.68, 'сила': 0.587}",True
Сердце Змеи,Мафусаилы,не определено,,,{'мифология': 0.544},False
Сердце Змеи,Командир,не определено,,,"{'сила': 0.537, 'мифология': 0.528}",False
Сердце Змеи,Сим,не определено,,мифологизация,"{'мифология': 0.736, 'знание': 0.641}",True
Сердце Змеи,Усилители,не определено,,мифологизация,"{'мифология': 0.69, 'сила': 0.69}",True
Сердце Змеи,Теллуре,не определено,,мифологизация,"{'мифология': 0.733, 'знание': 0.602}",True
Сердце Змеи,Свет Сим,не определено,,мифологизация,"{'мифология': 0.738, 'знание': 0.622}",True
Сердце Змеи,Товарищи,не определено,,мифологизация,"{'мифология': 0.737, 'знание': 0.648}",True
Сердце Змеи,Землю,не определено,,мифологизация,"{'экология': 0.651, 'мифология': 0.641}",True
Сердце Змеи,Сима,не определено,,мифологизация,"{'мифология': 0.633, 'знание': 0.509}",True
Сердце Змеи,Врач,не определено,,,{},False
Сердце Змеи,Северной Короне,не определено,,,{'мифология': 0.464},False
Сердце Змеи,Указатели,не определено,,мифологизация,"{'мифология': 0.624, 'знание': 0.593}",True
Сердце Змеи,Мут,не определено,,мифологизация,"{'мифология': 0.711, 'знание': 0.583}",True
Сердце Змеи,Гемма,не определено,,мифологизация,"{'мифология': 0.732, 'знание': 0.582}",True
Сердце Змеи,Но Тайна,не определено,,мифологизация,"{'мифология': 0.595, 'знание': 0.543}",True
Сердце Змеи,Афра Деви,не определено,,мифологизация,"{'мифология': 0.685, 'знание': 0.525}",True
Сердце Змеи,Центавра,не определено,,мифологизация,"{'мифология': 0.711, 'знание': 0.571}",True
Сердце Змеи,Механик,не определено,,мифологизация,"{'мифология': 0.756, 'знание': 0.62}",True
Сердце Змеи,Операция,не определено,,,"{'мифология': 0.532, 'знание': 0.506}",False
Сердце Змеи,Текст,не определено,,мифологизация,"{'мифология': 0.688, 'знание': 0.598}",True
Сердце Змеи,Альфекка,не определено,,мифологизация,"{'мифология': 0.61, 'сила': 0.462}",True
Сердце Змеи,Миг,не определено,,мифологизация,"{'мифология': 0.659, 'сила': 0.544}",True
Сердце Змеи,Эпсилон,не определено,,мифологизация,"{'мифология': 0.585, 'знание': 0.462}",True
Сердце Змеи,Огненное Кор,не определено,,,"{'мифология': 0.522, 'сила': 0.467}",False
Сердце Змеи,Эту Эридана,не определено,,мифологизация,"{'мифология': 0.629, 'знание': 0.446}",True
Сердце Змеи,Сердце Змеи,не определено,,,{},False
Сердце Змеи,Афре Деви,не определено,,мифологизация,"{'мифология': 0.651, 'знание': 0.507}",True
Сердце Змеи,Вселенной,не определено,,,"{'экология': 0.53, 'мифология': 0.495}",False
Сердце Змеи,Человечество,не определено,,,"{'мифология': 0.533, 'экология': 0.53}",False
Сердце Змеи,Кита,не определено,,,{},False
Сердце Змеи,Пора,не определено,,мифологизация,"{'мифология': 0.558, 'знание': 0.503}",True
Сердце Змеи,Тайны,не определено,,,"{'знание': 0.555, 'мифология': 0.548}",False
Сердце Змеи,Атмосфера,не определено,,,"{'экология': 0.443, 'мифология': 0.402}",False
Сердце Змеи,Конец,не определено,,,{'мифология': 0.466},False
Сердце Змеи,Млечного Пути,не определено,,мифологизация,"{'мифология': 0.603, 'экология': 0.562}",True
Сердце Змеи,Пути,не определено,,,"{'мифология': 0.469, 'экология': 0.439}",False
Сердце Змеи,Эпсилон Змеи,не определено,,,"{'мифология': 0.447, 'экология': 0.421}",False
Сердце Змеи,Астронавигатор,не определено,,,{},False
Сердце Змеи,Сириус,не определено,,мифологизация,"{'мифология': 0.702, 'знание': 0.557}",True
Сердце Змеи,Тень,не определено,,мифологизация,"{'мифология': 0.76, 'знание': 0.636}",True
Сердце Змеи,Яндекс,не определено,,,{},False
Сердце Змеи,Обогащение,не определено,,мифологизация,"{'мифология': 0.683, 'знание': 0.663}",True
Сердце Змеи,Литрес,не определено,,мифологизация,"{'мифология': 0.733, 'знание': 0.607}",True
Сердце Змеи,Библиотека,не определено,,,{},False
